sa2_code,sa2_name,state_name,remoteness,remoteness_score,analysis_year,sa4_name,gccsa_name,coping_capacity,adaptive_capacity,andri,social_character,economic_capital,planning_build_environment,emergency_services,information_access,govt_leadership,community_social_engagement,community_capital,andri_quartile,coping_capacity_quartile,adaptive_capacity_quartile,lga_names
206071139,Abbotsford,VIC,Metropolitan,1,2024,Melbourne - Inner,Greater Melbourne,0.6795,0.7457,0.7975,0.5656,0.6126,0.1680,0.6186,0.9765,0.8336,0.5179,0.7229,H75,HC,HA,Yarra
403041071,Aberfoyle Park,SA,Metropolitan,1,2024,Adelaide - South,Greater Adelaide,0.8044,0.5744,0.7472,0.6569,0.7976,0.6799,0.5104,0.6754,0.5599,0.6108,0.6938,H75,HC,MA,Onkaparinga
116021562,Acacia Gardens,NSW,Metropolitan,1,2024,Sydney - Blacktown,Greater Sydney,0.5427,0.4587,0.5219,0.5703,0.7181,0.2618,0.4977,0.7082,0.4553,0.5302,0.3953,M50,MC,LA,Blacktown
604011075,Acton - Upper Burnie,TAS,Outer regional,3,2024,West and North West,Rest of Tas.,0.3801,0.3821,0.3939,0.3434,0.4738,0.1887,0.6595,0.3928,0.5482,0.2316,0.6474,L25,LC,LA,Burnie
801111140,ACT - South West,ACT,Metropolitan,1,2024,Australian Capital Territory,Australian Capital Territory,0.2916,0.6376,0.5409,1.0000,0.5149,0.2247,0.0000,0.1296,0.6227,0.6425,0.6843,M50,LC,MA,Unincorporated ACT
111031222,Adamstown - Kotara,NSW,Metropolitan,1,2024,Newcastle and Lake Macquarie,Rest of NSW,0.7898,0.7440,0.8596,0.6348,0.7665,0.5070,0.6278,0.7082,0.7009,0.7330,0.6652,H75,HC,HA,Newcastle; Lake Macquarie
401011001,Adelaide,SA,Metropolitan,1,2024,Adelaide - Central and Hills,Greater Adelaide,0.4990,0.8970,0.8141,0.3158,0.5934,0.3686,0.6221,0.8041,0.9778,0.5681,0.2971,H75,MC,HA,Adelaide
401021003,Adelaide Hills,SA,Metropolitan,1,2024,Adelaide - Central and Hills,Greater Adelaide,1.0000,0.7485,1.0000,0.9171,0.9364,0.5236,0.5789,0.7654,0.7217,0.7088,0.8806,H75,HC,HA,Adelaide Hills
308051530,Agnes Water - Miriam Vale,QLD,Inner regional,2,2024,Fitzroy,Rest of Qld,0.4329,0.4925,0.4953,0.6317,0.5920,0.6225,0.4083,0.1273,0.5522,0.4564,0.4311,L25,LC,MA,Gladstone
801051050,Ainslie,ACT,Metropolitan,1,2024,Australian Capital Territory,Australian Capital Territory,0.4309,0.8223,0.7299,0.5204,0.5549,0.1380,0.2650,0.5987,0.8511,0.6423,0.8443,H75,LC,HA,Unincorporated ACT
312031359,Airlie - Whitsundays,QLD,Remote,4,2024,Mackay,Rest of Qld,0.4092,0.4329,0.4425,0.5811,0.5142,0.6543,0.4342,0.1193,0.5034,0.4073,0.4243,L25,LC,LA,Whitsunday
210011226,Airport West,VIC,Metropolitan,1,2024,Melbourne - North West,Greater Melbourne,0.6340,0.5504,0.6335,0.5399,0.8361,0.2079,0.4497,0.7582,0.6602,0.4066,0.6462,M50,MC,MA,Moonee Valley
318021467,Aitkenvale,QLD,Outer regional,3,2024,Townsville,Rest of Qld,0.5197,0.5168,0.5523,0.3850,0.7532,0.4762,0.4717,0.5966,0.6238,0.3953,0.3569,M50,MC,MA,Townsville
701021010,Alawa,NT,Outer regional,3,2024,Darwin,Greater Darwin,0.3713,0.2881,0.3231,0.3887,0.5996,0.0959,0.5346,0.5772,0.3009,0.3958,0.4327,L25,LC,LA,Darwin
509011225,Albany,WA,Outer regional,3,2024,Western Australia - Wheat Belt,Rest of WA,0.4420,0.5018,0.5059,0.4362,0.7229,0.1961,0.2727,0.6042,0.4757,0.5881,0.6129,L25,LC,MA,Albany
314011382,Albany Creek,QLD,Metropolitan,1,2024,Moreton Bay - South,Greater Brisbane,0.6978,0.5456,0.6647,0.7227,0.8243,0.5413,0.3539,0.6039,0.4045,0.7747,0.7018,M50,HC,MA,Moreton Bay
509011226,Albany Surrounds,WA,Outer regional,3,2024,Western Australia - Wheat Belt,Rest of WA,0.3907,0.6199,0.5681,0.9669,0.5545,0.3624,0.2660,0.1328,0.6032,0.6369,0.4656,M50,LC,MA,Albany
206051128,Albert Park,VIC,Metropolitan,1,2024,Melbourne - Inner,Greater Melbourne,0.6601,0.8326,0.8490,0.5369,0.7170,0.1645,0.5683,0.8856,0.8455,0.6725,0.7091,H75,MC,HA,Port Phillip
305031119,Albion,QLD,Metropolitan,1,2024,Brisbane Inner City,Greater Brisbane,0.5657,0.6844,0.6944,0.5067,0.6183,0.3505,0.4668,0.6180,0.7635,0.5121,0.6304,M50,MC,HA,Brisbane
107031136,Albion Park - Macquarie Pass,NSW,Metropolitan,1,2024,Illawarra,Rest of NSW,0.6102,0.6628,0.7014,0.6769,0.6193,0.5727,0.5826,0.6423,0.6629,0.6308,0.3763,M50,MC,HA,Shellharbour
107031137,Albion Park Rail,NSW,Metropolitan,1,2024,Illawarra,Rest of NSW,0.6276,0.5771,0.6493,0.4211,0.7461,0.5771,0.5844,0.6423,0.6121,0.5372,0.4532,M50,MC,MA,Shellharbour
109011172,Albury - East,NSW,Inner regional,2,2024,Murray,Rest of NSW,0.6717,0.6186,0.7025,0.6047,0.7132,0.5843,0.6121,0.5862,0.6033,0.6341,0.5396,M50,HC,MA,Albury
109011173,Albury - North,NSW,Inner regional,2,2024,Murray,Rest of NSW,0.6634,0.5765,0.6679,0.4267,0.7083,0.5904,0.6132,0.6485,0.6310,0.5067,0.5528,M50,HC,MA,Albury
109011174,Albury - South,NSW,Inner regional,2,2024,Murray,Rest of NSW,0.7459,0.6178,0.7435,0.5183,0.7652,0.6296,0.6161,0.6485,0.5953,0.6447,0.6374,H75,HC,MA,Albury
109011175,Albury Surrounds,NSW,Inner regional,2,2024,Murray,Rest of NSW,0.5709,0.6668,0.6844,0.7980,0.6030,0.6020,0.6042,0.1440,0.6748,0.6203,0.6350,M50,MC,HA,Albury; Greater Hume; Lockhart
305031120,Alderley,QLD,Metropolitan,1,2024,Brisbane Inner City,Greater Brisbane,0.6479,0.7052,0.7515,0.6462,0.7297,0.3405,0.4696,0.6180,0.7237,0.6194,0.7645,H75,MC,HA,Brisbane
401021004,Aldgate - Stirling,SA,Metropolitan,1,2024,Adelaide - Central and Hills,Greater Adelaide,0.9154,0.7810,0.9653,0.8730,0.8871,0.3929,0.5823,0.7654,0.7094,0.7927,0.9213,H75,HC,HA,Adelaide Hills; Mount Barker
403041072,Aldinga,SA,Metropolitan,1,2024,Adelaide - South,Greater Adelaide,0.6994,0.5577,0.6742,0.5137,0.7019,0.6053,0.5096,0.6754,0.6978,0.3605,0.6065,M50,HC,MA,Onkaparinga
505031098,Alexander Heights - Koondoola,WA,Metropolitan,1,2024,Perth - North West,Greater Perth,0.5287,0.3781,0.4576,0.3590,0.7119,0.4512,0.2194,0.7530,0.5090,0.2840,0.5680,L25,MC,LA,Wanneroo
204011054,Alexandra,VIC,Inner regional,2,2024,Hume,Rest of Vic.,0.4968,0.5578,0.5709,0.6877,0.6625,0.2573,0.5676,0.1637,0.5669,0.5671,0.8062,M50,MC,MA,Unincorporated Vic; Mansfield; Murrindindi
301011001,Alexandra Hills,QLD,Metropolitan,1,2024,Brisbane - East,Greater Brisbane,0.6749,0.4748,0.6016,0.6254,0.7856,0.6432,0.3667,0.5997,0.4917,0.5104,0.6334,M50,HC,MA,Redland
201011001,Alfredton,VIC,Inner regional,2,2024,Ballarat,Rest of Vic.,0.7283,0.6994,0.7917,0.5472,0.6540,0.6827,0.6028,0.7024,0.7333,0.5922,0.5958,H75,HC,HA,Ballarat
303051072,Algester,QLD,Metropolitan,1,2024,Brisbane - South,Greater Brisbane,0.4870,0.4939,0.5207,0.4070,0.6892,0.2337,0.4169,0.6180,0.5978,0.3891,0.5487,L25,MC,MA,Brisbane
505031255,Alkimos - Eglinton,WA,Metropolitan,1,2024,Perth - North West,Greater Perth,0.3720,0.4316,0.4259,0.4684,0.5375,0.1775,0.2178,0.7530,0.4959,0.4158,0.3972,L25,LC,LA,Wanneroo
702031057,Alligator,NT,Remote,4,2024,Northern Territory - Outback,Rest of NT,0.2448,0.2918,0.2765,0.5954,0.6410,0.2227,0.1719,0.0712,0.2731,0.4408,0.3577,L25,LC,LA,Belyuen; Wagait; Coomalie; Unincorporated NT; West Arnhem
206021110,Alphington - Fairfield,VIC,Metropolitan,1,2024,Melbourne - Inner,Greater Melbourne,0.6731,0.6465,0.7231,0.5665,0.7802,0.1550,0.5615,0.7670,0.6770,0.5760,0.8286,H75,HC,HA,Darebin
213021341,Altona,VIC,Metropolitan,1,2024,Melbourne - West,Greater Melbourne,0.6457,0.5785,0.6598,0.5607,0.8845,0.1613,0.4862,0.7211,0.6499,0.4811,0.7366,M50,MC,MA,Hobsons Bay
213021342,Altona Meadows,VIC,Metropolitan,1,2024,Melbourne - West,Greater Melbourne,0.6899,0.5113,0.6359,0.4528,0.7850,0.4092,0.4793,0.7211,0.6575,0.3298,0.6677,M50,HC,MA,Hobsons Bay
213021343,Altona North,VIC,Metropolitan,1,2024,Melbourne - West,Greater Melbourne,0.6347,0.5516,0.6348,0.3972,0.8450,0.3325,0.4793,0.7211,0.7446,0.2686,0.6028,M50,MC,MA,Hobsons Bay
801041034,Amaroo,ACT,Metropolitan,1,2024,Australian Capital Territory,Australian Capital Territory,0.5684,0.7296,0.7280,0.6114,0.4747,0.7360,0.2370,0.5987,0.6963,0.7116,0.7569,H75,MC,HA,Unincorporated ACT
312021342,Andergrove - Beaconsfield,QLD,Inner regional,2,2024,Mackay,Rest of Qld,0.6124,0.5106,0.5939,0.5151,0.6937,0.6908,0.4305,0.5966,0.5751,0.4586,0.4977,M50,MC,MA,Mackay
702041062,Anindilyakwa,NT,Very remote,5,2024,Northern Territory - Outback,Rest of NT,0.0908,0.2746,0.2123,0.4533,0.2060,0.2333,0.1007,0.0383,0.3187,0.3435,0.1913,L25,LC,LA,East Arnhem; Unincorporated NT
106031119,Anna Bay,NSW,Inner regional,2,2024,Hunter Valley exc Newcastle,Rest of NSW,0.7081,0.5926,0.7040,0.6467,0.7637,0.6906,0.5563,0.6031,0.5675,0.6361,0.5295,M50,HC,MA,Port Stephens
120021674,Annandale (NSW),NSW,Metropolitan,1,2024,Sydney - Inner West,Greater Sydney,0.7862,0.7882,0.8890,0.6319,0.6947,0.6273,0.4708,0.7266,0.7378,0.7618,0.8087,H75,HC,HA,Inner West; Sydney
318021468,Annandale (Qld),QLD,Outer regional,3,2024,Townsville,Rest of Qld,0.6282,0.5725,0.6463,0.6635,0.6781,0.8576,0.4709,0.5966,0.5140,0.6744,0.3773,M50,MC,MA,Townsville
303021052,Annerley,QLD,Metropolitan,1,2024,Brisbane - South,Greater Brisbane,0.5317,0.5662,0.5934,0.5013,0.5818,0.2703,0.4484,0.6180,0.6783,0.4101,0.7303,M50,MC,MA,Brisbane
701021011,Anula,NT,Outer regional,3,2024,Darwin,Greater Darwin,0.4286,0.5170,0.5109,0.4873,0.7437,0.0968,0.5328,0.5772,0.5152,0.5614,0.4420,L25,LC,MA,Darwin
507041175,Applecross - Ardross,WA,Metropolitan,1,2024,Perth - South West,Greater Perth,0.6486,0.5806,0.6629,0.6042,0.7942,0.5108,0.2753,0.7560,0.5265,0.6724,0.5310,M50,MC,MA,Melville
406021138,APY Lands,SA,Very remote,5,2024,South Australia - Outback,Rest of SA,0.0447,0.0983,0.0725,0.2408,0.0487,0.1716,0.1479,0.0359,0.1027,0.2573,0.2510,L25,LC,LA,Unincorporated SA; Anangu Pitjantjatjara Yankunytjatjara
801011001,Aranda,ACT,Metropolitan,1,2024,Australian Capital Territory,Australian Capital Territory,0.4406,0.7843,0.7071,0.6534,0.6835,0.0551,0.2699,0.5987,0.7185,0.7846,0.8071,M50,LC,HA,Unincorporated ACT
215011386,Ararat,VIC,Inner regional,2,2024,North West,Rest of Vic.,0.5115,0.5736,0.5890,0.4868,0.6448,0.1311,0.5732,0.6168,0.5998,0.5490,0.7571,M50,MC,MA,Ararat
215011387,Ararat Surrounds,VIC,Inner regional,2,2024,North West,Rest of Vic.,0.5440,0.6285,0.6438,0.9253,0.5367,0.1451,0.5648,0.6168,0.6478,0.5856,0.6605,M50,MC,MA,Ararat; Pyrenees
213011328,Ardeer - Albion,VIC,Metropolitan,1,2024,Melbourne - West,Greater Melbourne,0.3962,0.5352,0.5099,0.3139,0.7391,0.0941,0.4977,0.6556,0.7405,0.2406,0.4143,L25,LC,MA,Brimbank
206061135,Armadale,VIC,Metropolitan,1,2024,Melbourne - Inner,Greater Melbourne,0.6589,0.7713,0.8046,0.4963,0.7128,0.1610,0.6026,0.9121,0.7913,0.6411,0.6979,H75,MC,HA,Stonnington
506011110,Armadale - Wungong - Brookdale,WA,Metropolitan,1,2024,Perth - South East,Greater Perth,0.3916,0.2866,0.3305,0.3308,0.6513,0.1375,0.2881,0.7501,0.4154,0.2303,0.4657,L25,LC,LA,Armadale
110011186,Armidale,NSW,Inner regional,2,2024,New England and North West,Rest of NSW,0.5086,0.6767,0.6612,0.4469,0.6304,0.5350,0.6247,0.3022,0.6990,0.6018,0.5776,M50,MC,HA,Armidale
110011187,Armidale Surrounds - North,NSW,Inner regional,2,2024,New England and North West,Rest of NSW,0.4858,0.7195,0.6812,0.7006,0.4008,0.6915,0.6242,0.1645,0.7456,0.6125,0.5047,M50,MC,HA,Armidale; Uralla
110011188,Armidale Surrounds - South,NSW,Inner regional,2,2024,New England and North West,Rest of NSW,0.7366,0.7773,0.8521,0.6997,0.6721,0.5620,0.6084,0.6101,0.7354,0.7440,0.7464,H75,HC,HA,Uralla; Tamworth; Armidale
119041668,Arncliffe - Bardwell Valley,NSW,Metropolitan,1,2024,Sydney - Inner South West,Greater Sydney,0.5457,0.4350,0.5064,0.4104,0.6997,0.4648,0.3937,0.6846,0.5796,0.2944,0.3898,L25,MC,LA,Bayside (NSW)
316021417,Aroona - Currimundi,QLD,Metropolitan,1,2024,Sunshine Coast,Rest of Qld,0.7244,0.6176,0.7311,0.5837,0.7806,0.7305,0.4407,0.5994,0.5815,0.6650,0.7056,H75,HC,MA,Sunshine Coast
121011682,Artarmon,NSW,Metropolitan,1,2024,Sydney - North Sydney and Hornsby,Greater Sydney,0.6226,0.6573,0.7040,0.4748,0.5571,0.4456,0.4816,0.7176,0.6777,0.5967,0.6684,M50,MC,HA,Willoughby
309031235,Arundel,QLD,Metropolitan,1,2024,Gold Coast,Rest of Qld,0.6564,0.6246,0.6985,0.4512,0.7926,0.8145,0.4004,0.6066,0.6864,0.5169,0.5492,M50,MC,MA,Gold Coast
305031121,Ascot,QLD,Metropolitan,1,2024,Brisbane Inner City,Greater Brisbane,0.6040,0.8011,0.7970,0.5891,0.7533,0.3012,0.4639,0.6180,0.8422,0.6150,0.6547,H75,MC,HA,Brisbane
206031113,Ascot Vale,VIC,Metropolitan,1,2024,Melbourne - Inner,Greater Melbourne,0.6365,0.6025,0.6721,0.5337,0.7316,0.1823,0.5674,0.7582,0.7048,0.4417,0.7438,M50,MC,MA,Moonee Valley
207011146,Ashburton (Vic.),VIC,Metropolitan,1,2024,Melbourne - Inner East,Greater Melbourne,0.7076,0.7465,0.8136,0.5916,0.8211,0.1231,0.5630,0.8244,0.7724,0.6227,0.8255,H75,HC,HA,Boroondara
510031271,Ashburton (WA),WA,Very remote,5,2024,,Rest of WA,0.2745,0.3094,0.3001,0.7856,0.3517,0.2400,0.2878,0.1760,0.3198,0.4144,0.3607,L25,LC,LA,Ashburton
127011504,Ashcroft - Busby - Miller,NSW,Metropolitan,1,2024,Sydney - South West,Greater Sydney,0.2359,0.2627,0.2525,0.1422,0.4899,0.1393,0.4245,0.6363,0.5027,0.0412,0.2142,L25,LC,LA,Liverpool
319011492,Ashfield - Kepnock,QLD,Inner regional,2,2024,Wide Bay,Rest of Qld,0.4871,0.5094,0.5318,0.3787,0.5285,0.4618,0.4397,0.5580,0.5481,0.4971,0.5415,M50,MC,MA,Bundaberg
120031676,Ashfield - North,NSW,Metropolitan,1,2024,Sydney - Inner West,Greater Sydney,0.6220,0.5419,0.6212,0.3778,0.6325,0.4498,0.4680,0.7266,0.6321,0.4341,0.6776,M50,MC,MA,Inner West
120031677,Ashfield - South,NSW,Metropolitan,1,2024,Sydney - Inner West,Greater Sydney,0.6063,0.4748,0.5652,0.3222,0.6514,0.4633,0.4715,0.7266,0.5568,0.4130,0.6621,M50,MC,MA,Inner West
305041132,Ashgrove,QLD,Metropolitan,1,2024,Brisbane Inner City,Greater Brisbane,0.6711,0.8620,0.8760,0.6766,0.7879,0.3384,0.4657,0.6180,0.7933,0.8174,0.7690,H75,HC,HA,Brisbane
309091263,Ashmore,QLD,Metropolitan,1,2024,Gold Coast,Rest of Qld,0.6638,0.6042,0.6879,0.4941,0.8118,0.5980,0.4176,0.6066,0.6620,0.5141,0.6140,M50,HC,MA,Gold Coast
212051319,Ashwood - Chadstone,VIC,Metropolitan,1,2024,Melbourne - South East,Greater Melbourne,0.5523,0.5897,0.6202,0.4329,0.7237,0.1232,0.5501,0.7443,0.7751,0.2964,0.6685,M50,MC,MA,Monash
208031183,Aspendale Gardens - Waterways,VIC,Metropolitan,1,2024,Melbourne - Inner South,Greater Melbourne,0.7592,0.6658,0.7855,0.6903,0.8453,0.8532,0.4225,0.5593,0.6980,0.5814,0.6755,H75,HC,HA,Kingston (Vic.)
302021027,Aspley,QLD,Metropolitan,1,2024,Brisbane - North,Greater Brisbane,0.6997,0.6214,0.7199,0.5591,0.8460,0.4388,0.4545,0.6180,0.6342,0.5925,0.7612,H75,HC,MA,Brisbane
121021403,Asquith - Mount Colah,NSW,Metropolitan,1,2024,Sydney - North Sydney and Hornsby,Greater Sydney,0.7423,0.6766,0.7834,0.6138,0.7646,0.4740,0.4554,0.7151,0.6342,0.7027,0.6973,H75,HC,HA,Hornsby
401041014,Athelstone,SA,Metropolitan,1,2024,Adelaide - Central and Hills,Greater Adelaide,0.7370,0.6221,0.7414,0.6850,0.8681,0.2855,0.5814,0.6820,0.6302,0.5999,0.7413,H75,HC,MA,Campbelltown (SA)
306051166,Atherton,QLD,Outer regional,3,2024,Cairns,Rest of Qld,0.5238,0.5521,0.5795,0.5239,0.6730,0.5470,0.4621,0.5096,0.5686,0.5530,0.4137,M50,MC,MA,Tablelands
125011582,Auburn - Central,NSW,Metropolitan,1,2024,Sydney - Parramatta,Greater Sydney,0.3893,0.4647,0.4567,0.2041,0.5133,0.5028,0.5487,0.6464,0.6661,0.2165,0.2479,L25,LC,LA,Cumberland
125011583,Auburn - North,NSW,Metropolitan,1,2024,Sydney - Parramatta,Greater Sydney,0.3612,0.5459,0.5030,0.1855,0.5590,0.3354,0.5467,0.6464,0.7521,0.2435,0.2562,L25,LC,MA,Cumberland
125011584,Auburn - South,NSW,Metropolitan,1,2024,Sydney - Parramatta,Greater Sydney,0.5125,0.5577,0.5781,0.2857,0.7352,0.5659,0.5467,0.6464,0.7891,0.2033,0.3161,M50,MC,MA,Cumberland
305041133,Auchenflower,QLD,Metropolitan,1,2024,Brisbane Inner City,Greater Brisbane,0.5546,0.7378,0.7270,0.6123,0.6154,0.2228,0.4689,0.6180,0.7202,0.6900,0.7771,H75,MC,HA,Brisbane
501011001,Augusta,WA,Inner regional,2,2024,Bunbury,Rest of WA,0.4656,0.6023,0.5883,0.7736,0.6799,0.5659,0.2524,0.2009,0.5947,0.6146,0.5773,M50,LC,MA,Augusta Margaret River; Nannup
310041565,Augustine Heights - Brookwater,QLD,Metropolitan,1,2024,Ipswich,Greater Brisbane,0.4871,0.3464,0.4153,0.6027,0.6431,0.7964,0.4421,0.6058,0.4135,0.3595,0.0934,L25,MC,LA,Ipswich
315011395,Aurukun,QLD,Very remote,5,2024,Queensland - Outback,Rest of Qld,0.0369,0.0000,0.0000,0.1892,0.0544,0.3148,0.2325,0.0091,0.1021,0.0419,0.0623,L25,LC,LA,Aurukun
601031013,Austins Ferry - Granton,TAS,Inner regional,2,2024,Hobart,Greater Hobart,0.6824,0.5731,0.6758,0.6050,0.7942,0.6408,0.7288,0.4001,0.5725,0.5895,0.5950,M50,HC,MA,Derwent Valley; Glenorchy
127011505,Austral - Greendale,NSW,Metropolitan,1,2024,Sydney - South West,Greater Sydney,0.4011,0.4622,0.4599,0.5167,0.6909,0.2915,0.4190,0.6363,0.6190,0.2888,0.1394,L25,LC,LA,Liverpool
501021005,Australind - Leschenault,WA,Inner regional,2,2024,Bunbury,Rest of WA,0.6058,0.5517,0.6199,0.6066,0.6878,0.6344,0.2507,0.6782,0.4983,0.6557,0.5768,M50,MC,MA,Harvey; Dardanup
122021420,Avalon - Palm Beach,NSW,Metropolitan,1,2024,Sydney - Northern Beaches,Greater Sydney,0.7728,0.8036,0.8920,0.7817,0.7975,0.6710,0.3862,0.7198,0.7516,0.7700,0.6084,H75,HC,HA,Northern Beaches
504031298,Aveley,WA,Metropolitan,1,2024,Perth - North East,Greater Perth,0.5268,0.4542,0.5110,0.4997,0.6228,0.7127,0.2251,0.7227,0.4980,0.4591,0.4015,L25,MC,LA,Swan
201031013,Avoca,VIC,Inner regional,2,2024,Ballarat,Rest of Vic.,0.5406,0.5561,0.5904,0.7107,0.5810,0.1572,0.4794,0.6168,0.6178,0.4856,0.8061,M50,MC,MA,Ararat; Hepburn; Pyrenees; Ballarat
102011028,Avoca Beach - Copacabana,NSW,Metropolitan,1,2024,Central Coast,Greater Sydney,0.7355,0.7161,0.8077,0.7721,0.7543,0.6625,0.5961,0.6443,0.6765,0.7158,0.4850,H75,HC,HA,Central Coast (NSW)
210011533,Avondale Heights,VIC,Metropolitan,1,2024,Melbourne - North West,Greater Melbourne,0.5525,0.5749,0.6097,0.4189,0.7778,0.1479,0.4459,0.7582,0.6053,0.5432,0.6492,M50,MC,MA,Moonee Valley
318011460,Ayr,QLD,Outer regional,3,2024,Townsville,Rest of Qld,0.5241,0.4496,0.5065,0.5177,0.6565,0.6013,0.4182,0.5258,0.4520,0.5166,0.4192,L25,MC,LA,Burdekin
306031158,Babinda,QLD,Outer regional,3,2024,Cairns,Rest of Qld,0.4032,0.6247,0.5768,0.7506,0.6529,0.4146,0.4469,0.1253,0.6596,0.5594,0.3352,M50,LC,MA,Cassowary Coast; Cairns
213041353,Bacchus Marsh,VIC,Metropolitan,1,2024,Melbourne - West,Greater Melbourne,0.7351,0.5983,0.7234,0.6003,0.7131,0.4902,0.4747,0.7312,0.6715,0.4870,0.6804,H75,HC,MA,Moorabool
201021009,Bacchus Marsh Surrounds,VIC,Inner regional,2,2024,Ballarat,Rest of Vic.,0.8758,0.6314,0.8325,0.7683,0.7804,0.6365,0.5698,0.7312,0.6538,0.5820,0.7495,H75,HC,MA,Moorabool
205021081,Bairnsdale,VIC,Outer regional,3,2024,Latrobe - Gippsland,Rest of Vic.,0.5471,0.5542,0.5923,0.4493,0.6827,0.2815,0.5980,0.5890,0.5448,0.5928,0.6023,M50,MC,MA,East Gippsland
701041036,Bakewell,NT,Outer regional,3,2024,Darwin,Greater Darwin,0.3540,0.3179,0.3372,0.4215,0.5180,0.1516,0.4388,0.5792,0.3344,0.4117,0.3682,L25,LC,LA,Palmerston
505021084,Balcatta - Hamersley,WA,Metropolitan,1,2024,Perth - North West,Greater Perth,0.5105,0.4167,0.4765,0.5021,0.8802,0.1269,0.2275,0.7444,0.4897,0.3941,0.6594,L25,MC,LA,Stirling
302011022,Bald Hills,QLD,Metropolitan,1,2024,Brisbane - North,Greater Brisbane,0.7010,0.5368,0.6602,0.5694,0.7878,0.6051,0.4435,0.6180,0.5767,0.5096,0.6471,M50,HC,MA,Brisbane
507051312,Baldivis - North,WA,Metropolitan,1,2024,Perth - South West,Greater Perth,0.5322,0.3940,0.4706,0.5055,0.6494,0.6277,0.2633,0.7253,0.4347,0.4276,0.3761,L25,MC,LA,Rockingham
507051313,Baldivis - South,WA,Metropolitan,1,2024,Perth - South West,Greater Perth,0.5596,0.4542,0.5270,0.5213,0.6372,0.7049,0.2631,0.7253,0.4423,0.5397,0.4215,M50,MC,LA,Rockingham
505021085,Balga - Mirrabooka,WA,Metropolitan,1,2024,Perth - North West,Greater Perth,0.3806,0.3711,0.3862,0.2436,0.5613,0.2591,0.2271,0.7444,0.5829,0.1517,0.4921,L25,LC,LA,Stirling
122011418,Balgowlah - Clontarf - Seaforth,NSW,Metropolitan,1,2024,Sydney - Northern Beaches,Greater Sydney,0.7165,0.8095,0.8636,0.6679,0.6939,0.6164,0.3797,0.7198,0.7297,0.8165,0.6619,H75,HC,HA,Northern Beaches
107041144,Balgownie - Fairy Meadow,NSW,Metropolitan,1,2024,Illawarra,Rest of NSW,0.7295,0.5869,0.7120,0.5287,0.7486,0.5691,0.6094,0.6798,0.6276,0.5332,0.5795,H75,HC,MA,Wollongong
504031056,Ballajura,WA,Metropolitan,1,2024,Perth - North East,Greater Perth,0.6374,0.4444,0.5597,0.4519,0.8201,0.7913,0.2262,0.7227,0.5150,0.4135,0.5449,M50,MC,LA,Swan
201011002,Ballarat,VIC,Inner regional,2,2024,Ballarat,Rest of Vic.,0.6614,0.6804,0.7410,0.5324,0.7379,0.2402,0.6144,0.7024,0.6652,0.6624,0.8099,H75,HC,HA,Ballarat
201011481,Ballarat East - Warrenheip,VIC,Inner regional,2,2024,Ballarat,Rest of Vic.,0.6228,0.6848,0.7237,0.4035,0.6976,0.2969,0.6053,0.7024,0.6968,0.6215,0.7326,H75,MC,HA,Ballarat; Moorabool
201011482,Ballarat North - Invermay,VIC,Inner regional,2,2024,Ballarat,Rest of Vic.,0.6892,0.7030,0.7723,0.6697,0.7191,0.2721,0.6053,0.7024,0.7172,0.6254,0.7606,H75,HC,HA,Moorabool; Ballarat
112011236,Ballina,NSW,Inner regional,2,2024,Richmond - Tweed,Rest of NSW,0.6352,0.5628,0.6430,0.4043,0.6693,0.5253,0.6169,0.6136,0.5995,0.5275,0.6534,M50,MC,MA,Ballina
112011237,Ballina Surrounds,NSW,Inner regional,2,2024,Richmond - Tweed,Rest of NSW,0.7107,0.6700,0.7607,0.6724,0.7233,0.5280,0.6053,0.6136,0.6840,0.6121,0.6186,H75,HC,HA,Ballina
120021387,Balmain,NSW,Metropolitan,1,2024,Sydney - Inner West,Greater Sydney,0.7487,0.8483,0.9098,0.6628,0.6526,0.5629,0.4744,0.7266,0.7849,0.8041,0.7598,H75,HC,HA,Inner West
305021113,Balmoral,QLD,Metropolitan,1,2024,Brisbane Inner City,Greater Brisbane,0.5792,0.7710,0.7629,0.6480,0.7811,0.2162,0.4518,0.6180,0.7616,0.6893,0.6608,H75,MC,HA,Brisbane
307011171,Balonne,QLD,Remote,4,2024,Darling Downs - Maranoa,Rest of Qld,0.3994,0.3963,0.4122,0.6548,0.4607,0.6117,0.3890,0.0850,0.4774,0.3701,0.4699,L25,LC,LA,Balonne
207011147,Balwyn,VIC,Metropolitan,1,2024,Melbourne - Inner East,Greater Melbourne,0.6049,0.7162,0.7369,0.4138,0.7286,0.1748,0.5646,0.8244,0.8120,0.4950,0.6850,H75,MC,HA,Boroondara
207011148,Balwyn North,VIC,Metropolitan,1,2024,Melbourne - Inner East,Greater Melbourne,0.6363,0.7200,0.7559,0.5109,0.7603,0.1556,0.5617,0.8244,0.7712,0.5714,0.6600,H75,MC,HA,Boroondara
308041528,Banana,QLD,Outer regional,3,2024,Fitzroy,Rest of Qld,0.4098,0.4284,0.4395,0.8477,0.4368,0.5215,0.4128,0.1154,0.4264,0.5099,0.4501,L25,LC,LA,Banana
112011238,Bangalow,NSW,Inner regional,2,2024,Richmond - Tweed,Rest of NSW,0.7762,0.6647,0.7947,0.6468,0.7837,0.6750,0.6085,0.6972,0.7481,0.4976,0.5214,H75,HC,HA,Byron
507011148,Banjup,WA,Metropolitan,1,2024,Perth - South West,Greater Perth,0.5853,0.5282,0.5926,0.5640,0.6862,0.6407,0.2583,0.7590,0.5257,0.5686,0.4310,M50,MC,MA,Cockburn
801071071,Banks,ACT,Metropolitan,1,2024,Australian Capital Territory,Australian Capital Territory,0.4652,0.5823,0.5738,0.6499,0.5422,0.2316,0.2429,0.5987,0.5501,0.6413,0.7216,M50,LC,MA,Unincorporated ACT
119011571,Bankstown - North,NSW,Metropolitan,1,2024,Sydney - Inner South West,Greater Sydney,0.3759,0.4201,0.4193,0.2634,0.5851,0.5059,0.3796,0.6172,0.6553,0.1379,0.2118,L25,LC,LA,Canterbury-Bankstown
119011572,Bankstown - South,NSW,Metropolitan,1,2024,Sydney - Inner South West,Greater Sydney,0.3821,0.5040,0.4817,0.2353,0.6651,0.5023,0.3825,0.6172,0.6959,0.2504,0.2093,L25,LC,MA,Canterbury-Bankstown
203011034,Bannockburn,VIC,Inner regional,2,2024,Geelong,Rest of Vic.,0.8432,0.6133,0.7989,0.7618,0.7285,0.7185,0.4698,0.7611,0.5413,0.7158,0.7275,H75,HC,MA,Golden Plains
112031550,Banora Point,NSW,Metropolitan,1,2024,Richmond - Tweed,Rest of NSW,0.6498,0.6049,0.6808,0.4457,0.6881,0.6325,0.6015,0.5963,0.6254,0.5728,0.5949,M50,MC,MA,Tweed
204031491,Baranduda - Leneva,VIC,Inner regional,2,2024,Hume,Rest of Vic.,0.6558,0.6804,0.7380,0.6214,0.6142,0.5452,0.5816,0.7024,0.6600,0.6707,0.4751,H75,MC,HA,Wodonga
315031408,Barcaldine - Blackall,QLD,Very remote,5,2024,Queensland - Outback,Rest of Qld,0.4309,0.4202,0.4428,0.8073,0.4260,0.5404,0.4515,0.0842,0.6057,0.2209,0.5195,L25,LC,LA,Blackall Tambo; Barcaldine
305041134,Bardon,QLD,Metropolitan,1,2024,Brisbane Inner City,Greater Brisbane,0.5800,0.8966,0.8530,0.7152,0.7077,0.2062,0.4668,0.6180,0.7711,0.9206,0.7223,H75,MC,HA,Brisbane
319011493,Bargara - Burnett Heads,QLD,Inner regional,2,2024,Wide Bay,Rest of Qld,0.5742,0.5386,0.5945,0.5569,0.6819,0.4969,0.4376,0.5580,0.5564,0.5441,0.5187,M50,MC,MA,Bundaberg
123031445,Bargo,NSW,Inner regional,2,2024,Sydney - Outer South West,Greater Sydney,0.7763,0.5683,0.7260,0.7154,0.7436,0.7089,0.5385,0.7078,0.5863,0.5589,0.5391,H75,HC,MA,Wollondilly
702021055,Barkly,NT,Very remote,5,2024,Northern Territory - Outback,Rest of NT,0.0414,0.2902,0.2086,0.4186,0.1176,0.0656,0.1909,0.0400,0.3188,0.3759,0.1353,L25,LC,LA,Barkly
407031159,Barmera,SA,Outer regional,3,2024,South Australia - South East,Rest of SA,0.4407,0.5515,0.5408,0.6010,0.6806,0.3107,0.4921,0.1072,0.6219,0.4697,0.6100,M50,LC,MA,Berri Barmera; Unincorporated SA
405011110,Barossa - Angaston,SA,Inner regional,2,2024,Barossa - Yorke - Mid North,Rest of SA,0.7651,0.6804,0.7994,0.8317,0.7098,0.4718,0.4959,0.6485,0.7620,0.5065,0.8587,H75,HC,HA,Barossa
801061129,Barton,ACT,Metropolitan,1,2024,Australian Capital Territory,Australian Capital Territory,0.4678,0.8174,0.7429,0.7544,0.4647,0.1889,0.2729,0.5987,0.7457,0.8067,0.7846,H75,LC,HA,Unincorporated ACT
203031489,Barwon Heads - Armstrong Creek,VIC,Metropolitan,1,2024,Geelong,Rest of Vic.,0.7543,0.7610,0.8507,0.6565,0.6705,0.5897,0.5580,0.7139,0.7199,0.7365,0.6464,H75,HC,HA,Greater Geelong; Surf Coast
504011044,Bassendean - Eden Hill - Ashfield,WA,Metropolitan,1,2024,Perth - North East,Greater Perth,0.5117,0.4323,0.4882,0.5673,0.8401,0.1735,0.2184,0.7201,0.4884,0.4282,0.6155,L25,MC,LA,Bassendean
119011354,Bass Hill - Georges Hall,NSW,Metropolitan,1,2024,Sydney - Inner South West,Greater Sydney,0.4624,0.4583,0.4840,0.3936,0.6851,0.4778,0.3785,0.6172,0.6381,0.2495,0.2808,L25,LC,LA,Canterbury-Bankstown
102021044,Bateau Bay - Killarney Vale,NSW,Metropolitan,1,2024,Central Coast,Greater Sydney,0.6959,0.5120,0.6396,0.5497,0.7313,0.6275,0.5969,0.6443,0.5817,0.4514,0.5263,M50,HC,MA,Central Coast (NSW)
507041176,Bateman,WA,Metropolitan,1,2024,Perth - South West,Greater Perth,0.5155,0.4861,0.5285,0.5798,0.7878,0.1639,0.2753,0.7560,0.4254,0.6278,0.5590,M50,MC,MA,Melville
101041017,Batemans Bay,NSW,Inner regional,2,2024,Capital Region,Rest of NSW,0.5845,0.5182,0.5851,0.4203,0.7090,0.5635,0.6052,0.5667,0.5673,0.4862,0.4669,M50,MC,MA,Eurobodalla
101041018,Batemans Bay - South,NSW,Inner regional,2,2024,Capital Region,Rest of NSW,0.5776,0.5683,0.6174,0.5005,0.6229,0.5423,0.6036,0.5667,0.5940,0.5473,0.4809,M50,MC,MA,Eurobodalla
103011059,Bathurst - East,NSW,Inner regional,2,2024,Central West,Rest of NSW,0.6625,0.6043,0.6873,0.5871,0.7342,0.5797,0.6246,0.6527,0.5922,0.6225,0.4175,M50,HC,MA,Bathurst
103011612,Bathurst - South,NSW,Inner regional,2,2024,Central West,Rest of NSW,0.6217,0.6635,0.7079,0.4106,0.6417,0.6050,0.6287,0.6527,0.5813,0.7564,0.4797,M50,MC,HA,Bathurst
103011060,Bathurst Surrounds,NSW,Inner regional,2,2024,Central West,Rest of NSW,0.7604,0.7367,0.8369,0.9431,0.7865,0.6717,0.6117,0.6464,0.6878,0.7389,0.4329,H75,HC,HA,Bathurst; Lithgow; Oberon
103011613,Bathurst - West,NSW,Inner regional,2,2024,Central West,Rest of NSW,0.6946,0.6693,0.7513,0.6102,0.7474,0.6098,0.6287,0.6527,0.6045,0.7333,0.4514,H75,HC,HA,Bathurst
115011290,Baulkham Hills - East,NSW,Metropolitan,1,2024,Sydney - Baulkham Hills and Hawkesbury,Greater Sydney,0.5814,0.5845,0.6309,0.5291,0.7397,0.4379,0.2100,0.7209,0.6322,0.5211,0.6294,M50,MC,MA,The Hills
115011291,Baulkham Hills (West) - Bella Vista,NSW,Metropolitan,1,2024,Sydney - Baulkham Hills and Hawkesbury,Greater Sydney,0.6534,0.7001,0.7508,0.6136,0.8537,0.5444,0.2100,0.7209,0.6976,0.6507,0.6020,H75,MC,HA,The Hills
509011227,Bayonet Head - Lower King,WA,Outer regional,3,2024,Western Australia - Wheat Belt,Rest of WA,0.4731,0.5887,0.5820,0.6580,0.7086,0.2198,0.2715,0.6042,0.5649,0.6320,0.5426,M50,LC,MA,Albany
211011251,Bayswater,VIC,Metropolitan,1,2024,Melbourne - Outer East,Greater Melbourne,0.6176,0.6044,0.6635,0.4607,0.8019,0.1876,0.5486,0.7416,0.7378,0.3909,0.6639,M50,MC,MA,Knox
504011045,Bayswater - Embleton - Bedford,WA,Metropolitan,1,2024,Perth - North East,Greater Perth,0.4911,0.4141,0.4656,0.5510,0.8036,0.1249,0.2192,0.7201,0.4421,0.4583,0.6826,L25,MC,LA,Bayswater
211031263,Bayswater North,VIC,Metropolitan,1,2024,Melbourne - Outer East,Greater Melbourne,0.9502,0.5962,0.8567,0.5909,0.8951,0.7315,0.5521,0.7956,0.6610,0.4994,0.7502,H75,HC,MA,Maroondah
122021421,Bayview - Elanora Heights,NSW,Metropolitan,1,2024,Sydney - Northern Beaches,Greater Sydney,0.7672,0.7955,0.8829,0.7352,0.8060,0.5495,0.3901,0.7014,0.7432,0.7676,0.7287,H75,HC,HA,Northern Beaches
313011362,Beachmere - Sandstone Point,QLD,Metropolitan,1,2024,Moreton Bay - North,Greater Brisbane,0.5357,0.4773,0.5318,0.4613,0.6913,0.4080,0.3427,0.6039,0.5388,0.4455,0.5304,M50,MC,MA,Moreton Bay
122031424,Beacon Hill - Narraweena,NSW,Metropolitan,1,2024,Sydney - Northern Beaches,Greater Sydney,0.7475,0.6635,0.7771,0.6189,0.7278,0.6522,0.4014,0.7198,0.7275,0.5290,0.6944,H75,HC,HA,Northern Beaches
212011546,Beaconsfield - Officer,VIC,Metropolitan,1,2024,Melbourne - South East,Greater Melbourne,0.6794,0.5951,0.6899,0.5617,0.6148,0.5579,0.5029,0.7731,0.6327,0.5416,0.5241,M50,HC,MA,Cardinia
311011305,Beaudesert,QLD,Inner regional,2,2024,Logan - Beaudesert,Greater Brisbane,0.4342,0.4398,0.4583,0.4948,0.7071,0.4191,0.4325,0.1256,0.5409,0.3648,0.4992,L25,LC,LA,Scenic Rim
201031014,Beaufort,VIC,Inner regional,2,2024,Ballarat,Rest of Vic.,0.5355,0.5296,0.5691,0.7447,0.5704,0.1204,0.4832,0.6199,0.5645,0.5135,0.8412,M50,MC,MA,Pyrenees; Ararat; Ballarat
208011168,Beaumaris,VIC,Metropolitan,1,2024,Melbourne - Inner South,Greater Melbourne,0.7011,0.7958,0.8452,0.7440,0.8667,0.1859,0.4315,0.7825,0.7097,0.8212,0.7504,H75,HC,HA,Bayside (Vic.)
401031012,Beaumont - Glen Osmond,SA,Metropolitan,1,2024,Adelaide - Central and Hills,Greater Adelaide,0.7990,0.8144,0.9153,0.5867,0.8274,0.4286,0.6056,0.7528,0.7765,0.7511,0.6726,H75,HC,HA,Burnside
602021053,Beauty Point - Beaconsfield,TAS,Outer regional,3,2024,Launceston and North East,Rest of Tas.,0.4620,0.4793,0.4988,0.5322,0.7634,0.3034,0.5048,0.1025,0.5507,0.4316,0.6316,L25,LC,MA,West Tamar
506041132,Beckenham - Kenwick - Langford,WA,Metropolitan,1,2024,Perth - South East,Greater Perth,0.3821,0.2917,0.3301,0.3678,0.7378,0.1370,0.2768,0.6982,0.4039,0.2582,0.3918,L25,LC,LA,Gosnells
504031057,Beechboro,WA,Metropolitan,1,2024,Perth - North East,Greater Perth,0.5332,0.4353,0.5006,0.4222,0.6659,0.6312,0.2262,0.7227,0.5564,0.3315,0.4688,L25,MC,LA,Swan
204031068,Beechworth,VIC,Inner regional,2,2024,Hume,Rest of Vic.,0.6694,0.6724,0.7396,0.7472,0.7120,0.1396,0.5842,0.6871,0.6613,0.6526,0.9705,H75,HC,HA,Indigo
507011259,Beeliar - Wattleup,WA,Metropolitan,1,2024,Perth - South West,Greater Perth,0.5019,0.5097,0.5389,0.5543,0.7123,0.2736,0.2579,0.7590,0.5531,0.4902,0.4486,M50,MC,MA,Cockburn
311021306,Beenleigh,QLD,Metropolitan,1,2024,Logan - Beaudesert,Greater Brisbane,0.4829,0.3832,0.4397,0.3131,0.6672,0.4317,0.4256,0.5997,0.5822,0.1792,0.4107,L25,MC,LA,Logan
316061439,Beerwah,QLD,Metropolitan,1,2024,Sunshine Coast,Rest of Qld,0.6550,0.6087,0.6864,0.5628,0.7686,0.6601,0.4157,0.5994,0.6421,0.5547,0.5576,M50,MC,MA,Sunshine Coast
101041020,Bega-Eden Hinterland,NSW,Outer regional,3,2024,Capital Region,Rest of NSW,0.5042,0.6698,0.6543,0.8423,0.6341,0.4206,0.5945,0.1103,0.6926,0.5980,0.5328,M50,MC,HA,Snowy Monaro; Eurobodalla; Bega Valley
101041019,Bega - Tathra,NSW,Outer regional,3,2024,Capital Region,Rest of NSW,0.5942,0.5962,0.6457,0.6103,0.7007,0.3712,0.6126,0.5206,0.5922,0.6062,0.6017,M50,MC,MA,Bega Valley
403031065,Belair,SA,Metropolitan,1,2024,Adelaide - South,Greater Adelaide,0.8358,0.8332,0.9513,0.7782,0.8350,0.3899,0.5296,0.7787,0.7517,0.8279,0.7936,H75,HC,HA,Mitcham
801011002,Belconnen,ACT,Metropolitan,1,2024,Australian Capital Territory,Australian Capital Territory,0.4148,0.5253,0.5109,0.3441,0.4396,0.3394,0.2699,0.5987,0.6758,0.3292,0.6790,L25,LC,MA,Unincorporated ACT
318021469,Belgian Gardens - Pallarenda,QLD,Outer regional,3,2024,Townsville,Rest of Qld,0.6125,0.6796,0.7146,0.5389,0.8027,0.5407,0.4700,0.5966,0.6143,0.7388,0.4280,H75,MC,HA,Townsville
211051274,Belgrave - Selby,VIC,Metropolitan,1,2024,Melbourne - Outer East,Greater Melbourne,0.7638,0.6948,0.8090,0.7758,0.8992,0.1933,0.5220,0.7498,0.7027,0.6322,0.8413,H75,HC,HA,Yarra Ranges; Cardinia
310041566,Bellbird Park,QLD,Metropolitan,1,2024,Ipswich,Greater Brisbane,0.4010,0.4301,0.4370,0.3981,0.4869,0.6248,0.4416,0.6058,0.5404,0.3453,0.1695,L25,LC,LA,Ipswich
304021086,Bellbowrie - Moggill,QLD,Metropolitan,1,2024,Brisbane - West,Greater Brisbane,0.5223,0.8096,0.7627,0.6457,0.7857,0.2786,0.2368,0.6180,0.7636,0.7624,0.6106,H75,MC,HA,Brisbane
601021004,Bellerive - Rosny,TAS,Inner regional,2,2024,Hobart,Greater Hobart,0.6902,0.5360,0.6536,0.5217,0.7751,0.4616,0.8384,0.4082,0.5362,0.5688,0.8487,M50,HC,MA,Clarence
403031066,Bellevue Heights,SA,Metropolitan,1,2024,Adelaide - South,Greater Adelaide,0.7085,0.6542,0.7482,0.5196,0.7773,0.2605,0.5352,0.7787,0.6681,0.6055,0.8276,H75,HC,HA,Mitcham
118011649,Bellevue Hill,NSW,Metropolitan,1,2024,Sydney - Eastern Suburbs,Greater Sydney,0.6211,0.7706,0.7841,0.5830,0.6428,0.4365,0.3332,0.7266,0.7527,0.7030,0.6591,H75,MC,HA,Woollahra
104021083,Bellingen,NSW,Inner regional,2,2024,Coffs Harbour - Grafton,Rest of NSW,0.6852,0.5925,0.6912,0.6006,0.6498,0.5929,0.6334,0.5855,0.6323,0.5372,0.6428,M50,HC,MA,Nambucca Valley; Bellingen
203021037,Belmont,VIC,Metropolitan,1,2024,Geelong,Rest of Vic.,0.6335,0.7301,0.7617,0.5104,0.7272,0.1934,0.5892,0.7116,0.7529,0.6219,0.8279,H75,MC,HA,Greater Geelong
506021118,Belmont - Ascot - Redcliffe,WA,Metropolitan,1,2024,Perth - South East,Greater Perth,0.4836,0.4310,0.4742,0.4646,0.7596,0.2775,0.2862,0.7227,0.5450,0.3401,0.3815,L25,MC,LA,Belmont
111011206,Belmont - Bennetts Green,NSW,Metropolitan,1,2024,Newcastle and Lake Macquarie,Rest of NSW,0.8027,0.5877,0.7557,0.6164,0.7880,0.6402,0.6145,0.6548,0.5318,0.6789,0.6823,H75,HC,MA,Lake Macquarie
301011002,Belmont - Gumdale,QLD,Metropolitan,1,2024,Brisbane - East,Greater Brisbane,0.7056,0.7331,0.8030,0.7034,0.9217,0.4660,0.3659,0.6180,0.6941,0.7222,0.6534,H75,HC,HA,Brisbane
111011207,Belmont South - Blacksmiths,NSW,Metropolitan,1,2024,Newcastle and Lake Macquarie,Rest of NSW,0.6568,0.6044,0.6843,0.5640,0.6942,0.3589,0.6109,0.6548,0.6297,0.5653,0.6559,M50,MC,MA,Lake Macquarie
119021362,Belmore - Belfield,NSW,Metropolitan,1,2024,Sydney - Inner South West,Greater Sydney,0.5051,0.3759,0.4448,0.3952,0.6708,0.5607,0.3768,0.6247,0.5548,0.2076,0.3547,L25,MC,LA,Strathfield; Canterbury-Bankstown
122031692,Belrose,NSW,Metropolitan,1,2024,Sydney - Northern Beaches,Greater Sydney,0.7869,0.6793,0.8116,0.6003,0.8845,0.5443,0.3999,0.7198,0.6552,0.6759,0.7434,H75,HC,HA,Northern Beaches
204021063,Benalla,VIC,Inner regional,2,2024,Hume,Rest of Vic.,0.5525,0.5657,0.6031,0.4588,0.7209,0.1716,0.5770,0.6199,0.6049,0.5253,0.7753,M50,MC,MA,Benalla
204021064,Benalla Surrounds,VIC,Inner regional,2,2024,Hume,Rest of Vic.,0.4524,0.6455,0.6132,0.9538,0.5965,0.1451,0.5661,0.1426,0.6400,0.6320,0.7016,M50,LC,HA,Mansfield; Benalla; Greater Shepparton; Strathbogie
202011018,Bendigo,VIC,Inner regional,2,2024,Bendigo,Rest of Vic.,0.5649,0.5093,0.5689,0.4178,0.6765,0.2029,0.6229,0.6788,0.6146,0.3944,0.7025,M50,MC,MA,Greater Bendigo
202031032,Bendigo Surrounds - North,VIC,Inner regional,2,2024,Bendigo,Rest of Vic.,0.5921,0.6191,0.6610,0.7949,0.7005,0.2256,0.3798,0.6748,0.5655,0.6920,0.6879,M50,MC,MA,Greater Bendigo; Loddon
202021026,Bendigo Surrounds - South,VIC,Inner regional,2,2024,Bendigo,Rest of Vic.,0.8125,0.7035,0.8444,0.8629,0.7956,0.5517,0.5889,0.6768,0.6372,0.7514,0.6214,H75,HC,HA,Loddon; Greater Bendigo; Mount Alexander
309101267,Benowa,QLD,Metropolitan,1,2024,Gold Coast,Rest of Qld,0.5709,0.6310,0.6588,0.4672,0.7473,0.4540,0.4106,0.6066,0.6520,0.5841,0.4776,M50,MC,MA,Gold Coast
208021426,Bentleigh East - North,VIC,Metropolitan,1,2024,Melbourne - Inner South,Greater Melbourne,0.6165,0.5733,0.6408,0.5275,0.7934,0.1470,0.4270,0.8169,0.6516,0.4676,0.7199,M50,MC,MA,Glen Eira
208021427,Bentleigh East - South,VIC,Metropolitan,1,2024,Melbourne - Inner South,Greater Melbourne,0.6213,0.5853,0.6519,0.5812,0.7306,0.1657,0.4286,0.8169,0.6654,0.4701,0.7502,M50,MC,MA,Glen Eira
208021174,Bentleigh - McKinnon,VIC,Metropolitan,1,2024,Melbourne - Inner South,Greater Melbourne,0.6008,0.6257,0.6701,0.5082,0.7583,0.1368,0.4286,0.8169,0.7017,0.4942,0.7558,M50,MC,MA,Glen Eira
306021144,Bentley Park,QLD,Outer regional,3,2024,Cairns,Rest of Qld,0.4991,0.5644,0.5766,0.4445,0.6925,0.8002,0.4655,0.5949,0.6771,0.4084,0.1740,M50,MC,MA,Cairns
506031124,Bentley - Wilson - St James,WA,Metropolitan,1,2024,Perth - South East,Greater Perth,0.5323,0.3261,0.4222,0.3442,0.7015,0.4671,0.2940,0.7444,0.4858,0.2088,0.4775,L25,MC,LA,Canning; Victoria Park
125011585,Berala,NSW,Metropolitan,1,2024,Sydney - Parramatta,Greater Sydney,0.4938,0.5157,0.5394,0.3023,0.5871,0.5634,0.5451,0.6464,0.7280,0.2205,0.3485,M50,MC,MA,Cumberland
111031223,Beresfield - Hexham,NSW,Metropolitan,1,2024,Newcastle and Lake Macquarie,Rest of NSW,0.6801,0.6803,0.7511,0.3558,0.7641,0.6198,0.6134,0.7051,0.7193,0.5765,0.5351,H75,HC,HA,Maitland; Newcastle
107011545,Berkeley - Lake Heights - Cringila,NSW,Metropolitan,1,2024,Illawarra,Rest of NSW,0.5965,0.4446,0.5386,0.3693,0.6097,0.6666,0.5787,0.6798,0.5446,0.3691,0.4476,M50,MC,LA,Wollongong
121021404,Berowra - Brooklyn - Cowan,NSW,Metropolitan,1,2024,Sydney - North Sydney and Hornsby,Greater Sydney,0.6967,0.7589,0.8164,0.7851,0.8655,0.5078,0.4477,0.4028,0.6259,0.8771,0.8165,H75,HC,HA,Hornsby
407031160,Berri,SA,Outer regional,3,2024,South Australia - South East,Rest of SA,0.5162,0.4214,0.4826,0.3309,0.6432,0.4081,0.4945,0.5566,0.5441,0.3214,0.6148,L25,MC,LA,Berri Barmera
601031014,Berriedale - Chigwell,TAS,Inner regional,2,2024,Hobart,Greater Hobart,0.5285,0.4552,0.5126,0.4195,0.7054,0.3415,0.7326,0.4004,0.6252,0.2640,0.6473,L25,MC,LA,Glenorchy; Derwent Valley
701021012,Berrimah,NT,Outer regional,3,2024,Darwin,Greater Darwin,0.3949,0.4139,0.4228,0.5393,0.7786,0.0851,0.5258,0.5753,0.4680,0.4203,0.2891,L25,LC,LA,Unincorporated NT; Darwin; Palmerston; Litchfield
114011272,Berry - Kangaroo Valley,NSW,Inner regional,2,2024,Southern Highlands and Shoalhaven,Rest of NSW,0.7352,0.6915,0.7900,0.7100,0.8259,0.6252,0.6084,0.5997,0.6642,0.6862,0.5062,H75,HC,HA,Shoalhaven; Kiama; Wingecarribee
308031205,Berserker,QLD,Inner regional,2,2024,Fitzroy,Rest of Qld,0.4510,0.4037,0.4399,0.3086,0.7428,0.2323,0.4531,0.5935,0.5531,0.2698,0.4868,L25,LC,LA,Rockhampton
212021293,Berwick - North,VIC,Metropolitan,1,2024,Melbourne - South East,Greater Melbourne,0.8989,0.6116,0.8334,0.5642,0.8575,0.7386,0.5411,0.7825,0.6396,0.5642,0.6897,H75,HC,MA,Casey
212021553,Berwick - South East,VIC,Metropolitan,1,2024,Melbourne - South East,Greater Melbourne,0.7575,0.4508,0.6310,0.5434,0.7148,0.7366,0.5383,0.7825,0.5782,0.3299,0.5135,M50,HC,LA,Casey
212021554,Berwick - South West,VIC,Metropolitan,1,2024,Melbourne - South East,Greater Melbourne,0.6834,0.5145,0.6345,0.4853,0.6108,0.7542,0.5383,0.7825,0.6639,0.3261,0.4746,M50,HC,MA,Casey
311051323,Bethania - Waterford,QLD,Metropolitan,1,2024,Logan - Beaudesert,Greater Brisbane,0.4834,0.5093,0.5300,0.2260,0.6632,0.6867,0.4432,0.5997,0.6092,0.4029,0.4067,M50,MC,MA,Logan
404011090,Beverley,SA,Metropolitan,1,2024,Adelaide - West,Greater Adelaide,0.6012,0.5373,0.6072,0.5051,0.7601,0.2714,0.5599,0.6710,0.6856,0.3382,0.5664,M50,MC,MA,Charles Sturt
119041669,Bexley - North,NSW,Metropolitan,1,2024,Sydney - Inner South West,Greater Sydney,0.6176,0.4453,0.5500,0.4879,0.7837,0.5459,0.3957,0.6846,0.5931,0.2945,0.4366,M50,MC,LA,Bayside (NSW)
119041670,Bexley - South,NSW,Metropolitan,1,2024,Sydney - Inner South West,Greater Sydney,0.5694,0.4146,0.5035,0.3904,0.6887,0.5150,0.3957,0.6846,0.5403,0.3130,0.4444,L25,MC,LA,Bayside (NSW)
507041177,Bicton - Palmyra,WA,Metropolitan,1,2024,Perth - South West,Greater Perth,0.6978,0.5226,0.6483,0.6322,0.7843,0.5381,0.2765,0.7560,0.5088,0.5821,0.6499,M50,HC,MA,Melville
116031313,Bidwill - Hebersham - Emerton,NSW,Metropolitan,1,2024,Sydney - Blacktown,Greater Sydney,0.4392,0.3534,0.3987,0.1997,0.5758,0.4651,0.5228,0.7082,0.5706,0.1329,0.3354,L25,LC,LA,Blacktown
309031236,Biggera Waters,QLD,Metropolitan,1,2024,Gold Coast,Rest of Qld,0.4910,0.5459,0.5596,0.3170,0.6327,0.4069,0.4004,0.6066,0.6907,0.3476,0.4863,M50,MC,MA,Gold Coast
308041529,Biloela,QLD,Outer regional,3,2024,Fitzroy,Rest of Qld,0.5527,0.4380,0.5120,0.5148,0.6073,0.6160,0.4176,0.5751,0.4062,0.5578,0.4807,L25,MC,LA,Banana
115031299,Bilpin - Colo - St Albans,NSW,Inner regional,2,2024,Sydney - Baulkham Hills and Hawkesbury,Greater Sydney,0.6013,0.7581,0.7649,0.8737,0.8029,0.3886,0.1576,0.6998,0.7670,0.6547,0.6250,H75,MC,HA,Blue Mountains; Hawkesbury
301011003,Birkdale,QLD,Metropolitan,1,2024,Brisbane - East,Greater Brisbane,0.6488,0.5841,0.6655,0.6454,0.8058,0.4495,0.3659,0.5997,0.5547,0.6381,0.6807,M50,MC,MA,Redland
207031161,Blackburn,VIC,Metropolitan,1,2024,Melbourne - Inner East,Greater Melbourne,0.6502,0.6484,0.7122,0.5267,0.8272,0.1258,0.5816,0.7554,0.7196,0.5114,0.7533,H75,MC,HA,Whitehorse
207031162,Blackburn South,VIC,Metropolitan,1,2024,Melbourne - Inner East,Greater Melbourne,0.6590,0.6410,0.7116,0.4775,0.7633,0.2121,0.5816,0.7554,0.7340,0.4727,0.7941,H75,MC,MA,Whitehorse
124011449,Blackheath - Megalong Valley,NSW,Metropolitan,1,2024,Sydney - Outer West and Blue Mountains,Greater Sydney,0.8349,0.5051,0.7165,0.5960,0.7178,0.7410,0.6001,0.7078,0.5417,0.4981,0.7844,H75,HC,MA,Blue Mountains
116011303,Blacktown (East) - Kings Park,NSW,Metropolitan,1,2024,Sydney - Blacktown,Greater Sydney,0.5635,0.4504,0.5262,0.3669,0.6914,0.5013,0.5340,0.7082,0.6446,0.2218,0.3732,M50,MC,LA,Blacktown
116011304,Blacktown (North) - Marayong,NSW,Metropolitan,1,2024,Sydney - Blacktown,Greater Sydney,0.4409,0.4024,0.4345,0.3856,0.5793,0.2115,0.5307,0.7082,0.5552,0.2639,0.3725,L25,LC,LA,Blacktown
116011560,Blacktown - South,NSW,Metropolitan,1,2024,Sydney - Blacktown,Greater Sydney,0.6007,0.4125,0.5178,0.4079,0.6558,0.6720,0.5356,0.7082,0.5659,0.2685,0.3876,L25,MC,LA,Blacktown
116011561,Blacktown - West,NSW,Metropolitan,1,2024,Sydney - Blacktown,Greater Sydney,0.5811,0.4406,0.5280,0.3625,0.6791,0.6046,0.5340,0.7082,0.5759,0.3121,0.3863,M50,MC,LA,Blacktown
403031067,Blackwood,SA,Metropolitan,1,2024,Adelaide - South,Greater Adelaide,0.8487,0.8308,0.9577,0.7705,0.8082,0.4418,0.5296,0.7787,0.7687,0.7960,0.7912,H75,HC,HA,Mitcham
124011450,Blaxland - Warrimoo - Lapstone,NSW,Metropolitan,1,2024,Sydney - Outer West and Blue Mountains,Greater Sydney,0.8868,0.6051,0.8209,0.8007,0.8015,0.6105,0.5842,0.7078,0.4817,0.7851,0.8029,H75,HC,MA,Blue Mountains
103041076,Blayney,NSW,Inner regional,2,2024,Central West,Rest of NSW,0.7246,0.7039,0.7929,0.7295,0.7050,0.6281,0.6314,0.6228,0.6891,0.6720,0.5502,H75,HC,HA,Cowra; Blayney
316071545,Bli Bli,QLD,Metropolitan,1,2024,Sunshine Coast,Rest of Qld,0.6167,0.6625,0.7046,0.6467,0.7279,0.4185,0.4335,0.5994,0.6232,0.6916,0.5707,M50,MC,HA,Sunshine Coast
102021045,Blue Haven - San Remo,NSW,Metropolitan,1,2024,Central Coast,Greater Sydney,0.5532,0.4438,0.5164,0.4014,0.5562,0.6373,0.5913,0.6443,0.5681,0.3310,0.3981,L25,MC,LA,Central Coast (NSW)
318021470,Bohle Plains,QLD,Outer regional,3,2024,Townsville,Rest of Qld,0.5151,0.6204,0.6241,0.6862,0.6111,0.6609,0.4664,0.5966,0.6710,0.5327,0.2094,M50,MC,MA,Townsville
111021215,Bolton Point - Teralba,NSW,Metropolitan,1,2024,Newcastle and Lake Macquarie,Rest of NSW,0.6697,0.4886,0.6085,0.5243,0.7196,0.4361,0.5947,0.6548,0.5080,0.5144,0.5971,M50,HC,MA,Lake Macquarie
101031013,Bombala,NSW,Outer regional,3,2024,Capital Region,Rest of NSW,0.4728,0.6424,0.6202,0.6736,0.6056,0.4012,0.5937,0.1533,0.6913,0.5449,0.5529,M50,LC,MA,Snowy Monaro; Bega Valley
118011340,Bondi Beach - North Bondi,NSW,Metropolitan,1,2024,Sydney - Eastern Suburbs,Greater Sydney,0.4699,0.7089,0.6664,0.5526,0.5628,0.1628,0.3317,0.7351,0.7154,0.6402,0.6064,M50,LC,HA,Waverley
118011341,Bondi Junction - Waverly,NSW,Metropolitan,1,2024,Sydney - Eastern Suburbs,Greater Sydney,0.6185,0.6986,0.7313,0.4878,0.6421,0.5039,0.3379,0.7351,0.7476,0.5672,0.6134,H75,MC,HA,Waverley
118011339,Bondi - Tamarama - Bronte,NSW,Metropolitan,1,2024,Sydney - Eastern Suburbs,Greater Sydney,0.5505,0.7193,0.7118,0.5475,0.5885,0.3107,0.3379,0.7351,0.7214,0.6512,0.6146,H75,MC,HA,Waverley
111021216,Bonnells Bay - Silverwater,NSW,Metropolitan,1,2024,Newcastle and Lake Macquarie,Rest of NSW,0.7117,0.6177,0.7239,0.5730,0.6526,0.7293,0.5953,0.6548,0.5847,0.6605,0.5809,H75,HC,MA,Lake Macquarie
801041035,Bonner,ACT,Metropolitan,1,2024,Australian Capital Territory,Australian Capital Territory,0.4976,0.5524,0.5674,0.4920,0.4559,0.7259,0.2367,0.5987,0.6215,0.4723,0.6033,M50,MC,MA,Unincorporated ACT
127021509,Bonnyrigg Heights - Bonnyrigg,NSW,Metropolitan,1,2024,Sydney - South West,Greater Sydney,0.3751,0.4039,0.4074,0.3166,0.5874,0.6678,0.4429,0.5525,0.5813,0.2255,0.1095,L25,LC,LA,Fairfield
801071072,Bonython,ACT,Metropolitan,1,2024,Australian Capital Territory,Australian Capital Territory,0.4479,0.6528,0.6164,0.5597,0.4892,0.2308,0.2434,0.5987,0.7027,0.5476,0.7832,M50,LC,HA,Unincorporated ACT
310021277,Boonah,QLD,Inner regional,2,2024,Ipswich,Greater Brisbane,0.3955,0.5206,0.4993,0.7036,0.7039,0.3520,0.4232,0.1427,0.5651,0.4943,0.3553,L25,LC,MA,Ipswich; Scenic Rim
302031035,Boondall,QLD,Metropolitan,1,2024,Brisbane - North,Greater Brisbane,0.6906,0.6191,0.7132,0.5415,0.7446,0.6303,0.4425,0.6180,0.7075,0.4715,0.6859,H75,HC,MA,Brisbane
507041178,Booragoon,WA,Metropolitan,1,2024,Perth - South West,Greater Perth,0.5424,0.5367,0.5775,0.5936,0.8306,0.1745,0.2742,0.7560,0.4937,0.6324,0.5846,M50,MC,MA,Melville
319041516,Booral - River Heads,QLD,Inner regional,2,2024,Wide Bay,Rest of Qld,0.5275,0.5070,0.5491,0.5965,0.6881,0.4882,0.4400,0.5520,0.5422,0.5010,0.3721,M50,MC,MA,Fraser Coast
211011446,Boronia,VIC,Metropolitan,1,2024,Melbourne - Outer East,Greater Melbourne,0.6067,0.5892,0.6471,0.4933,0.7977,0.1376,0.5465,0.7416,0.7020,0.4189,0.6784,M50,MC,MA,Knox
311031311,Boronia Heights - Park Ridge,QLD,Metropolitan,1,2024,Logan - Beaudesert,Greater Brisbane,0.4541,0.4746,0.4920,0.3345,0.6112,0.5784,0.4117,0.5997,0.6009,0.3440,0.3039,L25,LC,MA,Logan
127021510,Bossley Park - Abbotsbury,NSW,Metropolitan,1,2024,Sydney - South West,Greater Sydney,0.4462,0.3632,0.4088,0.3650,0.7775,0.6153,0.4470,0.5525,0.5630,0.1670,0.1667,L25,LC,LA,Fairfield
117011321,Botany,NSW,Metropolitan,1,2024,Sydney - City and Inner South,Greater Sydney,0.6907,0.6249,0.7174,0.5887,0.7564,0.5184,0.5657,0.6846,0.7046,0.4879,0.4844,H75,HC,MA,Bayside (NSW)
511031278,Boulder,WA,Outer regional,3,2024,,Rest of WA,0.3519,0.3525,0.3611,0.4479,0.5801,0.1525,0.2954,0.6782,0.3753,0.4266,0.3196,L25,LC,LA,Kalgoorlie-Boulder
308031206,Bouldercombe,QLD,Inner regional,2,2024,Fitzroy,Rest of Qld,0.4002,0.5499,0.5221,0.7708,0.6839,0.2312,0.4478,0.1797,0.6077,0.4887,0.4578,M50,LC,MA,Rockhampton
105011092,Bourke - Brewarrina,NSW,Very remote,5,2024,Far West and Orana,Rest of NSW,0.2940,0.4179,0.3849,0.5893,0.4472,0.3994,0.6267,0.0756,0.4933,0.3911,0.1347,L25,LC,LA,Cobar; Bogan; Brewarrina; Bourke
312011337,Bowen,QLD,Outer regional,3,2024,Mackay,Rest of Qld,0.5076,0.4359,0.4888,0.4435,0.5962,0.5072,0.4219,0.5817,0.4834,0.4430,0.4297,L25,MC,LA,Whitsunday
114021284,Bowral,NSW,Inner regional,2,2024,Southern Highlands and Shoalhaven,Rest of NSW,0.7769,0.6918,0.8146,0.5584,0.8180,0.6047,0.6167,0.6343,0.6405,0.7233,0.6550,H75,HC,HA,Wingecarribee
102011029,Box Head - MacMasters Beach,NSW,Metropolitan,1,2024,Central Coast,Greater Sydney,0.7940,0.6688,0.8083,0.7653,0.8164,0.6703,0.6004,0.6443,0.6461,0.6689,0.5686,H75,HC,HA,Central Coast (NSW)
207031163,Box Hill,VIC,Metropolitan,1,2024,Melbourne - Inner East,Greater Melbourne,0.4726,0.5697,0.5682,0.2842,0.6534,0.1292,0.5836,0.7554,0.7390,0.3165,0.6005,M50,LC,MA,Whitehorse
115041623,Box Hill - Nelson,NSW,Metropolitan,1,2024,Sydney - Baulkham Hills and Hawkesbury,Greater Sydney,0.3331,0.5375,0.4857,0.6406,0.5992,0.1233,0.1905,0.7209,0.7809,0.1745,0.2611,L25,LC,MA,The Hills
207031164,Box Hill North,VIC,Metropolitan,1,2024,Melbourne - Inner East,Greater Melbourne,0.5798,0.6513,0.6778,0.4301,0.7022,0.1716,0.5816,0.7554,0.7828,0.4118,0.6848,M50,MC,HA,Whitehorse
308051531,Boyne Island - Tannum Sands,QLD,Inner regional,2,2024,Fitzroy,Rest of Qld,0.5578,0.4885,0.5506,0.6106,0.5646,0.5705,0.4412,0.5949,0.4583,0.5863,0.4580,M50,MC,MA,Gladstone
504031299,Brabham - Henley Brook,WA,Metropolitan,1,2024,Perth - North East,Greater Perth,0.3990,0.5291,0.5068,0.5096,0.6427,0.1987,0.2254,0.7227,0.6250,0.4189,0.3687,L25,LC,MA,Swan
302041041,Bracken Ridge,QLD,Metropolitan,1,2024,Brisbane - North,Greater Brisbane,0.6156,0.5747,0.6413,0.5498,0.7452,0.3739,0.4396,0.6180,0.6272,0.5089,0.6418,M50,MC,MA,Brisbane
123021436,Bradbury - Wedderburn,NSW,Metropolitan,1,2024,Sydney - Outer South West,Greater Sydney,0.5307,0.4973,0.5437,0.3905,0.6596,0.5014,0.5696,0.6592,0.6748,0.2717,0.3228,M50,MC,MA,Campbelltown (NSW)
801051051,Braddon,ACT,Metropolitan,1,2024,Australian Capital Territory,Australian Capital Territory,0.3518,0.7161,0.6207,0.5815,0.4108,0.0638,0.2655,0.5987,0.8226,0.4767,0.7353,M50,LC,HA,Unincorporated ACT
101021007,Braidwood,NSW,Inner regional,2,2024,Capital Region,Rest of NSW,0.5387,0.7543,0.7310,0.8006,0.6754,0.6739,0.5818,0.1991,0.7558,0.6656,0.4103,H75,MC,HA,Goulburn Mulwaree; Queanbeyan-Palerang
106011107,Branxton - Greta - Pokolbin,NSW,Metropolitan,1,2024,Hunter Valley exc Newcastle,Rest of NSW,0.6355,0.6334,0.6936,0.6833,0.6680,0.6093,0.5493,0.6323,0.6100,0.6536,0.4107,M50,MC,MA,Maitland; Singleton; Cessnock
319011494,Branyan - Kensington,QLD,Inner regional,2,2024,Wide Bay,Rest of Qld,0.5940,0.5144,0.5872,0.6093,0.6939,0.6386,0.4392,0.5580,0.5295,0.5351,0.4637,M50,MC,MA,Bundaberg
310031283,Brassall,QLD,Metropolitan,1,2024,Ipswich,Greater Brisbane,0.4366,0.3962,0.4282,0.3829,0.4986,0.6383,0.4592,0.6058,0.4942,0.3447,0.2536,L25,LC,LA,Ipswich
213031347,Braybrook,VIC,Metropolitan,1,2024,Melbourne - West,Greater Melbourne,0.5869,0.5337,0.5973,0.3298,0.6870,0.4323,0.5095,0.8025,0.7692,0.1870,0.4510,M50,MC,MA,Maribyrnong
314031391,Bray Park,QLD,Metropolitan,1,2024,Moreton Bay - South,Greater Brisbane,0.5778,0.4519,0.5344,0.5046,0.7673,0.3588,0.3590,0.6039,0.4809,0.4794,0.6533,M50,MC,LA,Moreton Bay
313011363,Bribie Island,QLD,Inner regional,2,2024,Moreton Bay - North,Greater Brisbane,0.5321,0.4213,0.4901,0.3705,0.7087,0.4540,0.3394,0.6039,0.4541,0.4557,0.5616,L25,MC,LA,Moreton Bay; Sunshine Coast
302011023,Bridgeman Downs,QLD,Metropolitan,1,2024,Brisbane - North,Greater Brisbane,0.7108,0.7431,0.8130,0.6337,0.7531,0.7896,0.4432,0.6180,0.6810,0.7623,0.5774,H75,HC,HA,Brisbane
501031017,Bridgetown - Boyup Brook,WA,Inner regional,2,2024,Bunbury,Rest of WA,0.4208,0.5345,0.5200,0.7358,0.5586,0.4282,0.2493,0.1328,0.5075,0.6080,0.7332,L25,LC,MA,Boyup Brook; Bridgetown-Greenbushes
601011001,Bridgewater - Gagebrook,TAS,Inner regional,2,2024,Hobart,Greater Hobart,0.2822,0.3737,0.3489,0.1530,0.4998,0.2303,0.4703,0.4026,0.3700,0.4774,0.4795,L25,LC,LA,Brighton; Derwent Valley
204031069,Bright - Mount Beauty,VIC,Inner regional,2,2024,Hume,Rest of Vic.,0.5503,0.6561,0.6665,0.7927,0.6722,0.2914,0.5935,0.1626,0.6629,0.6174,0.8608,M50,MC,HA,Alpine; Unincorporated Vic
208011170,Brighton East,VIC,Metropolitan,1,2024,Melbourne - Inner South,Greater Melbourne,0.6704,0.7273,0.7793,0.5866,0.7639,0.2687,0.4351,0.7825,0.6829,0.7280,0.7365,H75,HC,HA,Bayside (Vic.)
601011002,Brighton - Pontville,TAS,Inner regional,2,2024,Hobart,Greater Hobart,0.5509,0.4758,0.5381,0.5746,0.7047,0.5653,0.4621,0.4026,0.4848,0.5225,0.5301,M50,MC,MA,Brighton
302041042,Brighton (Qld),QLD,Metropolitan,1,2024,Brisbane - North,Greater Brisbane,0.5975,0.6011,0.6509,0.7147,0.7935,0.2054,0.4391,0.6180,0.6257,0.5646,0.7180,M50,MC,MA,Brisbane
403011056,Brighton (SA),SA,Metropolitan,1,2024,Adelaide - South,Greater Adelaide,0.7058,0.6214,0.7233,0.5762,0.7630,0.3749,0.5280,0.6798,0.5885,0.6622,0.7651,H75,HC,MA,Holdfast Bay
208011169,Brighton (Vic.),VIC,Metropolitan,1,2024,Melbourne - Inner South,Greater Melbourne,0.6483,0.7803,0.8054,0.5967,0.7620,0.2179,0.4351,0.7825,0.7277,0.7624,0.7409,H75,MC,HA,Bayside (Vic.)
701021013,Brinkin - Nakara,NT,Outer regional,3,2024,Darwin,Greater Darwin,0.4091,0.4291,0.4397,0.5003,0.6844,0.0837,0.5353,0.5772,0.4317,0.5038,0.4404,L25,LC,LA,Darwin
306011138,Brinsmead,QLD,Outer regional,3,2024,Cairns,Rest of Qld,0.5704,0.6082,0.6423,0.6281,0.6995,0.8027,0.4525,0.5949,0.5581,0.6811,0.2686,M50,MC,MA,Cairns
305011105,Brisbane City,QLD,Metropolitan,1,2024,Brisbane Inner City,Greater Brisbane,0.5109,0.6139,0.6176,0.3993,0.5898,0.3036,0.4729,0.6180,0.8163,0.2752,0.6080,M50,MC,MA,Brisbane
309011224,Broadbeach Waters,QLD,Metropolitan,1,2024,Gold Coast,Rest of Qld,0.5521,0.7456,0.7313,0.5698,0.8303,0.2514,0.4021,0.6066,0.7343,0.6829,0.5565,H75,MC,HA,Gold Coast
210051242,Broadmeadows,VIC,Metropolitan,1,2024,Melbourne - North West,Greater Melbourne,0.3992,0.4140,0.4247,0.2019,0.6426,0.2701,0.4520,0.7024,0.6932,0.0575,0.3554,L25,LC,LA,Hume
312011338,Broadsound - Nebo,QLD,Outer regional,3,2024,Mackay,Rest of Qld,0.4474,0.4343,0.4602,0.7638,0.4380,0.6848,0.4163,0.1289,0.4958,0.4214,0.5047,L25,LC,LA,Isaac
105021097,Broken Hill,NSW,Outer regional,3,2024,Far West and Orana,Rest of NSW,0.4797,0.3933,0.4454,0.4668,0.6536,0.4145,0.6738,0.5378,0.3777,0.5066,0.2824,L25,MC,LA,Broken Hill
213041571,Brookfield,VIC,Metropolitan,1,2024,Melbourne - West,Greater Melbourne,0.5355,0.5817,0.6063,0.3867,0.6833,0.2483,0.4746,0.7731,0.7175,0.3778,0.4941,M50,MC,MA,Melton
304021087,Brookfield - Kenmore Hills,QLD,Metropolitan,1,2024,Brisbane - West,Greater Brisbane,0.6612,0.8914,0.8916,0.7005,0.8509,0.5480,0.2373,0.6180,0.7706,0.9113,0.7034,H75,MC,HA,Brisbane
509031246,Brookton,WA,Outer regional,3,2024,Western Australia - Wheat Belt,Rest of WA,0.2969,0.4352,0.3984,0.7307,0.4878,0.0832,0.2658,0.1052,0.4493,0.4911,0.7276,L25,LC,LA,Corrigin; Wandering; Brookton; Pingelly
510011262,Broome,WA,Remote,4,2024,,Rest of WA,0.3976,0.3778,0.3981,0.6012,0.5931,0.4360,0.3200,0.6169,0.3600,0.4995,0.1333,L25,LC,LA,Broome
101041021,Broulee - Tomakin,NSW,Inner regional,2,2024,Capital Region,Rest of NSW,0.6580,0.6137,0.6916,0.6379,0.6907,0.6206,0.6036,0.5667,0.5833,0.6545,0.5153,M50,MC,MA,Eurobodalla
311031312,Browns Plains,QLD,Metropolitan,1,2024,Logan - Beaudesert,Greater Brisbane,0.4549,0.3571,0.4084,0.2826,0.6145,0.6809,0.4131,0.5997,0.4868,0.2735,0.3079,L25,LC,LA,Logan
801011003,Bruce,ACT,Metropolitan,1,2024,Australian Capital Territory,Australian Capital Territory,0.5080,0.4912,0.5285,0.4379,0.5400,0.4299,0.2705,0.5987,0.5075,0.5205,0.7925,M50,MC,MA,Unincorporated ACT
206011106,Brunswick East,VIC,Metropolitan,1,2024,Melbourne - Inner,Greater Melbourne,0.6005,0.6176,0.6642,0.4978,0.5957,0.1658,0.5763,0.8025,0.7050,0.4722,0.8096,M50,MC,MA,Merri-bek
112011239,Brunswick Heads - Ocean Shores,NSW,Inner regional,2,2024,Richmond - Tweed,Rest of NSW,0.6874,0.5897,0.6904,0.5011,0.6205,0.5902,0.6075,0.6972,0.6914,0.4373,0.6015,M50,HC,MA,Byron
206011495,Brunswick - North,VIC,Metropolitan,1,2024,Melbourne - Inner,Greater Melbourne,0.6318,0.5644,0.6424,0.4806,0.6818,0.1633,0.5779,0.8025,0.6204,0.4984,0.8486,M50,MC,MA,Merri-bek
206011496,Brunswick - South,VIC,Metropolitan,1,2024,Melbourne - Inner,Greater Melbourne,0.6311,0.6459,0.7003,0.5259,0.6891,0.1263,0.5739,0.8025,0.7203,0.5052,0.8544,M50,MC,HA,Merri-bek
206011107,Brunswick West,VIC,Metropolitan,1,2024,Melbourne - Inner,Greater Melbourne,0.6139,0.5757,0.6412,0.4646,0.6673,0.1527,0.5798,0.8025,0.6821,0.4236,0.8327,M50,MC,MA,Merri-bek
603021069,Bruny Island - Kettering,TAS,Inner regional,2,2024,South East,Rest of Tas.,0.4342,0.6503,0.6086,0.8197,0.8869,0.1935,0.2297,0.0169,0.6016,0.7001,0.7080,M50,LC,HA,Huon Valley; Kingborough
205021082,Bruthen - Omeo,VIC,Outer regional,3,2024,Latrobe - Gippsland,Rest of Vic.,0.4514,0.6427,0.6107,0.7821,0.6444,0.2690,0.5884,0.1245,0.6416,0.6237,0.5575,M50,LC,MA,Wellington; East Gippsland
316021418,Buddina - Minyama,QLD,Metropolitan,1,2024,Sunshine Coast,Rest of Qld,0.6756,0.6690,0.7406,0.6348,0.8155,0.4463,0.4394,0.5994,0.6061,0.7302,0.6730,H75,HC,HA,Sunshine Coast
316011413,Buderim - North,QLD,Metropolitan,1,2024,Sunshine Coast,Rest of Qld,0.7119,0.7422,0.8129,0.5641,0.8190,0.6095,0.4353,0.5994,0.6855,0.7534,0.6940,H75,HC,HA,Sunshine Coast
316011414,Buderim - South,QLD,Metropolitan,1,2024,Sunshine Coast,Rest of Qld,0.6816,0.7221,0.7818,0.6048,0.7314,0.6625,0.4350,0.5994,0.6765,0.7278,0.6414,H75,HC,HA,Sunshine Coast
102021046,Budgewoi - Buff Point - Halekulani,NSW,Metropolitan,1,2024,Central Coast,Greater Sydney,0.6672,0.5266,0.6343,0.5164,0.6598,0.7526,0.5891,0.6443,0.6247,0.4142,0.4838,M50,HC,MA,Central Coast (NSW)
108011151,Bulahdelah - Stroud,NSW,Inner regional,2,2024,Mid North Coast,Rest of NSW,0.6174,0.5927,0.6551,0.6366,0.6861,0.7153,0.5869,0.4238,0.6223,0.5531,0.5323,M50,MC,MA,Mid-Coast
305021114,Bulimba,QLD,Metropolitan,1,2024,Brisbane Inner City,Greater Brisbane,0.6600,0.7889,0.8178,0.6436,0.7484,0.4532,0.4518,0.6180,0.7402,0.7594,0.6183,H75,MC,HA,Brisbane
507041179,Bull Creek,WA,Metropolitan,1,2024,Perth - South West,Greater Perth,0.5146,0.4308,0.4885,0.5281,0.7802,0.1551,0.2753,0.7560,0.4108,0.5366,0.6009,L25,MC,LA,Melville
207021156,Bulleen,VIC,Metropolitan,1,2024,Melbourne - Inner East,Greater Melbourne,0.6049,0.5616,0.6264,0.5013,0.7973,0.1721,0.5428,0.7046,0.6403,0.4616,0.6794,M50,MC,MA,Boroondara; Manningham
504031058,Bullsbrook,WA,Inner regional,2,2024,Perth - North East,Greater Perth,0.6290,0.4944,0.5910,0.6903,0.7342,0.6957,0.2188,0.7227,0.5433,0.4738,0.5041,M50,MC,MA,Swan
215031400,Buloke,VIC,Outer regional,3,2024,North West,Rest of Vic.,0.4488,0.6334,0.6029,0.6864,0.5258,0.1506,0.5573,0.2054,0.6774,0.5489,0.9205,M50,LC,MA,Gannawarra; Swan Hill; Buloke
319011495,Bundaberg,QLD,Inner regional,2,2024,Wide Bay,Rest of Qld,0.3949,0.3627,0.3863,0.2373,0.5155,0.2962,0.4417,0.5580,0.5084,0.2523,0.5309,L25,LC,LA,Bundaberg
319011496,Bundaberg East - Kalkie,QLD,Inner regional,2,2024,Wide Bay,Rest of Qld,0.5794,0.4979,0.5680,0.4529,0.7018,0.5330,0.4400,0.5580,0.5074,0.5343,0.5516,M50,MC,MA,Bundaberg
319011497,Bundaberg North - Gooburrum,QLD,Inner regional,2,2024,Wide Bay,Rest of Qld,0.5113,0.4760,0.5192,0.3079,0.6501,0.5439,0.4403,0.5580,0.5109,0.4845,0.5402,L25,MC,MA,Bundaberg
319011498,Bundaberg Surrounds - North,QLD,Inner regional,2,2024,Wide Bay,Rest of Qld,0.5604,0.5152,0.5709,0.5749,0.6376,0.6072,0.4368,0.5580,0.5630,0.4864,0.4501,M50,MC,MA,Bundaberg
319011499,Bundaberg Surrounds - South,QLD,Inner regional,2,2024,Wide Bay,Rest of Qld,0.5014,0.4937,0.5272,0.5614,0.6370,0.3563,0.4377,0.5220,0.5591,0.4483,0.4929,M50,MC,MA,Bundaberg
309101268,Bundall,QLD,Metropolitan,1,2024,Gold Coast,Rest of Qld,0.5884,0.6927,0.7117,0.5128,0.8405,0.3682,0.4101,0.6066,0.6895,0.6489,0.5242,H75,MC,HA,Gold Coast
310031284,Bundamba,QLD,Metropolitan,1,2024,Ipswich,Greater Brisbane,0.4740,0.3765,0.4309,0.3902,0.7036,0.5281,0.4583,0.6058,0.5138,0.2734,0.2465,L25,MC,LA,Ipswich
209011196,Bundoora - East,VIC,Metropolitan,1,2024,Melbourne - North East,Greater Melbourne,0.7102,0.6370,0.7369,0.4856,0.8489,0.2764,0.5892,0.7700,0.7399,0.4547,0.6884,H75,HC,MA,Banyule; Nillumbik
209041216,Bundoora - North,VIC,Metropolitan,1,2024,Melbourne - North East,Greater Melbourne,0.6560,0.5112,0.6173,0.4492,0.7735,0.3355,0.5350,0.7337,0.6386,0.3601,0.6020,M50,MC,MA,Whittlesea
209041217,Bundoora - West,VIC,Metropolitan,1,2024,Melbourne - North East,Greater Melbourne,0.5600,0.4712,0.5393,0.3991,0.7766,0.1609,0.5366,0.7337,0.6433,0.2685,0.6229,M50,MC,LA,Whittlesea
201011005,Buninyong,VIC,Inner regional,2,2024,Ballarat,Rest of Vic.,0.8636,0.6848,0.8629,0.8002,0.7576,0.6945,0.5922,0.7024,0.6583,0.6819,0.7251,H75,HC,HA,Ballarat; Moorabool
212011547,Bunyip - Garfield,VIC,Metropolitan,1,2024,Melbourne - South East,Greater Melbourne,0.7882,0.6388,0.7835,0.7918,0.7051,0.4772,0.5111,0.7731,0.6792,0.5570,0.6947,H75,HC,MA,Cardinia
318011461,Burdekin,QLD,Outer regional,3,2024,Townsville,Rest of Qld,0.4402,0.4907,0.4972,0.7596,0.5934,0.6528,0.4144,0.0858,0.4929,0.5408,0.3831,L25,LC,MA,Burdekin
318021582,Burdell - Mount Low,QLD,Outer regional,3,2024,Townsville,Rest of Qld,0.4912,0.6343,0.6229,0.6197,0.6085,0.7056,0.4651,0.5966,0.6878,0.5341,0.1594,M50,MC,MA,Townsville
309011225,Burleigh Heads,QLD,Metropolitan,1,2024,Gold Coast,Rest of Qld,0.6164,0.6973,0.7293,0.5521,0.8214,0.3836,0.4011,0.6066,0.7325,0.5893,0.6104,H75,MC,HA,Gold Coast
309011226,Burleigh Waters,QLD,Metropolitan,1,2024,Gold Coast,Rest of Qld,0.6924,0.5857,0.6903,0.5474,0.8205,0.6972,0.4014,0.6066,0.5752,0.6108,0.6206,M50,HC,MA,Gold Coast
604011076,Burnie - Ulverstone Surrounds,TAS,Outer regional,3,2024,West and North West,Rest of Tas.,0.4560,0.5722,0.5625,0.8689,0.7009,0.1833,0.6130,0.0055,0.5879,0.5643,0.6125,M50,LC,MA,Burnie; Waratah-Wynyard; Central Coast (Tas.); Kentish
604011077,Burnie - Wivenhoe,TAS,Outer regional,3,2024,West and North West,Rest of Tas.,0.4006,0.3480,0.3781,0.4389,0.7144,0.1686,0.6620,0.0074,0.4749,0.2723,0.6868,L25,LC,LA,Burnie
213041461,Burnside,VIC,Metropolitan,1,2024,Melbourne - West,Greater Melbourne,0.6857,0.3743,0.5357,0.4106,0.7198,0.7423,0.4713,0.7731,0.4925,0.3011,0.4858,M50,HC,LA,Melton
213041462,Burnside Heights,VIC,Metropolitan,1,2024,Melbourne - West,Greater Melbourne,0.6031,0.3885,0.5019,0.4019,0.6601,0.8166,0.4704,0.7731,0.5214,0.2870,0.3209,L25,MC,LA,Melton
401031011,Burnside - Wattle Park,SA,Metropolitan,1,2024,Adelaide - Central and Hills,Greater Adelaide,0.7801,0.7755,0.8762,0.5682,0.8084,0.3963,0.6062,0.7528,0.7914,0.6493,0.7186,H75,HC,HA,Burnside
313041372,Burpengary,QLD,Metropolitan,1,2024,Moreton Bay - North,Greater Brisbane,0.6457,0.4505,0.5684,0.5399,0.7611,0.5787,0.4232,0.6039,0.4651,0.4995,0.5739,M50,MC,LA,Moreton Bay
313021364,Burpengary - East,QLD,Metropolitan,1,2024,Moreton Bay - North,Greater Brisbane,0.5933,0.5462,0.6095,0.6116,0.7287,0.5984,0.4298,0.6039,0.5423,0.5803,0.3979,M50,MC,MA,Moreton Bay
319051522,Burrum - Fraser,QLD,Outer regional,3,2024,Wide Bay,Rest of Qld,0.4062,0.4182,0.4306,0.4657,0.7018,0.4481,0.4342,0.1015,0.4616,0.4385,0.4266,L25,LC,LA,Fraser Coast
207031166,Burwood East,VIC,Metropolitan,1,2024,Melbourne - Inner East,Greater Melbourne,0.5892,0.4507,0.5392,0.4072,0.7922,0.1683,0.5816,0.7554,0.5582,0.3608,0.6261,M50,MC,LA,Whitehorse
120031678,Burwood (NSW),NSW,Metropolitan,1,2024,Sydney - Inner West,Greater Sydney,0.4407,0.4995,0.5038,0.2593,0.5244,0.3721,0.4695,0.6822,0.6057,0.3882,0.4111,L25,LC,MA,Burwood
207031165,Burwood (Vic.),VIC,Metropolitan,1,2024,Melbourne - Inner East,Greater Melbourne,0.5440,0.6656,0.6703,0.3077,0.7332,0.1808,0.5745,0.7554,0.7720,0.4596,0.6672,M50,MC,HA,Whitehorse
501011293,Busselton - East,WA,Inner regional,2,2024,Bunbury,Rest of WA,0.4823,0.5186,0.5361,0.5987,0.7194,0.1985,0.2538,0.6617,0.4965,0.5919,0.6031,M50,MC,MA,Busselton
501011003,Busselton Surrounds,WA,Inner regional,2,2024,Bunbury,Rest of WA,0.4976,0.6365,0.6274,0.7955,0.7842,0.6463,0.2493,0.2344,0.5730,0.7153,0.4940,M50,MC,MA,Busselton
501011294,Busselton - West,WA,Inner regional,2,2024,Bunbury,Rest of WA,0.6010,0.5394,0.6086,0.5388,0.7311,0.6146,0.2542,0.6617,0.5280,0.5878,0.5910,M50,MC,MA,Busselton
505031099,Butler - Merriwa - Ridgewood,WA,Metropolitan,1,2024,Perth - North West,Greater Perth,0.5623,0.3672,0.4662,0.3962,0.6206,0.7339,0.2187,0.7530,0.4579,0.3381,0.5797,L25,MC,LA,Wanneroo
506061142,Byford,WA,Metropolitan,1,2024,Perth - South East,Greater Perth,0.5498,0.3696,0.4617,0.5234,0.6218,0.6479,0.2332,0.7812,0.3629,0.4788,0.4149,L25,MC,LA,Serpentine-Jarrahdale
112011240,Byron Bay,NSW,Inner regional,2,2024,Richmond - Tweed,Rest of NSW,0.6839,0.5671,0.6724,0.4899,0.6182,0.5873,0.6085,0.6972,0.6472,0.4619,0.6067,M50,HC,MA,Byron
313021572,Caboolture - East,QLD,Metropolitan,1,2024,Moreton Bay - North,Greater Brisbane,0.5016,0.4625,0.5050,0.2806,0.5965,0.6001,0.4326,0.6039,0.5031,0.4685,0.4938,L25,MC,LA,Moreton Bay
313021366,Caboolture - South,QLD,Metropolitan,1,2024,Moreton Bay - North,Greater Brisbane,0.4632,0.3613,0.4151,0.2287,0.6124,0.5386,0.4307,0.6039,0.4966,0.2673,0.4606,L25,LC,LA,Moreton Bay
313021573,Caboolture - West,QLD,Metropolitan,1,2024,Moreton Bay - North,Greater Brisbane,0.5643,0.4578,0.5319,0.3720,0.7118,0.4644,0.4313,0.6039,0.5021,0.4605,0.5537,M50,MC,LA,Moreton Bay
127021511,Cabramatta - Lansvale,NSW,Metropolitan,1,2024,Sydney - South West,Greater Sydney,0.2785,0.4077,0.3717,0.1537,0.5944,0.4287,0.4458,0.5525,0.5888,0.2215,0.1018,L25,LC,LA,Fairfield
127021512,Cabramatta West - Mount Pritchard,NSW,Metropolitan,1,2024,Sydney - South West,Greater Sydney,0.2513,0.4147,0.3666,0.2683,0.6475,0.1242,0.4458,0.5552,0.5995,0.2192,0.1265,L25,LC,LA,Fairfield; Liverpool
213011329,Cairnlea,VIC,Metropolitan,1,2024,Melbourne - West,Greater Melbourne,0.4796,0.5043,0.5247,0.4186,0.7988,0.2483,0.4977,0.6556,0.7064,0.2333,0.3205,M50,MC,MA,Brimbank
306021145,Cairns City,QLD,Outer regional,3,2024,Cairns,Rest of Qld,0.3795,0.5197,0.4918,0.3684,0.5818,0.2513,0.4751,0.5949,0.6267,0.3967,0.2715,L25,LC,MA,Cairns
303051073,Calamvale - Stretton,QLD,Metropolitan,1,2024,Brisbane - South,Greater Brisbane,0.6141,0.5227,0.6034,0.4127,0.7193,0.8426,0.4172,0.6180,0.6812,0.3147,0.4573,M50,MC,MA,Brisbane
102011030,Calga - Kulnura,NSW,Metropolitan,1,2024,Central Coast,Greater Sydney,0.7732,0.6547,0.7859,0.7550,0.7634,0.7457,0.5986,0.6295,0.7314,0.5048,0.5594,H75,HC,HA,Central Coast (NSW)
202011019,California Gully - Eaglehawk,VIC,Inner regional,2,2024,Bendigo,Rest of Vic.,0.6839,0.6087,0.7021,0.3992,0.6239,0.6679,0.6154,0.6788,0.6940,0.4720,0.6803,M50,HC,MA,Greater Bendigo
507031170,Calista,WA,Metropolitan,1,2024,Perth - South West,Greater Perth,0.3943,0.2523,0.3071,0.3166,0.6913,0.1787,0.2539,0.7387,0.3518,0.2497,0.4463,L25,LC,LA,Kwinana
114011273,Callala Bay - Currarong,NSW,Inner regional,2,2024,Southern Highlands and Shoalhaven,Rest of NSW,0.6895,0.6043,0.7020,0.6389,0.7582,0.7201,0.5968,0.5997,0.6396,0.5497,0.4541,M50,HC,MA,Shoalhaven
316061440,Caloundra Hinterland,QLD,Inner regional,2,2024,Sunshine Coast,Rest of Qld,0.7028,0.6789,0.7627,0.6234,0.7952,0.6212,0.4177,0.5994,0.6589,0.6692,0.6658,H75,HC,HA,Sunshine Coast
316021419,Caloundra - Kings Beach,QLD,Metropolitan,1,2024,Sunshine Coast,Rest of Qld,0.4996,0.5065,0.5355,0.3852,0.6434,0.2597,0.4402,0.5994,0.5588,0.4750,0.6785,M50,MC,MA,Sunshine Coast
316021580,Caloundra West - Baringa,QLD,Metropolitan,1,2024,Sunshine Coast,Rest of Qld,0.5632,0.5390,0.5893,0.5028,0.6098,0.6566,0.4387,0.5994,0.5943,0.4871,0.4416,M50,MC,MA,Sunshine Coast
801071073,Calwell,ACT,Metropolitan,1,2024,Australian Capital Territory,Australian Capital Territory,0.6377,0.6543,0.7097,0.6609,0.6570,0.7816,0.2434,0.5987,0.5822,0.7369,0.7463,M50,MC,HA,Unincorporated ACT
207011149,Camberwell,VIC,Metropolitan,1,2024,Melbourne - Inner East,Greater Melbourne,0.6733,0.8046,0.8362,0.5364,0.7817,0.1441,0.5646,0.8244,0.7810,0.7242,0.7780,H75,HC,HA,Boroondara
317011445,Cambooya - Wyreema,QLD,Inner regional,2,2024,Toowoomba,Rest of Qld,0.5639,0.7431,0.7354,0.7240,0.7204,0.6881,0.4508,0.5966,0.7216,0.6984,0.2342,H75,MC,HA,Toowoomba
601021005,Cambridge,TAS,Inner regional,2,2024,Hobart,Greater Hobart,0.8552,0.6439,0.8283,0.8698,0.8937,0.6464,0.8264,0.4082,0.5714,0.7323,0.7249,H75,HC,MA,Sorell; Clarence
124031457,Cambridge Park,NSW,Metropolitan,1,2024,Sydney - Outer West and Blue Mountains,Greater Sydney,0.6292,0.5248,0.6128,0.5530,0.7113,0.4194,0.6046,0.6750,0.5989,0.4511,0.4487,M50,MC,MA,Penrith
123011433,Camden - Ellis Lane,NSW,Metropolitan,1,2024,Sydney - Outer South West,Greater Sydney,0.7764,0.6624,0.7933,0.6167,0.8010,0.4860,0.5520,0.7146,0.6232,0.6913,0.6407,H75,HC,HA,Camden; Wollondilly
506011112,Camillo - Champion Lakes,WA,Metropolitan,1,2024,Perth - South East,Greater Perth,0.4275,0.3420,0.3855,0.3780,0.6462,0.1704,0.2878,0.7501,0.4489,0.2985,0.5045,L25,LC,LA,Armadale
310041297,Camira - Gailes,QLD,Metropolitan,1,2024,Ipswich,Greater Brisbane,0.5239,0.4576,0.5121,0.4978,0.7549,0.5439,0.4423,0.6058,0.5202,0.4331,0.2720,L25,MC,LA,Ipswich
801051124,Campbell,ACT,Metropolitan,1,2024,Australian Capital Territory,Australian Capital Territory,0.3610,0.8708,0.7350,0.6984,0.5028,0.0125,0.2645,0.5987,0.8543,0.7334,0.6906,H75,LC,HA,Unincorporated ACT
210051243,Campbellfield - Coolaroo,VIC,Metropolitan,1,2024,Melbourne - North West,Greater Melbourne,0.4737,0.5424,0.5492,0.1863,0.8241,0.4158,0.4461,0.7024,0.7238,0.2847,0.3521,M50,LC,MA,Hume
123021437,Campbelltown - Woodbine,NSW,Metropolitan,1,2024,Sydney - Outer South West,Greater Sydney,0.5206,0.4747,0.5227,0.4089,0.6233,0.5239,0.5725,0.6592,0.6150,0.3217,0.3048,M50,MC,MA,Campbelltown (NSW)
217031471,Camperdown,VIC,Inner regional,2,2024,Warrnambool and South West,Rest of Vic.,0.5822,0.5529,0.6087,0.5705,0.7142,0.1441,0.5705,0.6183,0.5622,0.5641,0.8738,M50,MC,MA,Corangamite
117031638,Camperdown - Darlington,NSW,Metropolitan,1,2024,Sydney - City and Inner South,Greater Sydney,0.7548,0.7193,0.8212,0.5545,0.6035,0.5765,0.6308,0.7334,0.7458,0.6117,0.7677,H75,HC,HA,Inner West; Sydney
303011047,Camp Hill,QLD,Metropolitan,1,2024,Brisbane - South,Greater Brisbane,0.6158,0.7457,0.7635,0.7029,0.7351,0.3037,0.4312,0.6180,0.7046,0.7303,0.6908,H75,MC,HA,Brisbane
119021659,Campsie - North,NSW,Metropolitan,1,2024,Sydney - Inner South West,Greater Sydney,0.4070,0.3727,0.3985,0.2564,0.5795,0.5360,0.3752,0.6172,0.4895,0.3024,0.2941,L25,LC,LA,Canterbury-Bankstown
119021660,Campsie - South,NSW,Metropolitan,1,2024,Sydney - Inner South West,Greater Sydney,0.3566,0.3667,0.3732,0.2351,0.4891,0.4550,0.3768,0.6172,0.4822,0.3009,0.2696,L25,LC,LA,Canterbury-Bankstown
201011483,Canadian - Mount Clear,VIC,Inner regional,2,2024,Ballarat,Rest of Vic.,0.7283,0.6847,0.7812,0.4852,0.6751,0.5612,0.6028,0.7024,0.6894,0.6331,0.7114,H75,HC,HA,Ballarat
801031113,Canberra East,ACT,Metropolitan,1,2024,Australian Capital Territory,Australian Capital Territory,0.4076,0.8088,0.7102,0.4208,0.5860,0.1759,0.2756,0.5987,0.8775,0.5695,0.6706,M50,LC,HA,Unincorporated ACT
127021513,Canley Vale - Canley Heights,NSW,Metropolitan,1,2024,Sydney - South West,Greater Sydney,0.3040,0.3710,0.3553,0.2041,0.5110,0.5632,0.4458,0.5525,0.5413,0.2185,0.1026,L25,LC,LA,Fairfield
506031127,Cannington - Queens Park,WA,Metropolitan,1,2024,Perth - South East,Greater Perth,0.4593,0.3772,0.4247,0.3637,0.5963,0.4637,0.2940,0.7360,0.5280,0.2527,0.3363,L25,LC,LA,Canning
506041133,Canning Vale - East,WA,Metropolitan,1,2024,Perth - South East,Greater Perth,0.5832,0.3853,0.4895,0.5160,0.7774,0.7005,0.2762,0.6982,0.3772,0.4909,0.3851,L25,MC,LA,Gosnells
506031125,Canning Vale - West,WA,Metropolitan,1,2024,Perth - South East,Greater Perth,0.6863,0.5638,0.6713,0.5842,0.8891,0.7900,0.2921,0.7360,0.5832,0.5546,0.4252,M50,HC,MA,Canning
303011048,Cannon Hill,QLD,Metropolitan,1,2024,Brisbane - South,Greater Brisbane,0.6477,0.6167,0.6882,0.5989,0.7435,0.4399,0.4300,0.6180,0.6411,0.5724,0.6579,M50,MC,MA,Brisbane
120031392,Canterbury (North) - Ashbury,NSW,Metropolitan,1,2024,Sydney - Inner West,Greater Sydney,0.5996,0.4912,0.5734,0.4718,0.6664,0.5936,0.4695,0.6172,0.5745,0.4196,0.4975,M50,MC,MA,Canterbury-Bankstown
119021661,Canterbury - South,NSW,Metropolitan,1,2024,Sydney - Inner South West,Greater Sydney,0.4789,0.4000,0.4499,0.3783,0.6470,0.5207,0.3768,0.6172,0.5362,0.2884,0.3364,L25,MC,LA,Canterbury-Bankstown
301011004,Capalaba,QLD,Metropolitan,1,2024,Brisbane - East,Greater Brisbane,0.6961,0.4937,0.6267,0.5857,0.8340,0.6349,0.3661,0.5997,0.5290,0.4937,0.6712,M50,HC,MA,Redland
501021007,Capel,WA,Inner regional,2,2024,Bunbury,Rest of WA,0.6515,0.6160,0.6898,0.7056,0.7185,0.6341,0.2500,0.7201,0.5658,0.6853,0.5750,M50,MC,MA,Capel; Busselton
315011396,Cape York,QLD,Remote,4,2024,Queensland - Outback,Rest of Qld,0.2935,0.3123,0.3093,0.5131,0.4869,0.4530,0.4082,0.0569,0.4730,0.1986,0.2582,L25,LC,LA,Napranum; Mapoon; Hope Vale; Wujal Wujal; Lockhart River; Cook
505031256,Carabooda - Pinjar,WA,Metropolitan,1,2024,Perth - North West,Greater Perth,0.5494,0.4328,0.5067,0.7377,0.7586,0.1946,0.2178,0.7530,0.4970,0.4164,0.6630,L25,MC,LA,Wanneroo
303011049,Carina,QLD,Metropolitan,1,2024,Brisbane - South,Greater Brisbane,0.6466,0.5839,0.6642,0.5106,0.6759,0.5890,0.4300,0.6180,0.6464,0.4976,0.6860,M50,MC,MA,Brisbane
303011050,Carina Heights,QLD,Metropolitan,1,2024,Brisbane - South,Greater Brisbane,0.5547,0.5562,0.5974,0.4858,0.7008,0.2834,0.4305,0.6180,0.6695,0.4038,0.6735,M50,MC,MA,Brisbane
303011051,Carindale,QLD,Metropolitan,1,2024,Brisbane - South,Greater Brisbane,0.6784,0.6922,0.7586,0.6072,0.8652,0.3876,0.4298,0.6180,0.6319,0.7371,0.6995,H75,HC,HA,Brisbane
128011602,Caringbah,NSW,Metropolitan,1,2024,Sydney - Sutherland,Greater Sydney,0.6892,0.5826,0.6864,0.5673,0.7948,0.4596,0.3947,0.7151,0.6430,0.5002,0.5994,M50,HC,MA,Sutherland
128011603,Caringbah South,NSW,Metropolitan,1,2024,Sydney - Sutherland,Greater Sydney,0.7654,0.7595,0.8561,0.8023,0.8131,0.6072,0.3899,0.7151,0.6282,0.8750,0.5999,H75,HC,HA,Sutherland
125021711,Carlingford - East,NSW,Metropolitan,1,2024,Sydney - Parramatta,Greater Sydney,0.6550,0.4387,0.5650,0.4824,0.7133,0.4634,0.5232,0.7151,0.5886,0.2879,0.4952,M50,MC,LA,Parramatta
125021712,Carlingford - West,NSW,Metropolitan,1,2024,Sydney - Parramatta,Greater Sydney,0.5577,0.4568,0.5279,0.4370,0.6424,0.3717,0.5232,0.7151,0.6161,0.2820,0.4197,M50,MC,LA,The Hills; Parramatta
206041117,Carlton,VIC,Metropolitan,1,2024,Melbourne - Inner,Greater Melbourne,0.5210,0.8070,0.7602,0.2733,0.5088,0.1750,0.6289,1.0000,0.9270,0.4780,0.5161,H75,MC,HA,Melbourne
206071140,Carlton North - Princes Hill,VIC,Metropolitan,1,2024,Melbourne - Inner,Greater Melbourne,0.7176,0.8077,0.8629,0.5818,0.6400,0.1791,0.6128,0.9765,0.8395,0.6328,0.8081,H75,HC,HA,Yarra; Melbourne
511021276,Carnarvon,WA,Very remote,5,2024,,Rest of WA,0.3309,0.3603,0.3582,0.5321,0.5669,0.1729,0.2878,0.5569,0.4195,0.3799,0.2888,L25,LC,LA,Carnarvon
208021176,Carnegie,VIC,Metropolitan,1,2024,Melbourne - Inner South,Greater Melbourne,0.5818,0.5875,0.6332,0.4667,0.6845,0.1560,0.4270,0.8169,0.7026,0.4145,0.8029,M50,MC,MA,Glen Eira
213041463,Caroline Springs,VIC,Metropolitan,1,2024,Melbourne - West,Greater Melbourne,0.7146,0.4562,0.6103,0.4850,0.7439,0.7725,0.4704,0.7731,0.5539,0.3789,0.4632,M50,HC,LA,Melton
315021404,Carpentaria,QLD,Very remote,5,2024,Queensland - Outback,Rest of Qld,0.2123,0.2905,0.2639,0.5313,0.4003,0.3512,0.4500,0.0483,0.4513,0.1848,0.0745,L25,LC,LA,Mornington; Burke; Doomadgee; Carpentaria; Mount Isa
505031100,Carramar,WA,Metropolitan,1,2024,Perth - North West,Greater Perth,0.5902,0.4301,0.5251,0.5087,0.6666,0.6904,0.2199,0.7530,0.4873,0.4253,0.5337,M50,MC,LA,Wanneroo
309061246,Carrara,QLD,Metropolitan,1,2024,Gold Coast,Rest of Qld,0.6637,0.5744,0.6666,0.5361,0.7866,0.7176,0.3960,0.6066,0.5878,0.5690,0.5675,M50,HC,MA,Gold Coast
214011370,Carrum Downs,VIC,Metropolitan,1,2024,Mornington Peninsula,Greater Melbourne,0.7625,0.5393,0.6972,0.4843,0.7719,0.7483,0.5635,0.7337,0.6898,0.3352,0.5384,M50,HC,MA,Frankston
208031185,Carrum - Patterson Lakes,VIC,Metropolitan,1,2024,Melbourne - Inner South,Greater Melbourne,0.6922,0.7159,0.7832,0.6200,0.7829,0.6901,0.4219,0.5593,0.7940,0.5249,0.6719,H75,HC,HA,Kingston (Vic.)
302011024,Carseldine,QLD,Metropolitan,1,2024,Brisbane - North,Greater Brisbane,0.6764,0.6273,0.7113,0.4582,0.7107,0.7430,0.4432,0.6180,0.6694,0.5493,0.6883,H75,HC,MA,Brisbane
801041036,Casey,ACT,Metropolitan,1,2024,Australian Capital Territory,Australian Capital Territory,0.3792,0.6076,0.5546,0.5586,0.4321,0.1705,0.2370,0.5987,0.6168,0.5917,0.6522,M50,LC,MA,Unincorporated ACT
314011383,Cashmere,QLD,Metropolitan,1,2024,Moreton Bay - South,Greater Brisbane,0.6314,0.6300,0.6890,0.7046,0.7124,0.6204,0.3534,0.6039,0.5607,0.7205,0.5452,M50,MC,MA,Moreton Bay
112021244,Casino,NSW,Inner regional,2,2024,Richmond - Tweed,Rest of NSW,0.6067,0.5977,0.6531,0.4108,0.6889,0.6175,0.6292,0.5652,0.6820,0.4688,0.5131,M50,MC,MA,Richmond Valley
112021245,Casino Surrounds,NSW,Inner regional,2,2024,Richmond - Tweed,Rest of NSW,0.5123,0.6452,0.6405,0.6865,0.5751,0.6651,0.6085,0.1077,0.7359,0.4780,0.5040,M50,MC,MA,Richmond Valley; Clarence Valley; Kyogle
121011683,Castle Cove - Northbridge,NSW,Metropolitan,1,2024,Sydney - North Sydney and Hornsby,Greater Sydney,0.7592,0.7129,0.8192,0.6961,0.6693,0.6605,0.4781,0.7176,0.7542,0.5851,0.6741,H75,HC,HA,North Sydney; Willoughby
115011553,Castle Hill - Central,NSW,Metropolitan,1,2024,Sydney - Baulkham Hills and Hawkesbury,Greater Sydney,0.5961,0.6419,0.6793,0.5172,0.8488,0.4127,0.2135,0.7209,0.6921,0.5427,0.6118,M50,MC,MA,The Hills
115011554,Castle Hill - East,NSW,Metropolitan,1,2024,Sydney - Baulkham Hills and Hawkesbury,Greater Sydney,0.5897,0.6041,0.6490,0.3285,0.7332,0.7356,0.2076,0.7151,0.6122,0.5916,0.7315,M50,MC,MA,Hornsby
115011555,Castle Hill - North,NSW,Metropolitan,1,2024,Sydney - Baulkham Hills and Hawkesbury,Greater Sydney,0.6518,0.6454,0.7109,0.6189,0.7965,0.5385,0.2100,0.7209,0.6426,0.6277,0.6593,M50,MC,HA,The Hills
115011556,Castle Hill - South,NSW,Metropolitan,1,2024,Sydney - Baulkham Hills and Hawkesbury,Greater Sydney,0.6007,0.5759,0.6345,0.5030,0.7258,0.5642,0.2116,0.7209,0.5783,0.5864,0.6259,M50,MC,MA,The Hills
115011557,Castle Hill - West,NSW,Metropolitan,1,2024,Sydney - Baulkham Hills and Hawkesbury,Greater Sydney,0.5356,0.6492,0.6545,0.6618,0.7944,0.2460,0.2087,0.7209,0.6609,0.6069,0.5903,M50,MC,HA,The Hills
202021027,Castlemaine,VIC,Inner regional,2,2024,Bendigo,Rest of Vic.,0.6808,0.5979,0.6926,0.6271,0.7396,0.2129,0.6002,0.6631,0.5634,0.6527,0.9638,M50,HC,MA,Mount Alexander
202021028,Castlemaine Surrounds,VIC,Inner regional,2,2024,Bendigo,Rest of Vic.,0.6986,0.7225,0.7914,0.8081,0.7082,0.2446,0.5948,0.6631,0.6750,0.7308,0.8660,H75,HC,HA,Central Goldfields; Mount Alexander; Loddon; Greater Bendigo
507031261,Casuarina - Wandi,WA,Metropolitan,1,2024,Perth - South West,Greater Perth,0.4237,0.4473,0.4590,0.6248,0.7049,0.1761,0.2531,0.7387,0.4339,0.5376,0.3241,L25,LC,LA,Kwinana
127031522,Casula,NSW,Metropolitan,1,2024,Sydney - South West,Greater Sydney,0.5136,0.4019,0.4674,0.4115,0.6941,0.5675,0.4796,0.6363,0.5213,0.3156,0.2787,L25,MC,LA,Liverpool
208021177,Caulfield - North,VIC,Metropolitan,1,2024,Melbourne - Inner South,Greater Melbourne,0.6072,0.6690,0.7043,0.5224,0.7028,0.1477,0.4333,0.8169,0.6743,0.6254,0.8371,M50,MC,HA,Glen Eira
208021178,Caulfield - South,VIC,Metropolitan,1,2024,Melbourne - Inner South,Greater Melbourne,0.6589,0.6298,0.7035,0.5635,0.7541,0.1831,0.4306,0.8169,0.6637,0.5633,0.8752,M50,MC,MA,Glen Eira
127011593,Cecil Hills,NSW,Metropolitan,1,2024,Sydney - South West,Greater Sydney,0.6033,0.3202,0.4533,0.5557,0.8637,0.7473,0.4212,0.6363,0.3619,0.3784,0.2595,L25,MC,LA,Liverpool
406011129,Ceduna,SA,Very remote,5,2024,South Australia - Outback,Rest of SA,0.3633,0.4667,0.4473,0.6126,0.5923,0.3357,0.5554,0.0966,0.5793,0.3614,0.3334,L25,LC,LA,Ceduna
603011065,Central Highlands,TAS,Outer regional,3,2024,South East,Rest of Tas.,0.3200,0.5347,0.4784,0.7476,0.5470,0.3524,0.1497,0.0025,0.6272,0.4269,0.5954,L25,LC,MA,Central Highlands (Tas.); Southern Midlands; Derwent Valley
308011190,Central Highlands - East,QLD,Outer regional,3,2024,Fitzroy,Rest of Qld,0.3589,0.4567,0.4383,0.5335,0.4062,0.6076,0.4296,0.1193,0.5612,0.3687,0.4039,L25,LC,LA,Central Highlands (Qld); Woorabinda
308011191,Central Highlands - West,QLD,Remote,4,2024,Fitzroy,Rest of Qld,0.4574,0.4729,0.4922,0.8171,0.5012,0.6130,0.4249,0.1271,0.5815,0.3709,0.4976,L25,LC,LA,Central Highlands (Qld)
106011108,Cessnock,NSW,Metropolitan,1,2024,Hunter Valley exc Newcastle,Rest of NSW,0.5789,0.4633,0.5431,0.4015,0.6510,0.5831,0.5403,0.6247,0.5146,0.4531,0.4534,M50,MC,LA,Cessnock
106011109,Cessnock Surrounds,NSW,Metropolitan,1,2024,Hunter Valley exc Newcastle,Rest of NSW,0.6565,0.6279,0.7008,0.7469,0.7193,0.6546,0.5486,0.6247,0.6098,0.6429,0.3862,M50,MC,MA,Cessnock
311031313,Chambers Flat - Logan Reserve,QLD,Metropolitan,1,2024,Logan - Beaudesert,Greater Brisbane,0.3309,0.5850,0.5187,0.4082,0.5914,0.1453,0.4103,0.5997,0.6725,0.4583,0.2567,L25,LC,MA,Logan
304021088,Chapel Hill,QLD,Metropolitan,1,2024,Brisbane - West,Greater Brisbane,0.6021,0.8290,0.8160,0.6419,0.7527,0.5130,0.2390,0.6180,0.7517,0.8198,0.6841,H75,MC,HA,Brisbane
801081091,Chapman,ACT,Metropolitan,1,2024,Australian Capital Territory,Australian Capital Territory,0.4445,0.8120,0.7286,0.7653,0.5756,0.0596,0.2617,0.5987,0.6749,0.9065,0.8397,H75,LC,HA,Unincorporated ACT
203021485,Charlemont,VIC,Metropolitan,1,2024,Geelong,Rest of Vic.,0.5168,0.6624,0.6550,0.4912,0.5220,0.1988,0.5821,0.7116,0.8296,0.3535,0.6023,M50,MC,HA,Greater Geelong
702011045,Charles,NT,Remote,4,2024,Northern Territory - Outback,Rest of NT,0.3252,0.4154,0.3953,0.5250,0.7115,0.0836,0.5267,0.5703,0.4330,0.4739,0.1322,L25,LC,LA,Alice Springs
111011208,Charlestown - Dudley,NSW,Metropolitan,1,2024,Newcastle and Lake Macquarie,Rest of NSW,0.7875,0.5876,0.7465,0.6314,0.7869,0.5748,0.6158,0.6548,0.5268,0.6860,0.6739,H75,HC,MA,Lake Macquarie
315031409,Charleville,QLD,Very remote,5,2024,Queensland - Outback,Rest of Qld,0.4252,0.4216,0.4413,0.5523,0.5862,0.5215,0.4598,0.0819,0.5919,0.2462,0.4971,L25,LC,LA,Murweh
801011004,Charnwood,ACT,Metropolitan,1,2024,Australian Capital Territory,Australian Capital Territory,0.4851,0.4700,0.5027,0.4920,0.6312,0.2520,0.2678,0.5987,0.5970,0.3405,0.7852,L25,MC,LA,Unincorporated ACT
318011462,Charters Towers,QLD,Outer regional,3,2024,Townsville,Rest of Qld,0.4806,0.4488,0.4855,0.4420,0.6117,0.5053,0.4182,0.5271,0.4857,0.4660,0.4135,L25,MC,LA,Charters Towers
121011684,Chatswood - East,NSW,Metropolitan,1,2024,Sydney - North Sydney and Hornsby,Greater Sydney,0.5742,0.6766,0.6930,0.3384,0.5973,0.5041,0.4836,0.7176,0.7121,0.5805,0.5313,M50,MC,HA,Willoughby
121011399,Chatswood (West) - Lane Cove North,NSW,Metropolitan,1,2024,Sydney - North Sydney and Hornsby,Greater Sydney,0.6554,0.6171,0.6926,0.5002,0.6464,0.4281,0.4781,0.7239,0.6717,0.5248,0.6502,M50,MC,MA,Ryde; Willoughby; Lane Cove
304031092,Chelmer - Graceville,QLD,Metropolitan,1,2024,Brisbane - West,Greater Brisbane,0.5824,0.8606,0.8285,0.6663,0.7929,0.3586,0.2413,0.6180,0.7780,0.8393,0.7193,H75,MC,HA,Brisbane
208031186,Chelsea - Bonbeach,VIC,Metropolitan,1,2024,Melbourne - Inner South,Greater Melbourne,0.5374,0.5581,0.5904,0.5632,0.7833,0.2019,0.4209,0.5593,0.6529,0.4345,0.7184,M50,MC,MA,Kingston (Vic.)
208031187,Chelsea Heights,VIC,Metropolitan,1,2024,Melbourne - Inner South,Greater Melbourne,0.7681,0.6657,0.7907,0.6332,0.9183,0.7473,0.4214,0.5593,0.7312,0.5275,0.7002,H75,HC,HA,Kingston (Vic.)
302021028,Chermside,QLD,Metropolitan,1,2024,Brisbane - North,Greater Brisbane,0.4093,0.4325,0.4422,0.2742,0.5173,0.2130,0.4582,0.6180,0.6049,0.2485,0.6028,L25,LC,LA,Brisbane
302021029,Chermside West,QLD,Metropolitan,1,2024,Brisbane - North,Greater Brisbane,0.6669,0.6745,0.7397,0.5653,0.7319,0.4601,0.4573,0.6180,0.7187,0.5657,0.7221,H75,HC,HA,Brisbane
115011558,Cherrybrook,NSW,Metropolitan,1,2024,Sydney - Baulkham Hills and Hawkesbury,Greater Sydney,0.6647,0.5971,0.6833,0.6328,0.7649,0.6891,0.2067,0.7151,0.5696,0.6420,0.6568,M50,HC,MA,Hornsby
125031479,Chester Hill - Sefton,NSW,Metropolitan,1,2024,Sydney - Parramatta,Greater Sydney,0.4676,0.4880,0.5076,0.3512,0.7084,0.4449,0.5287,0.6172,0.7058,0.1992,0.2521,L25,LC,MA,Canterbury-Bankstown
504021049,Chidlow,WA,Inner regional,2,2024,Perth - North East,Greater Perth,0.5033,0.4162,0.4727,0.7874,0.7008,0.2363,0.2140,0.7176,0.4024,0.5188,0.4985,L25,MC,LA,Mundaring
801091099,Chifley,ACT,Metropolitan,1,2024,Australian Capital Territory,Australian Capital Territory,0.4062,0.6299,0.5818,0.5575,0.5700,0.0554,0.2770,0.5987,0.6603,0.5688,0.8389,M50,LC,MA,Unincorporated ACT
204031070,Chiltern - Indigo Valley,VIC,Inner regional,2,2024,Hume,Rest of Vic.,0.7076,0.6905,0.7736,0.8086,0.7722,0.1574,0.5739,0.6871,0.6985,0.6304,0.9654,H75,HC,HA,Indigo
307011172,Chinchilla,QLD,Outer regional,3,2024,Darling Downs - Maranoa,Rest of Qld,0.3597,0.4892,0.4619,0.6125,0.6102,0.5542,0.3893,0.1116,0.5093,0.5138,0.2613,L25,LC,MA,Western Downs
117031639,Chippendale,NSW,Metropolitan,1,2024,Sydney - City and Inner South,Greater Sydney,0.5047,0.7279,0.6960,0.3566,0.4224,0.3729,0.6251,0.7389,0.7805,0.5719,0.4764,M50,MC,HA,Sydney
127031523,Chipping Norton - Moorebank,NSW,Metropolitan,1,2024,Sydney - South West,Greater Sydney,0.5705,0.5152,0.5759,0.5349,0.8577,0.4596,0.4845,0.6363,0.5844,0.4538,0.2907,M50,MC,MA,Liverpool
211051275,Chirnside Park,VIC,Metropolitan,1,2024,Melbourne - Outer East,Greater Melbourne,0.8101,0.6936,0.8358,0.6716,0.7899,0.4935,0.5259,0.7498,0.6925,0.6459,0.6854,H75,HC,HA,Yarra Ranges
801071074,Chisholm,ACT,Metropolitan,1,2024,Australian Capital Territory,Australian Capital Territory,0.6031,0.5050,0.5851,0.6525,0.6143,0.6295,0.2436,0.5987,0.4838,0.5828,0.7759,M50,MC,MA,Unincorporated ACT
102021047,Chittaway Bay - Tumbi Umbi,NSW,Metropolitan,1,2024,Central Coast,Greater Sydney,0.7424,0.5738,0.7101,0.6298,0.7942,0.6714,0.5956,0.6443,0.5953,0.5563,0.5216,M50,HC,MA,Central Coast (NSW)
509021236,Chittering,WA,Inner regional,2,2024,Western Australia - Wheat Belt,Rest of WA,0.4160,0.5735,0.5458,0.7999,0.6819,0.3779,0.2498,0.1824,0.5578,0.6122,0.5418,M50,LC,MA,Chittering
403041073,Christie Downs,SA,Metropolitan,1,2024,Adelaide - South,Greater Adelaide,0.6099,0.3749,0.4957,0.3497,0.6319,0.5274,0.5126,0.6754,0.5591,0.1987,0.6344,L25,MC,LA,Onkaparinga
403041074,Christies Beach,SA,Metropolitan,1,2024,Adelaide - South,Greater Adelaide,0.5730,0.4652,0.5415,0.4339,0.6496,0.3025,0.5121,0.6754,0.6165,0.2993,0.6435,M50,MC,LA,Onkaparinga
119011355,Chullora,NSW,Metropolitan,1,2024,Sydney - Inner South West,Greater Sydney,0.4688,0.5269,0.5359,0.4527,0.6399,0.6861,0.3776,0.6172,0.7276,0.2453,0.2095,M50,LC,MA,Strathfield; Canterbury-Bankstown
205041094,Churchill,VIC,Inner regional,2,2024,Latrobe - Gippsland,Rest of Vic.,0.5494,0.6440,0.6575,0.6770,0.7438,0.2159,0.5720,0.5918,0.6529,0.6088,0.5086,M50,MC,MA,Latrobe (Vic.); South Gippsland
310031285,Churchill - Yamanto,QLD,Metropolitan,1,2024,Ipswich,Greater Brisbane,0.4535,0.4467,0.4717,0.5074,0.6835,0.3424,0.4595,0.6058,0.4899,0.4557,0.2521,L25,LC,LA,Ipswich
503011030,City Beach,WA,Metropolitan,1,2024,Perth - Inner,Greater Perth,0.5695,0.7529,0.7452,0.7581,0.7840,0.1361,0.3055,0.8377,0.5905,0.9178,0.5637,H75,MC,HA,Cambridge
801051053,Civic,ACT,Metropolitan,1,2024,Australian Capital Territory,Australian Capital Territory,0.3452,0.7185,0.6198,0.4223,0.4476,0.0881,0.2655,0.5987,0.7834,0.5482,0.7587,M50,LC,HA,Unincorporated ACT
405021116,Clare,SA,Inner regional,2,2024,Barossa - Yorke - Mid North,Rest of SA,0.7429,0.5775,0.7130,0.6086,0.8057,0.4608,0.4229,0.6193,0.6488,0.4806,1.0000,H75,HC,MA,Clare and Gilbert Valleys
601031015,Claremont (Tas.),TAS,Inner regional,2,2024,Hobart,Greater Hobart,0.4502,0.4479,0.4711,0.3733,0.5499,0.2750,0.7313,0.4004,0.5525,0.3639,0.6475,L25,LC,LA,Derwent Valley; Glenorchy
503011031,Claremont (WA),WA,Metropolitan,1,2024,Perth - Inner,Greater Perth,0.4486,0.6328,0.6024,0.4907,0.7142,0.0736,0.3132,0.7715,0.5666,0.7174,0.5377,M50,LC,MA,Cottesloe; Claremont; Nedlands
403041075,Clarendon,SA,Metropolitan,1,2024,Adelaide - South,Greater Adelaide,0.7309,0.7358,0.8192,0.8973,0.8078,0.3796,0.4918,0.6754,0.6993,0.7191,0.6137,H75,HC,HA,Onkaparinga
212041309,Clarinda - Oakleigh South,VIC,Metropolitan,1,2024,Melbourne - South East,Greater Melbourne,0.5560,0.5503,0.5938,0.4394,0.8847,0.2087,0.5349,0.5593,0.7286,0.2933,0.6492,M50,MC,MA,Kingston (Vic.)
505031101,Clarkson,WA,Metropolitan,1,2024,Perth - North West,Greater Perth,0.5895,0.3810,0.4897,0.4356,0.6907,0.7103,0.2194,0.7530,0.4658,0.3554,0.5542,L25,MC,LA,Wanneroo
305031122,Clayfield,QLD,Metropolitan,1,2024,Brisbane Inner City,Greater Brisbane,0.6156,0.7401,0.7595,0.5308,0.7346,0.3197,0.4647,0.6180,0.7999,0.5642,0.7576,H75,MC,HA,Brisbane
123021438,Claymore - Eagle Vale - Raby,NSW,Metropolitan,1,2024,Sydney - Outer South West,Greater Sydney,0.5926,0.4643,0.5507,0.4545,0.7525,0.6218,0.5660,0.6592,0.5535,0.3964,0.3151,M50,MC,LA,Camden; Campbelltown (NSW)
212051568,Clayton - Central,VIC,Metropolitan,1,2024,Melbourne - South East,Greater Melbourne,0.4744,0.7038,0.6647,0.3571,0.6362,0.1436,0.5576,0.7443,0.8550,0.3947,0.5184,M50,MC,HA,Monash
212051567,Clayton (North) - Notting Hill,VIC,Metropolitan,1,2024,Melbourne - South East,Greater Melbourne,0.4575,0.6709,0.6336,0.2765,0.5535,0.1803,0.5556,0.7443,0.8157,0.3956,0.5885,M50,LC,HA,Monash
212041310,Clayton South,VIC,Metropolitan,1,2024,Melbourne - South East,Greater Melbourne,0.4412,0.6008,0.5763,0.3374,0.7462,0.1810,0.5362,0.5593,0.8294,0.2234,0.5047,M50,LC,MA,Kingston (Vic.)
309081259,Clear Island Waters,QLD,Metropolitan,1,2024,Gold Coast,Rest of Qld,0.6608,0.7070,0.7597,0.4447,0.7505,0.8878,0.4112,0.6066,0.7051,0.6528,0.5544,H75,MC,HA,Gold Coast
312011339,Clermont,QLD,Remote,4,2024,Mackay,Rest of Qld,0.4662,0.4609,0.4876,0.7578,0.5383,0.5966,0.4189,0.1288,0.5146,0.4482,0.5437,L25,LC,LA,Isaac
301021007,Cleveland,QLD,Metropolitan,1,2024,Brisbane - East,Greater Brisbane,0.6438,0.5087,0.6090,0.4430,0.8134,0.5890,0.3766,0.5997,0.5388,0.5096,0.6768,M50,MC,MA,Redland
306011139,Clifton Beach - Kewarra Beach,QLD,Outer regional,3,2024,Cairns,Rest of Qld,0.5651,0.5664,0.6098,0.6154,0.7407,0.7181,0.4507,0.5949,0.5662,0.5854,0.2636,M50,MC,MA,Cairns
307031184,Clifton - Greenmount,QLD,Inner regional,2,2024,Darling Downs - Maranoa,Rest of Qld,0.4925,0.5633,0.5728,0.7248,0.5997,0.4277,0.3778,0.5966,0.5447,0.6112,0.3180,M50,MC,MA,Toowoomba; Southern Downs
206071145,Clifton Hill - Alphington,VIC,Metropolitan,1,2024,Melbourne - Inner,Greater Melbourne,0.7630,0.8329,0.9071,0.6341,0.7229,0.1808,0.6083,0.9765,0.8223,0.7119,0.8078,H75,HC,HA,Yarra
203031048,Clifton Springs,VIC,Inner regional,2,2024,Geelong,Rest of Vic.,0.7720,0.6868,0.8081,0.6019,0.6677,0.7012,0.5626,0.7116,0.6730,0.6632,0.6798,H75,HC,HA,Greater Geelong
308051533,Clinton - New Auckland,QLD,Inner regional,2,2024,Fitzroy,Rest of Qld,0.5495,0.4138,0.4931,0.4497,0.6226,0.6659,0.4435,0.5949,0.4711,0.4155,0.4197,L25,MC,LA,Gladstone
313051377,Clontarf,QLD,Metropolitan,1,2024,Moreton Bay - North,Greater Brisbane,0.5753,0.4364,0.5220,0.5125,0.7845,0.2861,0.4340,0.6039,0.5202,0.3891,0.6438,M50,MC,LA,Moreton Bay
506021309,Cloverdale,WA,Metropolitan,1,2024,Perth - South East,Greater Perth,0.3467,0.4264,0.4118,0.3736,0.6370,0.1157,0.2870,0.7227,0.5251,0.3610,0.3392,L25,LC,LA,Belmont
212031555,Clyde North - North,VIC,Metropolitan,1,2024,Melbourne - South East,Greater Melbourne,0.4294,0.3576,0.3975,0.4936,0.5955,0.2076,0.4426,0.7825,0.5149,0.2313,0.2515,L25,LC,LA,Casey
212031556,Clyde North - South,VIC,Metropolitan,1,2024,Melbourne - South East,Greater Melbourne,0.3630,0.3556,0.3679,0.4730,0.4998,0.1774,0.4397,0.7825,0.6320,0.0333,0.1746,L25,LC,LA,Casey
105011093,Cobar,NSW,Remote,4,2024,Far West and Orana,Rest of NSW,0.4024,0.4516,0.4529,0.6599,0.5062,0.3698,0.6422,0.1018,0.5298,0.4060,0.4257,L25,LC,LA,Cobar; Bogan
127011726,Cobbitty - Bringelly,NSW,Metropolitan,1,2024,Sydney - South West,Greater Sydney,0.6467,0.4293,0.5538,0.7167,0.6892,0.6458,0.4216,0.7161,0.5915,0.2634,0.3832,M50,MC,LA,Camden
213041572,Cobblebank - Strathtulloh,VIC,Metropolitan,1,2024,Melbourne - West,Greater Melbourne,0.3438,0.4154,0.4027,0.3767,0.5032,0.1595,0.4684,0.7731,0.6828,0.0793,0.1902,L25,LC,LA,Melton
216021411,Cobram,VIC,Inner regional,2,2024,Shepparton,Rest of Vic.,0.4700,0.5128,0.5264,0.4079,0.6094,0.1282,0.5380,0.6137,0.5393,0.5172,0.7403,M50,LC,MA,Moira
206011497,Coburg - East,VIC,Metropolitan,1,2024,Melbourne - Inner,Greater Melbourne,0.6557,0.6061,0.6849,0.4635,0.7775,0.1547,0.5763,0.8025,0.6820,0.4861,0.8284,M50,MC,MA,Merri-bek
210031236,Coburg North,VIC,Metropolitan,1,2024,Melbourne - North West,Greater Melbourne,0.6702,0.4815,0.6037,0.4711,0.8138,0.2456,0.4493,0.8025,0.5978,0.3630,0.7920,M50,HC,MA,Merri-bek
206011498,Coburg - West,VIC,Metropolitan,1,2024,Melbourne - Inner,Greater Melbourne,0.6587,0.5994,0.6817,0.5058,0.7377,0.1529,0.5763,0.8025,0.6797,0.4760,0.8573,M50,MC,MA,Merri-bek
701021016,Coconut Grove,NT,Outer regional,3,2024,Darwin,Greater Darwin,0.3638,0.4746,0.4532,0.3855,0.5514,0.1096,0.5314,0.5772,0.5216,0.4659,0.4273,L25,LC,MA,Darwin
104021084,Coffs Harbour - North,NSW,Inner regional,2,2024,Coffs Harbour - Grafton,Rest of NSW,0.5864,0.5553,0.6125,0.3930,0.6709,0.4960,0.6391,0.6118,0.6029,0.5071,0.4822,M50,MC,MA,Coffs Harbour
104021085,Coffs Harbour - South,NSW,Inner regional,2,2024,Coffs Harbour - Grafton,Rest of NSW,0.5391,0.5123,0.5584,0.2843,0.6457,0.5008,0.6407,0.6118,0.5392,0.5165,0.4922,M50,MC,MA,Coffs Harbour
217031472,Colac,VIC,Inner regional,2,2024,Warrnambool and South West,Rest of Vic.,0.5615,0.5428,0.5912,0.4420,0.6472,0.2353,0.5685,0.6431,0.5451,0.5694,0.7595,M50,MC,MA,Colac Otway
217031473,Colac Surrounds,VIC,Inner regional,2,2024,Warrnambool and South West,Rest of Vic.,0.5724,0.6304,0.6592,0.9391,0.5177,0.1976,0.5555,0.6431,0.6143,0.6411,0.6595,M50,MC,MA,Colac Otway; Surf Coast
122031693,Collaroy - Collaroy Plateau,NSW,Metropolitan,1,2024,Sydney - Northern Beaches,Greater Sydney,0.7536,0.7682,0.8554,0.6732,0.8083,0.5499,0.3965,0.7198,0.7609,0.6847,0.6499,H75,HC,HA,Northern Beaches
501021008,College Grove - Carey Park,WA,Inner regional,2,2024,Bunbury,Rest of WA,0.4486,0.3708,0.4154,0.3302,0.5075,0.5035,0.2537,0.6355,0.4156,0.4073,0.5628,L25,LC,LA,Bunbury
501021009,Collie,WA,Inner regional,2,2024,Bunbury,Rest of WA,0.2866,0.4726,0.4212,0.4780,0.5578,0.1570,0.2533,0.1347,0.4807,0.5219,0.6968,L25,LC,LA,Collie
206071141,Collingwood,VIC,Metropolitan,1,2024,Melbourne - Inner,Greater Melbourne,0.5798,0.6622,0.6856,0.4502,0.5543,0.1288,0.6186,0.9765,0.8506,0.3158,0.6164,M50,MC,HA,Yarra
310041299,Collingwood Park - Redbank,QLD,Metropolitan,1,2024,Ipswich,Greater Brisbane,0.4305,0.3837,0.4165,0.3507,0.6249,0.6550,0.4412,0.6058,0.4962,0.3153,0.1655,L25,LC,LA,Ipswich
312011340,Collinsville,QLD,Outer regional,3,2024,Mackay,Rest of Qld,0.4374,0.4050,0.4348,0.7006,0.6073,0.5682,0.4187,0.1193,0.4784,0.3866,0.4252,L25,LC,LA,Whitsunday
403031068,Colonel Light Gardens,SA,Metropolitan,1,2024,Adelaide - South,Greater Adelaide,0.7172,0.7097,0.7928,0.5994,0.8448,0.1953,0.5329,0.7787,0.7322,0.6147,0.8036,H75,HC,HA,Mitcham
124051580,Colyton - Oxley Park,NSW,Metropolitan,1,2024,Sydney - Outer West and Blue Mountains,Greater Sydney,0.5048,0.3615,0.4344,0.3696,0.6148,0.3983,0.5441,0.6750,0.4781,0.2959,0.3576,L25,MC,LA,Penrith
506071145,Como,WA,Metropolitan,1,2024,Perth - South East,Greater Perth,0.4857,0.5048,0.5279,0.5034,0.7212,0.1236,0.2931,0.7950,0.5493,0.4860,0.5786,M50,MC,MA,South Perth
120011383,Concord - Mortlake - Cabarita,NSW,Metropolitan,1,2024,Sydney - Inner West,Greater Sydney,0.7198,0.6467,0.7492,0.5696,0.7173,0.4948,0.4908,0.7146,0.7064,0.5293,0.6354,H75,HC,HA,Canada Bay
120011672,Concord West - North Strathfield,NSW,Metropolitan,1,2024,Sydney - Inner West,Greater Sydney,0.7393,0.6211,0.7421,0.5011,0.8060,0.4852,0.4924,0.7146,0.6434,0.5776,0.6475,H75,HC,MA,Canada Bay
119011356,Condell Park,NSW,Metropolitan,1,2024,Sydney - Inner South West,Greater Sydney,0.4945,0.5194,0.5424,0.3867,0.8207,0.5660,0.3825,0.6172,0.7110,0.2576,0.2459,M50,MC,MA,Canterbury-Bankstown
801071075,Conder,ACT,Metropolitan,1,2024,Australian Capital Territory,Australian Capital Territory,0.6107,0.5959,0.6539,0.6920,0.5326,0.7418,0.2430,0.5987,0.5812,0.6220,0.7713,M50,MC,MA,Unincorporated ACT
103021062,Condobolin,NSW,Outer regional,3,2024,Central West,Rest of NSW,0.3878,0.5701,0.5314,0.6612,0.4779,0.3927,0.6132,0.0877,0.6075,0.5301,0.4052,M50,LC,MA,Forbes; Parkes; Lachlan
318021471,Condon - Rasmussen,QLD,Outer regional,3,2024,Townsville,Rest of Qld,0.5124,0.5573,0.5778,0.3763,0.6846,0.7226,0.4700,0.5966,0.6643,0.4145,0.2940,M50,MC,MA,Townsville
406021139,Coober Pedy,SA,Very remote,5,2024,South Australia - Outback,Rest of SA,0.3642,0.3272,0.3481,0.4811,0.5513,0.3726,0.4660,0.5116,0.5197,0.1579,0.1749,L25,LC,LA,Coober Pedy
507011152,Coogee,WA,Metropolitan,1,2024,Perth - South West,Greater Perth,0.6655,0.5745,0.6676,0.6884,0.7951,0.6285,0.2583,0.7590,0.5753,0.5881,0.4931,M50,HC,MA,Cockburn
118021651,Coogee - Clovelly,NSW,Metropolitan,1,2024,Sydney - Eastern Suburbs,Greater Sydney,0.5185,0.7003,0.6828,0.5722,0.6059,0.1978,0.3625,0.7166,0.7249,0.6075,0.6667,M50,MC,HA,Randwick
801011005,Cook,ACT,Metropolitan,1,2024,Australian Capital Territory,Australian Capital Territory,0.4317,0.6605,0.6148,0.6208,0.5042,0.0831,0.2699,0.5987,0.6085,0.7099,0.9293,M50,LC,HA,Unincorporated ACT
309021230,Coolangatta,QLD,Metropolitan,1,2024,Gold Coast,Rest of Qld,0.4960,0.5262,0.5479,0.5077,0.6858,0.2016,0.4110,0.6066,0.6209,0.4195,0.6154,M50,MC,MA,Gold Coast
507011153,Coolbellup,WA,Metropolitan,1,2024,Perth - South West,Greater Perth,0.4596,0.4948,0.5088,0.5057,0.6350,0.1517,0.2592,0.7590,0.5991,0.3889,0.6119,L25,LC,MA,Cockburn
319031511,Cooloola,QLD,Inner regional,2,2024,Wide Bay,Rest of Qld,0.4403,0.4184,0.4457,0.4495,0.6412,0.5446,0.4293,0.1088,0.4637,0.4359,0.5607,L25,LC,LA,Fraser Coast; Gympie
507051186,Cooloongup,WA,Metropolitan,1,2024,Perth - South West,Greater Perth,0.5626,0.2765,0.4015,0.3522,0.7350,0.6815,0.2653,0.7253,0.3376,0.3211,0.4864,L25,MC,LA,Rockingham
316031425,Coolum Beach,QLD,Metropolitan,1,2024,Sunshine Coast,Rest of Qld,0.6405,0.6220,0.6881,0.6289,0.6989,0.5151,0.4315,0.5994,0.6323,0.5966,0.6233,M50,MC,MA,Sunshine Coast
101031014,Cooma,NSW,Inner regional,2,2024,Capital Region,Rest of NSW,0.7253,0.6160,0.7304,0.5715,0.7437,0.5585,0.5926,0.6382,0.6368,0.5775,0.6318,H75,HC,MA,Snowy Monaro
101031015,Cooma Surrounds,NSW,Inner regional,2,2024,Capital Region,Rest of NSW,0.6078,0.7308,0.7487,0.9557,0.5658,0.7065,0.5783,0.1533,0.7470,0.6328,0.6587,H75,MC,HA,Snowy Monaro; Bega Valley
309031237,Coombabah,QLD,Metropolitan,1,2024,Gold Coast,Rest of Qld,0.5610,0.5347,0.5852,0.3137,0.6048,0.8050,0.3997,0.6066,0.5912,0.4832,0.5681,M50,MC,MA,Gold Coast
801101135,Coombs,ACT,Metropolitan,1,2024,Australian Capital Territory,Australian Capital Territory,0.3032,0.5065,0.4518,0.5043,0.4367,0.0713,0.2038,0.5987,0.6141,0.3895,0.6005,L25,LC,MA,Unincorporated ACT
309071251,Coomera,QLD,Metropolitan,1,2024,Gold Coast,Rest of Qld,0.4984,0.5365,0.5563,0.4033,0.5481,0.6994,0.3939,0.6066,0.6772,0.3502,0.3704,M50,MC,MA,Gold Coast
105031099,Coonabarabran,NSW,Outer regional,3,2024,Far West and Orana,Rest of NSW,0.3986,0.5304,0.5076,0.5876,0.4571,0.4473,0.6747,0.0811,0.5816,0.4891,0.4276,L25,LC,MA,Coonamble; Warrumbungle
105011094,Coonamble,NSW,Outer regional,3,2024,Far West and Orana,Rest of NSW,0.3185,0.4234,0.3984,0.5416,0.4021,0.3787,0.6344,0.0722,0.5401,0.3317,0.3003,L25,LC,LA,Coonamble; Warren
303041067,Coopers Plains,QLD,Metropolitan,1,2024,Brisbane - South,Greater Brisbane,0.5751,0.7030,0.7123,0.3711,0.6863,0.4462,0.4416,0.6180,0.7666,0.5447,0.6292,H75,MC,HA,Brisbane
303021053,Coorparoo,QLD,Metropolitan,1,2024,Brisbane - South,Greater Brisbane,0.6016,0.6324,0.6753,0.5622,0.7018,0.3129,0.4484,0.6180,0.6916,0.5242,0.7464,M50,MC,MA,Brisbane
113031263,Cootamundra,NSW,Inner regional,2,2024,Riverina,Rest of NSW,0.6600,0.4535,0.5783,0.5528,0.6710,0.6205,0.6313,0.5566,0.6062,0.2912,0.6031,M50,MC,LA,Cootamundra-Gundagai; Temora
104021086,Coramba - Nana Glen - Bucca,NSW,Inner regional,2,2024,Coffs Harbour - Grafton,Rest of NSW,0.7058,0.6893,0.7717,0.7531,0.7233,0.7146,0.6170,0.6118,0.6748,0.6652,0.4474,H75,HC,HA,Coffs Harbour
217031474,Corangamite - North,VIC,Inner regional,2,2024,Warrnambool and South West,Rest of Vic.,0.5397,0.5727,0.6019,0.6760,0.5151,0.1341,0.5612,0.6183,0.5929,0.5577,0.8823,M50,MC,MA,Moyne; Corangamite
217031475,Corangamite - South,VIC,Inner regional,2,2024,Warrnambool and South West,Rest of Vic.,0.5400,0.5877,0.6127,0.8296,0.5321,0.1476,0.5600,0.5561,0.6090,0.5635,0.7994,M50,MC,MA,Moyne; Corangamite
304031093,Corinda,QLD,Metropolitan,1,2024,Brisbane - West,Greater Brisbane,0.6070,0.7172,0.7386,0.5944,0.7820,0.4781,0.2419,0.6180,0.7262,0.6394,0.7429,H75,MC,HA,Brisbane
203021486,Corio - Lovely Banks,VIC,Metropolitan,1,2024,Geelong,Rest of Vic.,0.5601,0.7708,0.7533,0.2688,0.7305,0.2758,0.5751,0.7116,0.8097,0.6092,0.6864,H75,MC,HA,Greater Geelong
311051324,Cornubia - Carbrook,QLD,Metropolitan,1,2024,Logan - Beaudesert,Greater Brisbane,0.6691,0.6328,0.7112,0.6858,0.8653,0.7360,0.4437,0.5997,0.6072,0.6566,0.3740,H75,HC,MA,Logan
403041076,Coromandel Valley,SA,Metropolitan,1,2024,Adelaide - South,Greater Adelaide,0.7810,0.7225,0.8389,0.8334,0.7651,0.4686,0.5104,0.7008,0.6210,0.8132,0.6885,H75,HC,HA,Onkaparinga; Mitcham
109031180,Corowa,NSW,Inner regional,2,2024,Murray,Rest of NSW,0.6339,0.5928,0.6638,0.4962,0.6575,0.5853,0.5049,0.5652,0.6057,0.5788,0.6968,M50,MC,MA,Federation
109031181,Corowa Surrounds,NSW,Inner regional,2,2024,Murray,Rest of NSW,0.5073,0.6070,0.6109,0.7057,0.6236,0.5137,0.4959,0.1103,0.6302,0.5697,0.6169,M50,MC,MA,Greater Hume; Lockhart; Federation
107041145,Corrimal - Tarrawanna - Bellambi,NSW,Metropolitan,1,2024,Illawarra,Rest of NSW,0.6956,0.5726,0.6827,0.5113,0.7130,0.5384,0.6122,0.6798,0.6313,0.4982,0.5516,M50,HC,MA,Wollongong
503011032,Cottesloe,WA,Metropolitan,1,2024,Perth - Inner,Greater Perth,0.5502,0.7831,0.7572,0.7404,0.7344,0.1023,0.3084,0.8463,0.6324,0.9146,0.6046,H75,MC,HA,Cottesloe
103021063,Cowra,NSW,Inner regional,2,2024,Central West,Rest of NSW,0.5897,0.5531,0.6126,0.4397,0.6787,0.5699,0.6027,0.5595,0.5774,0.5416,0.4989,M50,MC,MA,Cowra
103021064,Cowra Surrounds,NSW,Inner regional,2,2024,Central West,Rest of NSW,0.6251,0.6454,0.6967,0.7341,0.4939,0.6794,0.5982,0.5818,0.6615,0.5982,0.5181,M50,MC,HA,Cabonne; Cowra
801041037,Crace,ACT,Metropolitan,1,2024,Australian Capital Territory,Australian Capital Territory,0.5165,0.6111,0.6182,0.5675,0.4573,0.7184,0.2377,0.5987,0.5717,0.6666,0.6176,M50,MC,MA,Unincorporated ACT
505011070,Craigie - Beldon,WA,Metropolitan,1,2024,Perth - North West,Greater Perth,0.6219,0.4043,0.5229,0.5758,0.7183,0.4899,0.2327,0.7590,0.4331,0.4511,0.6262,M50,MC,LA,Joondalup
210051441,Craigieburn - Central,VIC,Metropolitan,1,2024,Melbourne - North West,Greater Melbourne,0.5821,0.5051,0.5745,0.3253,0.6468,0.7597,0.4500,0.7024,0.6746,0.2884,0.4317,M50,MC,MA,Hume
210051442,Craigieburn - North,VIC,Metropolitan,1,2024,Melbourne - North West,Greater Melbourne,0.5412,0.4622,0.5237,0.3637,0.5906,0.7898,0.4461,0.7024,0.6651,0.2129,0.3311,M50,MC,LA,Hume
210051542,Craigieburn - North West,VIC,Metropolitan,1,2024,Melbourne - North West,Greater Melbourne,0.4077,0.5556,0.5294,0.3027,0.4548,0.7221,0.4422,0.7024,0.7410,0.2834,0.1553,M50,LC,MA,Hume
210051443,Craigieburn - South,VIC,Metropolitan,1,2024,Melbourne - North West,Greater Melbourne,0.5156,0.4982,0.5371,0.3456,0.6192,0.7079,0.4485,0.7024,0.7008,0.2298,0.2887,M50,MC,MA,Hume
210051543,Craigieburn - West,VIC,Metropolitan,1,2024,Melbourne - North West,Greater Melbourne,0.4255,0.5263,0.5162,0.2832,0.4655,0.6959,0.4435,0.7024,0.6979,0.2944,0.2248,L25,LC,MA,Hume
402021028,Craigmore - Blakeview,SA,Metropolitan,1,2024,Adelaide - North,Greater Adelaide,0.5521,0.4032,0.4869,0.4561,0.6331,0.7009,0.5196,0.6544,0.4687,0.3972,0.3024,L25,MC,LA,Playford
319041517,Craignish - Dundowran Beach,QLD,Inner regional,2,2024,Wide Bay,Rest of Qld,0.5712,0.4994,0.5650,0.6437,0.7268,0.7075,0.4415,0.5520,0.4783,0.5795,0.3275,M50,MC,MA,Fraser Coast
212031300,Cranbourne,VIC,Metropolitan,1,2024,Melbourne - South East,Greater Melbourne,0.6566,0.4406,0.5672,0.3472,0.6988,0.6803,0.4460,0.7825,0.5831,0.3007,0.5391,M50,MC,LA,Casey
212031557,Cranbourne East - North,VIC,Metropolitan,1,2024,Melbourne - South East,Greater Melbourne,0.5721,0.4688,0.5436,0.3800,0.5134,0.7552,0.4418,0.7825,0.5932,0.3440,0.4188,M50,MC,LA,Casey
212031558,Cranbourne East - South,VIC,Metropolitan,1,2024,Melbourne - South East,Greater Melbourne,0.4083,0.4564,0.4589,0.4029,0.4692,0.2019,0.4447,0.7825,0.5861,0.3292,0.3421,L25,LC,LA,Casey
212031559,Cranbourne North - East,VIC,Metropolitan,1,2024,Melbourne - South East,Greater Melbourne,0.5667,0.4611,0.5355,0.4094,0.5533,0.7804,0.4397,0.7825,0.5548,0.3878,0.3359,M50,MC,LA,Casey
212031560,Cranbourne North - West,VIC,Metropolitan,1,2024,Melbourne - South East,Greater Melbourne,0.6766,0.5022,0.6220,0.3763,0.6873,0.7742,0.4418,0.7825,0.6018,0.3999,0.5292,M50,HC,MA,Casey
212031303,Cranbourne South,VIC,Metropolitan,1,2024,Melbourne - South East,Greater Melbourne,0.6051,0.5773,0.6378,0.5663,0.6353,0.4865,0.4418,0.7825,0.6620,0.4593,0.3957,M50,MC,MA,Casey
212031304,Cranbourne West,VIC,Metropolitan,1,2024,Melbourne - South East,Greater Melbourne,0.5828,0.4157,0.5110,0.4020,0.5744,0.6999,0.4447,0.7825,0.5951,0.2285,0.3925,L25,MC,LA,Casey
318021472,Cranbrook,QLD,Outer regional,3,2024,Townsville,Rest of Qld,0.5311,0.5707,0.5963,0.4043,0.6297,0.6407,0.4713,0.5966,0.6220,0.5089,0.3884,M50,MC,MA,Townsville
124031707,Cranebrook - Castlereagh,NSW,Metropolitan,1,2024,Sydney - Outer West and Blue Mountains,Greater Sydney,0.7438,0.5856,0.7193,0.6254,0.7666,0.7357,0.6010,0.6750,0.6624,0.4756,0.4823,H75,HC,MA,Penrith
121041413,Cremorne - Cammeray,NSW,Metropolitan,1,2024,Sydney - North Sydney and Hornsby,Greater Sydney,0.6673,0.8846,0.8900,0.5723,0.6262,0.4162,0.4610,0.7379,0.8305,0.8004,0.7080,H75,HC,HA,North Sydney
311031314,Crestmead,QLD,Metropolitan,1,2024,Logan - Beaudesert,Greater Brisbane,0.4523,0.3839,0.4264,0.1922,0.6862,0.7963,0.4112,0.5997,0.5364,0.2541,0.3108,L25,LC,LA,Logan
201021010,Creswick - Clunes,VIC,Inner regional,2,2024,Ballarat,Rest of Vic.,0.6330,0.6178,0.6812,0.7129,0.6904,0.1502,0.5745,0.6631,0.6594,0.5457,0.9062,M50,MC,MA,Ballarat; Moorabool; Hepburn
122031425,Cromer,NSW,Metropolitan,1,2024,Sydney - Northern Beaches,Greater Sydney,0.7657,0.7193,0.8276,0.6861,0.8793,0.4663,0.3986,0.7198,0.7047,0.6781,0.6925,H75,HC,HA,Northern Beaches
128011604,Cronulla - Kurnell - Bundeena,NSW,Metropolitan,1,2024,Sydney - Sutherland,Greater Sydney,0.7141,0.6274,0.7323,0.6850,0.7884,0.4756,0.3876,0.7151,0.6174,0.6303,0.6256,H75,HC,MA,Sutherland
307021179,Crows Nest - Rosalie,QLD,Inner regional,2,2024,Darling Downs - Maranoa,Rest of Qld,0.4856,0.5163,0.5360,0.6460,0.5882,0.4197,0.3587,0.5966,0.5462,0.5141,0.3541,M50,MC,MA,Toowoomba
121041414,Crows Nest - Waverton,NSW,Metropolitan,1,2024,Sydney - North Sydney and Hornsby,Greater Sydney,0.6301,0.7978,0.8082,0.5709,0.5981,0.3295,0.4637,0.7379,0.7675,0.7329,0.7436,H75,MC,HA,North Sydney
120031679,Croydon,NSW,Metropolitan,1,2024,Sydney - Inner West,Greater Sydney,0.7132,0.5506,0.6768,0.4172,0.7829,0.6009,0.4667,0.7098,0.6586,0.4097,0.6514,M50,HC,MA,Burwood; Inner West
211031450,Croydon - East,VIC,Metropolitan,1,2024,Melbourne - Outer East,Greater Melbourne,0.6166,0.5431,0.6192,0.4523,0.7131,0.1961,0.5539,0.7956,0.6292,0.4411,0.7111,M50,MC,MA,Maroondah
315011397,Croydon - Etheridge,QLD,Very remote,5,2024,Queensland - Outback,Rest of Qld,0.3357,0.3323,0.3402,0.9877,0.4113,0.2915,0.3043,0.0812,0.4845,0.2240,0.4067,L25,LC,LA,Croydon; Etheridge
211031265,Croydon Hills - Warranwood,VIC,Metropolitan,1,2024,Melbourne - Outer East,Greater Melbourne,0.8938,0.6983,0.8920,0.7305,0.8518,0.5266,0.5530,0.7956,0.6368,0.7416,0.6963,H75,HC,HA,Maroondah
120031393,Croydon Park - Enfield,NSW,Metropolitan,1,2024,Sydney - Inner West,Greater Sydney,0.6818,0.5236,0.6402,0.4789,0.7294,0.5274,0.4715,0.6750,0.6495,0.3685,0.6225,M50,HC,MA,Inner West; Canterbury-Bankstown; Burwood
211031452,Croydon South,VIC,Metropolitan,1,2024,Melbourne - Outer East,Greater Melbourne,0.7242,0.6469,0.7519,0.6077,0.8944,0.1615,0.5563,0.7956,0.6810,0.5704,0.7382,H75,HC,HA,Maroondah
211031451,Croydon - West,VIC,Metropolitan,1,2024,Melbourne - Outer East,Greater Melbourne,0.6954,0.6083,0.7081,0.4883,0.7671,0.2779,0.5550,0.7956,0.6622,0.5222,0.7422,M50,HC,MA,Maroondah
114011274,Culburra Beach,NSW,Inner regional,2,2024,Southern Highlands and Shoalhaven,Rest of NSW,0.6769,0.6556,0.7317,0.5757,0.7444,0.6690,0.6015,0.5997,0.6642,0.6143,0.4898,H75,HC,HA,Shoalhaven
509021237,Cunderdin,WA,Outer regional,3,2024,Western Australia - Wheat Belt,Rest of WA,0.2808,0.4646,0.4133,0.6969,0.4962,0.0609,0.2617,0.1106,0.4977,0.4807,0.7114,L25,LC,LA,Kellerberrin; Quairading; Tammin; Cunderdin
505011071,Currambine - Kinross,WA,Metropolitan,1,2024,Perth - North West,Greater Perth,0.7229,0.4641,0.6206,0.6409,0.8317,0.7263,0.2334,0.7590,0.4296,0.5776,0.6173,M50,HC,LA,Joondalup
123011698,Currans Hill,NSW,Metropolitan,1,2024,Sydney - Outer South West,Greater Sydney,0.7190,0.6314,0.7378,0.5594,0.7820,0.6918,0.5483,0.7161,0.6011,0.6631,0.4402,H75,HC,MA,Camden
309021231,Currumbin - Tugun,QLD,Metropolitan,1,2024,Gold Coast,Rest of Qld,0.5848,0.6163,0.6553,0.5850,0.7479,0.3362,0.4101,0.6066,0.6624,0.5380,0.6042,M50,MC,MA,Gold Coast
309051243,Currumbin Valley - Tallebudgera,QLD,Metropolitan,1,2024,Gold Coast,Rest of Qld,0.5667,0.6962,0.7033,0.6939,0.8301,0.7350,0.3952,0.1406,0.6883,0.6578,0.5355,M50,MC,HA,Gold Coast
309021232,Currumbin Waters,QLD,Metropolitan,1,2024,Gold Coast,Rest of Qld,0.7169,0.6575,0.7553,0.6001,0.8407,0.6672,0.4076,0.6066,0.6743,0.6024,0.6444,H75,HC,HA,Gold Coast
801091100,Curtin,ACT,Metropolitan,1,2024,Australian Capital Territory,Australian Capital Territory,0.4462,0.8131,0.7301,0.6356,0.6170,0.0879,0.2846,0.5987,0.7008,0.8688,0.8229,H75,LC,HA,Unincorporated ACT
603021070,Cygnet,TAS,Inner regional,2,2024,South East,Rest of Tas.,0.4119,0.5052,0.4953,0.6552,0.7103,0.3703,0.2458,0.0085,0.5652,0.4628,0.7082,L25,LC,MA,Huon Valley; Kingborough
306041164,Daintree,QLD,Outer regional,3,2024,Cairns,Rest of Qld,0.4006,0.5749,0.5402,0.6109,0.6748,0.6159,0.3945,0.1135,0.6310,0.5033,0.2933,M50,LC,MA,Douglas
311061329,Daisy Hill,QLD,Metropolitan,1,2024,Logan - Beaudesert,Greater Brisbane,0.5843,0.5339,0.5962,0.5628,0.7082,0.5257,0.4398,0.5997,0.5646,0.5221,0.4468,M50,MC,MA,Logan
314021576,Dakabin,QLD,Metropolitan,1,2024,Moreton Bay - South,Greater Brisbane,0.4191,0.4147,0.4337,0.3987,0.3871,0.4068,0.3565,0.6039,0.4361,0.4682,0.4615,L25,LC,LA,Moreton Bay
318011463,Dalrymple,QLD,Remote,4,2024,Townsville,Rest of Qld,0.4168,0.5001,0.4937,0.8942,0.5552,0.4740,0.4055,0.0866,0.5479,0.4785,0.3891,L25,LC,MA,Charters Towers
702031058,Daly,NT,Remote,4,2024,Northern Territory - Outback,Rest of NT,0.1179,0.1463,0.1292,0.4550,0.3624,0.1559,0.1321,0.0360,0.1454,0.3046,0.2227,L25,LC,LA,West Daly; Victoria Daly; Unincorporated NT
501021251,Dalyellup,WA,Inner regional,2,2024,Bunbury,Rest of WA,0.5858,0.4684,0.5502,0.5376,0.5965,0.7287,0.2523,0.7201,0.4961,0.4907,0.5470,M50,MC,LA,Capel
212041563,Dandenong - North,VIC,Metropolitan,1,2024,Melbourne - South East,Greater Melbourne,0.3161,0.5768,0.5070,0.1773,0.5751,0.1883,0.5349,0.6466,0.7807,0.2594,0.2558,L25,LC,MA,Greater Dandenong
212041312,Dandenong North,VIC,Metropolitan,1,2024,Melbourne - South East,Greater Melbourne,0.3970,0.5431,0.5159,0.3559,0.6229,0.1764,0.5377,0.6466,0.7660,0.2131,0.3212,L25,LC,MA,Greater Dandenong
212041564,Dandenong - South,VIC,Metropolitan,1,2024,Melbourne - South East,Greater Melbourne,0.3835,0.5811,0.5374,0.2134,0.6787,0.3405,0.5299,0.6466,0.7967,0.2403,0.2206,M50,LC,MA,Greater Dandenong
107011131,Dapto - Avondale,NSW,Metropolitan,1,2024,Illawarra,Rest of NSW,0.6885,0.5510,0.6634,0.5364,0.7476,0.5134,0.5724,0.6798,0.5743,0.5422,0.5145,M50,HC,MA,Wollongong
501021010,Dardanup,WA,Inner regional,2,2024,Bunbury,Rest of WA,0.5384,0.5856,0.6105,0.9049,0.8108,0.6057,0.2506,0.1778,0.5100,0.7064,0.5959,M50,MC,MA,Dardanup
317011446,Darling Heights,QLD,Inner regional,2,2024,Toowoomba,Rest of Qld,0.4712,0.5569,0.5584,0.3118,0.5980,0.6371,0.4554,0.5966,0.6373,0.4567,0.3293,M50,LC,MA,Toowoomba
117031329,Darlinghurst,NSW,Metropolitan,1,2024,Sydney - City and Inner South,Greater Sydney,0.6651,0.8671,0.8763,0.5916,0.5604,0.4227,0.6334,0.7389,0.8822,0.6783,0.6130,H75,HC,HA,Sydney
310011271,Darra - Sumner,QLD,Metropolitan,1,2024,Ipswich,Greater Brisbane,0.6376,0.4834,0.5876,0.3888,0.8147,0.5533,0.4545,0.6180,0.6885,0.2189,0.6042,M50,MC,MA,Brisbane
701011002,Darwin City,NT,Outer regional,3,2024,Darwin,Greater Darwin,0.3593,0.4953,0.4661,0.5316,0.4691,0.0994,0.5159,0.5779,0.4856,0.5607,0.4114,L25,LC,MA,Darwin Waterfront Precinct; Darwin
402021029,Davoren Park,SA,Metropolitan,1,2024,Adelaide - North,Greater Adelaide,0.3909,0.3793,0.3964,0.1545,0.5776,0.5215,0.5194,0.6544,0.5974,0.1458,0.2695,L25,LC,LA,Playford
502011021,Dawesville - Bouvard,WA,Metropolitan,1,2024,Mandurah,Greater Perth,0.4647,0.4364,0.4694,0.6146,0.6293,0.6815,0.2563,0.4083,0.4281,0.5238,0.4517,L25,LC,LA,Mandurah
314011384,Dayboro,QLD,Metropolitan,1,2024,Moreton Bay - South,Greater Brisbane,0.6374,0.6936,0.7377,0.8423,0.8853,0.3643,0.3447,0.6039,0.6341,0.7366,0.5344,H75,MC,HA,Moreton Bay
201021011,Daylesford,VIC,Inner regional,2,2024,Ballarat,Rest of Vic.,0.6933,0.6313,0.7234,0.7068,0.7521,0.2398,0.5745,0.6574,0.6564,0.5779,0.9110,H75,HC,MA,Hepburn; Moorabool
302041043,Deagon,QLD,Metropolitan,1,2024,Brisbane - North,Greater Brisbane,0.6969,0.5368,0.6579,0.6219,0.7746,0.4667,0.4391,0.6180,0.6444,0.4041,0.7806,M50,HC,MA,Brisbane
801061062,Deakin,ACT,Metropolitan,1,2024,Australian Capital Territory,Australian Capital Territory,0.5065,0.9299,0.8411,0.5866,0.6738,0.2223,0.2749,0.5987,0.8218,0.9034,0.8086,H75,MC,HA,Unincorporated ACT
313041373,Deception Bay,QLD,Metropolitan,1,2024,Moreton Bay - North,Greater Brisbane,0.5810,0.3926,0.4936,0.3507,0.7183,0.6249,0.4236,0.6039,0.4903,0.3431,0.5550,L25,MC,LA,Moreton Bay
318021583,Deeragun - Jensen,QLD,Outer regional,3,2024,Townsville,Rest of Qld,0.5321,0.6060,0.6219,0.5179,0.7265,0.7094,0.4669,0.5966,0.6606,0.5199,0.2284,M50,MC,MA,Townsville
213011569,Deer Park,VIC,Metropolitan,1,2024,Melbourne - West,Greater Melbourne,0.4060,0.4799,0.4747,0.3046,0.7234,0.1989,0.4959,0.6556,0.6785,0.2283,0.3134,L25,LC,MA,Brimbank
122031695,Dee Why - North,NSW,Metropolitan,1,2024,Sydney - Northern Beaches,Greater Sydney,0.4838,0.6996,0.6661,0.4571,0.6378,0.1600,0.4034,0.7198,0.6730,0.6886,0.5578,M50,MC,HA,Northern Beaches
122031694,Dee Why (South) - North Curl Curl,NSW,Metropolitan,1,2024,Sydney - Northern Beaches,Greater Sydney,0.6740,0.7350,0.7868,0.6210,0.7066,0.4113,0.4034,0.7198,0.7168,0.6899,0.6650,H75,HC,HA,Northern Beaches
201011006,Delacombe,VIC,Inner regional,2,2024,Ballarat,Rest of Vic.,0.7094,0.6445,0.7418,0.4950,0.6664,0.6741,0.6028,0.7024,0.7084,0.5216,0.5634,H75,HC,MA,Ballarat
213011331,Delahey,VIC,Metropolitan,1,2024,Melbourne - West,Greater Melbourne,0.5593,0.3857,0.4779,0.3176,0.6814,0.8197,0.4967,0.6556,0.5602,0.2201,0.3537,L25,MC,LA,Brimbank
602021054,Deloraine,TAS,Outer regional,3,2024,Launceston and North East,Rest of Tas.,0.3621,0.5711,0.5214,0.5695,0.5629,0.1883,0.4964,0.0076,0.6522,0.4621,0.6736,L25,LC,MA,West Tamar; Meander Valley
123021703,Denham Court - Bardia,NSW,Metropolitan,1,2024,Sydney - Outer South West,Greater Sydney,0.4446,0.4473,0.4682,0.5090,0.4870,0.6298,0.5620,0.6570,0.6845,0.1474,0.0944,L25,LC,LA,Campbelltown (NSW); Liverpool
109031182,Deniliquin,NSW,Inner regional,2,2024,Murray,Rest of NSW,0.6451,0.5565,0.6438,0.5431,0.7172,0.5629,0.5034,0.5849,0.5611,0.5731,0.5775,M50,MC,MA,Edward River
109031183,Deniliquin Surrounds,NSW,Outer regional,3,2024,Murray,Rest of NSW,0.4452,0.5379,0.5332,0.8164,0.4931,0.4010,0.4974,0.1130,0.5922,0.4883,0.5792,M50,LC,MA,Murray River; Edward River
126021722,Denistone,NSW,Metropolitan,1,2024,Sydney - Ryde,Greater Sydney,0.5961,0.5686,0.6270,0.6015,0.7505,0.1744,0.4603,0.7176,0.6540,0.4541,0.6767,M50,MC,MA,Ryde
801101136,Denman Prospect,ACT,Metropolitan,1,2024,Australian Capital Territory,Australian Capital Territory,0.2743,0.3855,0.3543,0.6206,0.3972,0.0602,0.2031,0.5987,0.6757,0.0237,0.4303,L25,LC,LA,Unincorporated ACT
509011228,Denmark,WA,Outer regional,3,2024,Western Australia - Wheat Belt,Rest of WA,0.4949,0.5650,0.5751,0.6974,0.7302,0.6263,0.2711,0.1338,0.5692,0.5782,0.6382,M50,MC,MA,Denmark
510011263,Derby - West Kimberley,WA,Very remote,5,2024,,Rest of WA,0.1908,0.2551,0.2311,0.4662,0.3685,0.4178,0.2908,0.0712,0.3256,0.2928,0.1240,L25,LC,LA,Derby-West Kimberley
213011570,Derrimut,VIC,Metropolitan,1,2024,Melbourne - West,Greater Melbourne,0.5720,0.5203,0.5803,0.4063,0.7628,0.7995,0.4951,0.6556,0.7258,0.2343,0.2602,M50,MC,MA,Brimbank
601031016,Derwent Park - Lutana,TAS,Inner regional,2,2024,Hobart,Greater Hobart,0.5013,0.4176,0.4728,0.3230,0.7088,0.3535,0.7457,0.4004,0.5902,0.2404,0.6330,L25,MC,LA,Glenorchy
603011066,Derwent Valley,TAS,Inner regional,2,2024,South East,Rest of Tas.,0.3621,0.5081,0.4764,0.8101,0.7258,0.3025,0.1715,0.0080,0.5799,0.4460,0.5714,L25,LC,MA,Southern Midlands; Derwent Valley; Central Highlands (Tas.); Huon Valley
604021085,Devonport,TAS,Outer regional,3,2024,West and North West,Rest of Tas.,0.4698,0.3779,0.4300,0.3588,0.7181,0.2741,0.6353,0.3913,0.4930,0.3081,0.6468,L25,LC,LA,Devonport
505021301,Dianella - North,WA,Metropolitan,1,2024,Perth - North West,Greater Perth,0.6884,0.4572,0.5964,0.5521,0.8846,0.5582,0.2254,0.7444,0.5009,0.4610,0.6483,M50,HC,LA,Stirling
505021302,Dianella - South,WA,Metropolitan,1,2024,Perth - North West,Greater Perth,0.4367,0.4574,0.4719,0.4599,0.6618,0.1259,0.2264,0.7444,0.5017,0.4602,0.6688,L25,LC,LA,Stirling
801051054,Dickson,ACT,Metropolitan,1,2024,Australian Capital Territory,Australian Capital Territory,0.3608,0.7670,0.6607,0.4953,0.4640,0.0983,0.2652,0.5987,0.8692,0.4994,0.7187,M50,LC,HA,Unincorporated ACT
316071546,Diddillibah - Rosemount,QLD,Metropolitan,1,2024,Sunshine Coast,Rest of Qld,0.6980,0.7014,0.7760,0.7389,0.7473,0.5715,0.4340,0.5994,0.6398,0.7433,0.6624,H75,HC,HA,Sunshine Coast
210041539,Diggers Rest,VIC,Metropolitan,1,2024,Melbourne - North West,Greater Melbourne,0.6027,0.5918,0.6469,0.5993,0.6675,0.4090,0.4460,0.7731,0.7199,0.3947,0.4049,M50,MC,MA,Melton
602031058,Dilston - Lilydale,TAS,Inner regional,2,2024,Launceston and North East,Rest of Tas.,0.5658,0.6612,0.6778,0.8772,0.7941,0.4274,0.5790,0.0122,0.6890,0.5864,0.5788,M50,MC,HA,Launceston; Break O'Day; Northern Midlands; Dorset
212041313,Dingley Village,VIC,Metropolitan,1,2024,Melbourne - South East,Greater Melbourne,0.6569,0.6783,0.7371,0.6750,0.9020,0.2504,0.5320,0.5593,0.6924,0.6154,0.7178,H75,MC,HA,Kingston (Vic.)
206041118,Docklands,VIC,Metropolitan,1,2024,Melbourne - Inner,Greater Melbourne,0.5931,0.7454,0.7517,0.4586,0.4631,0.3884,0.6211,1.0000,0.9344,0.3370,0.3557,H75,MC,HA,Melbourne
601061034,Dodges Ferry - Lewisham,TAS,Inner regional,2,2024,Hobart,Greater Hobart,0.5503,0.5518,0.5921,0.7054,0.7140,0.5662,0.5158,0.0109,0.6562,0.4160,0.6281,M50,MC,MA,Sorell
207021157,Doncaster,VIC,Metropolitan,1,2024,Melbourne - Inner East,Greater Melbourne,0.5246,0.5398,0.5712,0.3717,0.7004,0.1955,0.5443,0.7046,0.6654,0.3765,0.5862,M50,MC,MA,Manningham; Boroondara; Whitehorse
207021424,Doncaster East - North,VIC,Metropolitan,1,2024,Melbourne - Inner East,Greater Melbourne,0.7716,0.5962,0.7431,0.4884,0.7997,0.6877,0.5428,0.7046,0.6813,0.4669,0.6155,H75,HC,MA,Manningham
207021425,Doncaster East - South,VIC,Metropolitan,1,2024,Melbourne - Inner East,Greater Melbourne,0.6834,0.4972,0.6222,0.3824,0.7356,0.5997,0.5463,0.7046,0.6266,0.3503,0.5907,M50,HC,MA,Manningham
501031018,Donnybrook - Balingup,WA,Inner regional,2,2024,Bunbury,Rest of WA,0.4941,0.5183,0.5414,0.7028,0.6993,0.5967,0.2429,0.1485,0.4795,0.6159,0.7311,M50,MC,MA,Donnybrook-Balingup
211021261,Donvale - Park Orchards,VIC,Metropolitan,1,2024,Melbourne - Outer East,Greater Melbourne,0.6793,0.6462,0.7263,0.6054,0.8541,0.2136,0.5410,0.7046,0.6033,0.6892,0.7358,H75,HC,HA,Manningham
310011563,Doolandella,QLD,Metropolitan,1,2024,Ipswich,Greater Brisbane,0.4838,0.4984,0.5224,0.3467,0.5240,0.5254,0.4524,0.6180,0.6763,0.2716,0.4249,M50,MC,MA,Brisbane
116011306,Doonside - Woodcroft,NSW,Metropolitan,1,2024,Sydney - Blacktown,Greater Sydney,0.5877,0.4321,0.5252,0.4475,0.6017,0.5740,0.5298,0.7082,0.5738,0.2975,0.4109,M50,MC,LA,Blacktown
209041527,Doreen - North,VIC,Metropolitan,1,2024,Melbourne - North East,Greater Melbourne,0.7028,0.4643,0.6094,0.5769,0.6299,0.7378,0.5241,0.7337,0.5940,0.3333,0.5153,M50,HC,LA,Whittlesea
209041528,Doreen - South,VIC,Metropolitan,1,2024,Melbourne - North East,Greater Melbourne,0.5050,0.4672,0.5100,0.5284,0.5949,0.2141,0.5251,0.7337,0.6033,0.3247,0.4353,L25,MC,LA,Whittlesea
104021087,Dorrigo,NSW,Inner regional,2,2024,Coffs Harbour - Grafton,Rest of NSW,0.5314,0.5831,0.6053,0.6633,0.5058,0.6846,0.6328,0.1261,0.6495,0.4909,0.6041,M50,MC,MA,Clarence Valley; Coffs Harbour; Bellingen
118011650,Double Bay - Darling Point,NSW,Metropolitan,1,2024,Sydney - Eastern Suburbs,Greater Sydney,0.5493,0.8043,0.7719,0.5030,0.6285,0.2890,0.3332,0.7266,0.7971,0.6974,0.6710,H75,MC,HA,Woollahra
318021474,Douglas,QLD,Outer regional,3,2024,Townsville,Rest of Qld,0.5399,0.5238,0.5670,0.4677,0.5891,0.7991,0.4717,0.5966,0.5186,0.5702,0.3374,M50,MC,MA,Townsville
123031446,Douglas Park - Appin,NSW,Metropolitan,1,2024,Sydney - Outer South West,Greater Sydney,0.7503,0.6036,0.7360,0.7917,0.7270,0.6288,0.5414,0.7078,0.5478,0.6871,0.5028,H75,HC,MA,Wollondilly
118011344,Dover Heights,NSW,Metropolitan,1,2024,Sydney - Eastern Suburbs,Greater Sydney,0.6235,0.7291,0.7557,0.5965,0.6451,0.4742,0.3293,0.7351,0.7175,0.6770,0.5974,H75,MC,HA,Waverley
212021295,Doveton,VIC,Metropolitan,1,2024,Melbourne - South East,Greater Melbourne,0.3733,0.3844,0.3927,0.1885,0.5471,0.1264,0.5383,0.7825,0.6464,0.0736,0.4569,L25,LC,LA,Casey
509021238,Dowerin,WA,Outer regional,3,2024,Western Australia - Wheat Belt,Rest of WA,0.2860,0.4980,0.4391,0.7471,0.4697,0.0791,0.2608,0.1106,0.5438,0.4804,0.6939,L25,LC,MA,Wyalkatchem; Dowerin; Wongan-Ballidu; Koorda; Goomalling
801051055,Downer,ACT,Metropolitan,1,2024,Australian Capital Territory,Australian Capital Territory,0.3120,0.7437,0.6246,0.4875,0.4380,0.0063,0.2650,0.5987,0.8419,0.4997,0.7332,M50,LC,HA,Unincorporated ACT
317011447,Drayton - Harristown,QLD,Inner regional,2,2024,Toowoomba,Rest of Qld,0.4355,0.5866,0.5637,0.2861,0.6813,0.3366,0.4565,0.5966,0.6421,0.5098,0.3540,M50,LC,MA,Toowoomba
701041037,Driver,NT,Outer regional,3,2024,Darwin,Greater Darwin,0.3543,0.3268,0.3437,0.4015,0.5327,0.1422,0.4396,0.5792,0.3453,0.4152,0.3862,L25,LC,LA,Palmerston
214021377,Dromana,VIC,Metropolitan,1,2024,Mornington Peninsula,Greater Melbourne,0.5916,0.5479,0.6098,0.5939,0.7246,0.1429,0.5439,0.7001,0.6124,0.4772,0.7214,M50,MC,MA,Mornington Peninsula
205011076,Drouin,VIC,Inner regional,2,2024,Latrobe - Gippsland,Rest of Vic.,0.7234,0.6359,0.7435,0.6005,0.7082,0.5032,0.5761,0.6871,0.6325,0.6242,0.6244,H75,HC,MA,Baw Baw
120011385,Drummoyne - Rodd Point,NSW,Metropolitan,1,2024,Sydney - Inner West,Greater Sydney,0.7398,0.7056,0.8027,0.6255,0.7233,0.4618,0.4924,0.7146,0.6927,0.6696,0.7160,H75,HC,HA,Canada Bay
105031100,Dubbo - East,NSW,Inner regional,2,2024,Far West and Orana,Rest of NSW,0.6381,0.5049,0.6032,0.5554,0.7441,0.6381,0.6482,0.6285,0.4935,0.5686,0.3587,M50,MC,MA,Dubbo
105031101,Dubbo - South,NSW,Inner regional,2,2024,Far West and Orana,Rest of NSW,0.5912,0.5449,0.6075,0.5041,0.6662,0.5826,0.6470,0.6285,0.5428,0.5770,0.3632,M50,MC,MA,Dubbo
105031103,Dubbo Surrounds,NSW,Inner regional,2,2024,Far West and Orana,Rest of NSW,0.6078,0.6927,0.7216,0.9246,0.7482,0.6413,0.6498,0.4364,0.6245,0.7493,0.2870,H75,MC,HA,Cabonne; Dubbo
105031102,Dubbo - West,NSW,Inner regional,2,2024,Far West and Orana,Rest of NSW,0.5699,0.4606,0.5367,0.5174,0.6363,0.5954,0.6449,0.6285,0.5395,0.4102,0.3184,M50,MC,LA,Dubbo
801081092,Duffy,ACT,Metropolitan,1,2024,Australian Capital Territory,Australian Capital Territory,0.4169,0.7792,0.6930,0.6825,0.5126,0.0778,0.2620,0.5987,0.6925,0.8153,0.8108,M50,LC,HA,Unincorporated ACT
120031394,Dulwich Hill - Lewisham,NSW,Metropolitan,1,2024,Sydney - Inner West,Greater Sydney,0.6711,0.5677,0.6658,0.4989,0.6099,0.4605,0.4715,0.7266,0.6572,0.4473,0.7577,M50,HC,MA,Inner West
505011072,Duncraig,WA,Metropolitan,1,2024,Perth - North West,Greater Perth,0.5573,0.5589,0.6006,0.7064,0.8503,0.1298,0.2342,0.7590,0.4512,0.7366,0.6768,M50,MC,MA,Joondalup
106011110,Dungog,NSW,Inner regional,2,2024,Hunter Valley exc Newcastle,Rest of NSW,0.8047,0.6320,0.7886,0.7955,0.7721,0.6311,0.5503,0.6247,0.6252,0.6277,0.7519,H75,HC,MA,Dungog
801011006,Dunlop,ACT,Metropolitan,1,2024,Australian Capital Territory,Australian Capital Territory,0.4973,0.7577,0.7138,0.6326,0.6140,0.2568,0.2667,0.5987,0.7561,0.6718,0.7134,H75,MC,HA,Unincorporated ACT
801051125,Duntroon,ACT,Metropolitan,1,2024,Australian Capital Territory,Australian Capital Territory,0.3193,0.5503,0.4893,0.9659,0.1418,0.0402,0.2645,0.5987,0.5689,0.5488,0.5882,L25,LC,MA,Unincorporated ACT
310011272,Durack,QLD,Metropolitan,1,2024,Ipswich,Greater Brisbane,0.5201,0.4463,0.5022,0.2670,0.5214,0.7156,0.4529,0.6180,0.6241,0.2467,0.5776,L25,MC,LA,Brisbane
701041038,Durack - Marlow Lagoon,NT,Outer regional,3,2024,Darwin,Greater Darwin,0.5034,0.4021,0.4628,0.5944,0.6069,0.5559,0.4396,0.5792,0.3730,0.5311,0.3084,L25,MC,LA,Palmerston
115021297,Dural - Kenthurst - Wisemans Ferry,NSW,Metropolitan,1,2024,Sydney - Baulkham Hills and Hawkesbury,Greater Sydney,0.4737,0.7810,0.7196,0.7233,0.8368,0.4783,0.1850,0.2024,0.7614,0.7096,0.6232,H75,LC,HA,The Hills; Hawkesbury; Hornsby
311021307,Eagleby,QLD,Metropolitan,1,2024,Logan - Beaudesert,Greater Brisbane,0.4501,0.3828,0.4246,0.1991,0.6313,0.7028,0.4256,0.5997,0.5349,0.2540,0.3693,L25,LC,LA,Logan
302031037,Eagle Farm - Pinkenba,QLD,Metropolitan,1,2024,Brisbane - North,Greater Brisbane,0.5475,0.6079,0.6308,0.5319,0.6523,0.3399,0.4418,0.6180,0.7511,0.3759,0.5227,M50,MC,MA,Brisbane
306021146,Earlville - Bayview Heights,QLD,Outer regional,3,2024,Cairns,Rest of Qld,0.5816,0.6319,0.6648,0.5304,0.8073,0.5863,0.4688,0.5949,0.6596,0.5739,0.3359,M50,MC,MA,Cairns
119021662,Earlwood,NSW,Metropolitan,1,2024,Sydney - Inner South West,Greater Sydney,0.6287,0.4565,0.5637,0.5688,0.7849,0.6305,0.3719,0.6172,0.5408,0.3996,0.4903,M50,MC,LA,Canterbury-Bankstown
702041063,East Arnhem,NT,Very remote,5,2024,Northern Territory - Outback,Rest of NT,0.0712,0.1018,0.0829,0.2485,0.2510,0.1304,0.2124,0.0103,0.1019,0.2658,0.2016,L25,LC,LA,West Arnhem; East Arnhem
202011020,East Bendigo - Kennington,VIC,Inner regional,2,2024,Bendigo,Rest of Vic.,0.7693,0.6420,0.7745,0.4724,0.7507,0.6127,0.6182,0.6788,0.6179,0.6589,0.7647,H75,HC,MA,Greater Bendigo
305021115,East Brisbane,QLD,Metropolitan,1,2024,Brisbane Inner City,Greater Brisbane,0.6168,0.6660,0.7071,0.5397,0.6949,0.3782,0.4537,0.6180,0.7543,0.4900,0.7144,M50,MC,HA,Brisbane
501021015,East Bunbury - Glen Iris,WA,Inner regional,2,2024,Bunbury,Rest of WA,0.4605,0.4195,0.4555,0.4430,0.7929,0.2219,0.2526,0.6355,0.4518,0.4554,0.5416,L25,LC,LA,Bunbury
604021086,East Devonport,TAS,Outer regional,3,2024,West and North West,Rest of Tas.,0.4321,0.3605,0.4007,0.2743,0.6577,0.3285,0.6391,0.3913,0.5135,0.2399,0.5793,L25,LC,LA,Latrobe (Tas.); Devonport
507021164,East Fremantle,WA,Metropolitan,1,2024,Perth - South West,Greater Perth,0.5815,0.6464,0.6751,0.6749,0.8160,0.1350,0.2739,0.8059,0.5334,0.7927,0.6844,M50,MC,HA,East Fremantle
117011634,Eastlakes,NSW,Metropolitan,1,2024,Sydney - City and Inner South,Greater Sydney,0.5410,0.5351,0.5756,0.4012,0.7453,0.2323,0.5664,0.6846,0.6531,0.3865,0.5015,M50,MC,MA,Bayside (NSW)
312021343,East Mackay,QLD,Inner regional,2,2024,Mackay,Rest of Qld,0.6314,0.5165,0.6080,0.5392,0.7344,0.5584,0.4308,0.5966,0.5411,0.5222,0.5679,M50,MC,MA,Mackay
106021614,East Maitland - Metford,NSW,Metropolitan,1,2024,Hunter Valley exc Newcastle,Rest of NSW,0.7551,0.5903,0.7292,0.5648,0.7542,0.6497,0.5661,0.6774,0.5310,0.6853,0.6106,H75,HC,MA,Maitland
206041119,East Melbourne,VIC,Metropolitan,1,2024,Melbourne - Inner,Greater Melbourne,0.7140,0.9165,0.9386,0.6454,0.6882,0.1942,0.6334,1.0000,0.8822,0.7759,0.6018,H75,HC,HA,Melbourne
503021295,East Perth,WA,Metropolitan,1,2024,Perth - Inner,Greater Perth,0.5593,0.6047,0.6343,0.5059,0.5749,0.3565,0.3107,0.8901,0.6145,0.5892,0.4900,M50,MC,MA,Perth; Vincent
510021267,East Pilbara,WA,Very remote,5,2024,,Rest of WA,0.1627,0.2710,0.2329,0.5947,0.2162,0.2447,0.1916,0.1560,0.3599,0.2779,0.2248,L25,LC,LA,Port Hedland; East Pilbara
702011046,East Side,NT,Remote,4,2024,Northern Territory - Outback,Rest of NT,0.1683,0.4300,0.3483,0.4804,0.4898,0.0498,0.5291,0.1352,0.4563,0.4702,0.1154,L25,LC,LA,Alice Springs
506021119,East Victoria Park - Carlisle,WA,Metropolitan,1,2024,Perth - South East,Greater Perth,0.6060,0.4245,0.5291,0.5274,0.7140,0.4162,0.2873,0.7950,0.5170,0.3693,0.5539,M50,MC,LA,Victoria Park
126021723,Eastwood,NSW,Metropolitan,1,2024,Sydney - Ryde,Greater Sydney,0.6186,0.5453,0.6219,0.4064,0.6460,0.4976,0.4556,0.7171,0.7260,0.2872,0.5479,M50,MC,MA,Ryde; Parramatta
501021012,Eaton - Pelican Point,WA,Inner regional,2,2024,Bunbury,Rest of WA,0.6221,0.5161,0.6029,0.5550,0.7349,0.6609,0.2516,0.6719,0.4708,0.6239,0.6134,M50,MC,MA,Dardanup; Bunbury
314011385,Eatons Hill,QLD,Metropolitan,1,2024,Moreton Bay - South,Greater Brisbane,0.5961,0.6860,0.7107,0.8091,0.8284,0.2878,0.3534,0.6039,0.5554,0.8385,0.5761,M50,MC,HA,Moreton Bay
216011406,Echuca,VIC,Inner regional,2,2024,Shepparton,Rest of Vic.,0.7193,0.5732,0.6965,0.5299,0.7083,0.6585,0.5592,0.6215,0.5575,0.6121,0.7071,M50,HC,MA,Campaspe
101041023,Eden,NSW,Outer regional,3,2024,Capital Region,Rest of NSW,0.5623,0.5816,0.6192,0.4513,0.7178,0.3486,0.6033,0.5667,0.6306,0.5175,0.5377,M50,MC,MA,Bega Valley
311021308,Edens Landing - Holmview,QLD,Metropolitan,1,2024,Logan - Beaudesert,Greater Brisbane,0.4956,0.4324,0.4807,0.4003,0.5689,0.7013,0.4254,0.5997,0.5499,0.3353,0.3394,L25,MC,LA,Logan
127021514,Edensor Park,NSW,Metropolitan,1,2024,Sydney - South West,Greater Sydney,0.4502,0.3244,0.3829,0.3596,0.7723,0.7276,0.4447,0.5525,0.4574,0.2484,0.1376,L25,LC,LA,Fairfield
111021217,Edgeworth - Cameron Park,NSW,Metropolitan,1,2024,Newcastle and Lake Macquarie,Rest of NSW,0.7142,0.5588,0.6833,0.5821,0.6617,0.6673,0.5929,0.6548,0.5500,0.5944,0.6034,M50,HC,MA,Newcastle; Lake Macquarie
208031189,Edithvale - Aspendale,VIC,Metropolitan,1,2024,Melbourne - Inner South,Greater Melbourne,0.5664,0.7490,0.7409,0.6784,0.8315,0.1902,0.4225,0.5593,0.7704,0.6311,0.7021,H75,MC,HA,Kingston (Vic.)
127031730,Edmondson Park,NSW,Metropolitan,1,2024,Sydney - South West,Greater Sydney,0.3835,0.3827,0.3957,0.4961,0.4782,0.4881,0.4718,0.6363,0.5944,0.1582,0.0735,L25,LC,LA,Liverpool
306021147,Edmonton,QLD,Outer regional,3,2024,Cairns,Rest of Qld,0.5355,0.5480,0.5822,0.4706,0.7260,0.8044,0.4664,0.5949,0.6756,0.3767,0.2250,M50,MC,MA,Cairns
403021058,Edwardstown,SA,Metropolitan,1,2024,Adelaide - South,Greater Adelaide,0.5805,0.5320,0.5929,0.4164,0.7136,0.2505,0.5142,0.7033,0.6937,0.3136,0.6617,M50,MC,MA,Marion
303031060,Eight Mile Plains,QLD,Metropolitan,1,2024,Brisbane - South,Greater Brisbane,0.6661,0.5375,0.6415,0.4201,0.8060,0.7649,0.4350,0.6180,0.7283,0.2665,0.5706,M50,HC,MA,Brisbane
312021344,Eimeo - Rural View,QLD,Inner regional,2,2024,Mackay,Rest of Qld,0.5653,0.5319,0.5853,0.6134,0.5919,0.7276,0.4291,0.5966,0.5919,0.4764,0.3800,M50,MC,MA,Mackay
309021233,Elanora,QLD,Metropolitan,1,2024,Gold Coast,Rest of Qld,0.7156,0.6179,0.7263,0.6209,0.7742,0.7965,0.4064,0.6066,0.6078,0.6260,0.6462,H75,HC,MA,Gold Coast
123011699,Elderslie - Narellan,NSW,Metropolitan,1,2024,Sydney - Outer South West,Greater Sydney,0.6819,0.6505,0.7308,0.6382,0.7162,0.3995,0.5499,0.7161,0.6092,0.6890,0.5363,H75,HC,HA,Camden
313021367,Elimbah,QLD,Metropolitan,1,2024,Moreton Bay - North,Greater Brisbane,0.6313,0.5546,0.6352,0.6913,0.8542,0.3984,0.4296,0.6039,0.5430,0.5963,0.4951,M50,MC,MA,Moreton Bay
402021030,Elizabeth,SA,Metropolitan,1,2024,Adelaide - North,Greater Adelaide,0.2651,0.2645,0.2645,0.0000,0.5217,0.2643,0.5223,0.6544,0.4738,0.0924,0.3190,L25,LC,LA,Playford; Salisbury
402021031,Elizabeth East,SA,Metropolitan,1,2024,Adelaide - North,Greater Adelaide,0.4726,0.3659,0.4227,0.2847,0.5982,0.4790,0.5209,0.6544,0.5297,0.2260,0.3484,L25,LC,LA,Playford
504031300,Ellenbrook,WA,Metropolitan,1,2024,Perth - North East,Greater Perth,0.5884,0.4339,0.5269,0.4339,0.7113,0.7475,0.2245,0.7227,0.4651,0.4656,0.5248,M50,MC,LA,Swan
702051065,Elsey,NT,Very remote,5,2024,Northern Territory - Outback,Rest of NT,0.0927,0.3741,0.2839,0.4251,0.1344,0.0897,0.3667,0.0274,0.4457,0.3704,0.1738,L25,LC,LA,Roper Gulf; West Arnhem
208021179,Elsternwick,VIC,Metropolitan,1,2024,Melbourne - Inner South,Greater Melbourne,0.6409,0.6960,0.7412,0.5554,0.7682,0.1558,0.4333,0.8169,0.6977,0.6425,0.8286,H75,MC,HA,Glen Eira
209031209,Eltham,VIC,Metropolitan,1,2024,Melbourne - North East,Greater Melbourne,0.8239,0.6830,0.8367,0.7870,0.8828,0.2301,0.5340,0.8445,0.6117,0.7495,0.8176,H75,HC,HA,Nillumbik
206051129,Elwood,VIC,Metropolitan,1,2024,Melbourne - Inner,Greater Melbourne,0.6654,0.7770,0.8121,0.5601,0.6963,0.1638,0.5683,0.8856,0.8435,0.5644,0.7391,H75,HC,HA,Port Phillip
308011192,Emerald,QLD,Outer regional,3,2024,Fitzroy,Rest of Qld,0.5475,0.4687,0.5314,0.5592,0.5364,0.6936,0.4321,0.5946,0.5660,0.3862,0.4275,M50,MC,LA,Central Highlands (Qld)
212011289,Emerald - Cockatoo,VIC,Metropolitan,1,2024,Melbourne - South East,Greater Melbourne,0.8319,0.6344,0.8069,0.8175,0.8269,0.4353,0.4980,0.7731,0.6428,0.6052,0.7353,H75,HC,MA,Yarra Ranges; Cardinia
308031207,Emu Park,QLD,Inner regional,2,2024,Fitzroy,Rest of Qld,0.4437,0.5333,0.5292,0.5162,0.5165,0.2838,0.4466,0.5941,0.5615,0.5257,0.4003,M50,LC,MA,Livingstone
124031459,Emu Plains - Leonay,NSW,Metropolitan,1,2024,Sydney - Outer West and Blue Mountains,Greater Sydney,0.7875,0.6122,0.7640,0.7458,0.9011,0.4577,0.6010,0.6750,0.5754,0.6634,0.5811,H75,HC,MA,Penrith
212021453,Endeavour Hills - North,VIC,Metropolitan,1,2024,Melbourne - South East,Greater Melbourne,0.7728,0.4570,0.6444,0.4844,0.7183,0.7515,0.5372,0.7825,0.5999,0.3086,0.5833,M50,HC,LA,Casey
212021454,Endeavour Hills - South,VIC,Metropolitan,1,2024,Melbourne - South East,Greater Melbourne,0.8231,0.4536,0.6724,0.4868,0.8396,0.7918,0.5372,0.7825,0.6068,0.2903,0.5695,M50,HC,LA,Casey
402031036,Enfield - Blair Athol,SA,Metropolitan,1,2024,Adelaide - North,Greater Adelaide,0.5079,0.4781,0.5191,0.3228,0.6889,0.3199,0.5374,0.6668,0.6858,0.2121,0.4232,L25,MC,MA,Port Adelaide Enfield
128021607,Engadine,NSW,Metropolitan,1,2024,Sydney - Sutherland,Greater Sydney,0.6243,0.6945,0.7314,0.7562,0.8524,0.1805,0.3608,0.7151,0.5836,0.8140,0.6984,H75,MC,HA,Sutherland
304041098,Enoggera,QLD,Metropolitan,1,2024,Brisbane - West,Greater Brisbane,0.5156,0.5315,0.5609,0.6030,0.5886,0.3408,0.2439,0.6180,0.6222,0.4283,0.7334,M50,MC,MA,Brisbane
209041431,Epping - East,VIC,Metropolitan,1,2024,Melbourne - North East,Greater Melbourne,0.5395,0.4749,0.5319,0.4332,0.6891,0.2433,0.5326,0.7337,0.6362,0.2879,0.4713,M50,MC,MA,Whittlesea
126011720,Epping (East) - North Epping,NSW,Metropolitan,1,2024,Sydney - Ryde,Greater Sydney,0.5735,0.6212,0.6531,0.4754,0.5467,0.4355,0.4282,0.7151,0.5865,0.6646,0.5304,M50,MC,MA,Parramatta; Hornsby
126011721,Epping (NSW) - West,NSW,Metropolitan,1,2024,Sydney - Ryde,Greater Sydney,0.5477,0.5982,0.6240,0.4228,0.5919,0.4412,0.4282,0.7151,0.5423,0.6846,0.4387,M50,MC,MA,Parramatta
209041432,Epping - South,VIC,Metropolitan,1,2024,Melbourne - North East,Greater Melbourne,0.6827,0.5012,0.6246,0.3206,0.8018,0.7112,0.5337,0.7337,0.6901,0.2542,0.5263,M50,HC,MA,Whittlesea
209041433,Epping (Vic.) - West,VIC,Metropolitan,1,2024,Melbourne - North East,Greater Melbourne,0.5949,0.5098,0.5843,0.3922,0.6153,0.7388,0.5326,0.7337,0.7284,0.2071,0.3734,M50,MC,MA,Whittlesea
102011031,Erina - Green Point,NSW,Metropolitan,1,2024,Central Coast,Greater Sydney,0.7566,0.6431,0.7678,0.5105,0.8047,0.7144,0.6098,0.6443,0.6387,0.6290,0.5983,H75,HC,MA,Central Coast (NSW)
125021477,Ermington - Rydalmere,NSW,Metropolitan,1,2024,Sydney - Parramatta,Greater Sydney,0.6618,0.4727,0.5929,0.4664,0.7077,0.5121,0.5232,0.7151,0.6354,0.2845,0.5006,M50,HC,LA,Parramatta
124051469,Erskine Park,NSW,Metropolitan,1,2024,Sydney - Outer West and Blue Mountains,Greater Sydney,0.7257,0.4966,0.6454,0.6403,0.8786,0.8185,0.5425,0.6750,0.5089,0.5295,0.3366,M50,HC,MA,Penrith
117031330,Erskineville - Alexandria,NSW,Metropolitan,1,2024,Sydney - City and Inner South,Greater Sydney,0.7050,0.8802,0.9076,0.6667,0.5917,0.4731,0.6251,0.7389,0.8962,0.6800,0.6025,H75,HC,HA,Sydney
310021278,Esk,QLD,Inner regional,2,2024,Ipswich,Greater Brisbane,0.4621,0.4602,0.4852,0.5198,0.6865,0.2844,0.4235,0.5817,0.5594,0.3788,0.3552,L25,LC,LA,Somerset
511011274,Esperance,WA,Remote,4,2024,,Rest of WA,0.4521,0.3582,0.4079,0.6508,0.7677,0.5291,0.2993,0.2037,0.3500,0.4732,0.4657,L25,LC,LA,Esperance
511011275,Esperance Surrounds,WA,Remote,4,2024,,Rest of WA,0.3430,0.3973,0.3895,0.8219,0.4580,0.3129,0.2875,0.1265,0.4180,0.4583,0.4932,L25,LC,LA,Jerramungup; Esperance; Ravensthorpe
206031502,Essendon - East,VIC,Metropolitan,1,2024,Melbourne - Inner,Greater Melbourne,0.6562,0.5575,0.6504,0.5588,0.7740,0.1768,0.5661,0.7582,0.6646,0.4143,0.7280,M50,MC,MA,Moonee Valley
206031501,Essendon (West) - Aberfeldie,VIC,Metropolitan,1,2024,Melbourne - Inner,Greater Melbourne,0.6923,0.5298,0.6504,0.6053,0.8224,0.1951,0.5612,0.7582,0.6343,0.4057,0.7225,M50,HC,MA,Moonee Valley
316071547,Eumundi - Yandina,QLD,Metropolitan,1,2024,Sunshine Coast,Rest of Qld,0.7132,0.6714,0.7631,0.7014,0.8308,0.6629,0.4285,0.5994,0.6505,0.6673,0.5769,H75,HC,HA,Sunshine Coast
204011055,Euroa,VIC,Inner regional,2,2024,Hume,Rest of Vic.,0.5618,0.5835,0.6204,0.6337,0.5368,0.1788,0.5576,0.6106,0.6118,0.5506,0.9143,M50,MC,MA,Murrindindi; Strathbogie
101041024,Eurobodalla Hinterland,NSW,Inner regional,2,2024,Capital Region,Rest of NSW,0.5016,0.6575,0.6443,0.7682,0.7841,0.4320,0.5958,0.1132,0.6739,0.6030,0.4096,M50,MC,HA,Eurobodalla; Shoalhaven
112011241,Evans Head,NSW,Inner regional,2,2024,Richmond - Tweed,Rest of NSW,0.5129,0.6272,0.6279,0.6386,0.6515,0.5564,0.5914,0.1240,0.6907,0.5150,0.5315,M50,MC,MA,Richmond Valley; Lismore
801011007,Evatt,ACT,Metropolitan,1,2024,Australian Capital Territory,Australian Capital Territory,0.4405,0.7475,0.6807,0.6840,0.6113,0.0855,0.2685,0.5987,0.7391,0.6790,0.7883,M50,LC,HA,Unincorporated ACT
302011025,Everton Park,QLD,Metropolitan,1,2024,Brisbane - North,Greater Brisbane,0.6207,0.5950,0.6585,0.5702,0.7213,0.3653,0.4449,0.6180,0.6543,0.5076,0.6952,M50,MC,MA,Brisbane
511021277,Exmouth,WA,Very remote,5,2024,,Rest of WA,0.3033,0.3537,0.3427,0.7920,0.5972,0.1891,0.2611,0.1495,0.3831,0.4180,0.3923,L25,LC,LA,Carnarvon; Shark Bay; Exmouth; Upper Gascoyne
213041573,Eynesbury - Exford,VIC,Metropolitan,1,2024,Melbourne - West,Greater Melbourne,0.5701,0.4539,0.5320,0.7326,0.6269,0.2282,0.4661,0.7731,0.5474,0.3842,0.4921,M50,MC,LA,Melton
406011130,Eyre Peninsula,SA,Remote,4,2024,South Australia - Outback,Rest of SA,0.5274,0.5930,0.6104,0.8103,0.5454,0.3346,0.5551,0.1123,0.6347,0.5342,0.9089,M50,MC,MA,Tumby Bay; Lower Eyre Peninsula; Unincorporated SA
801071076,Fadden,ACT,Metropolitan,1,2024,Australian Capital Territory,Australian Capital Territory,0.4611,0.7512,0.6926,0.8319,0.5870,0.1360,0.2442,0.5987,0.6574,0.8145,0.7296,M50,LC,HA,Unincorporated ACT
127021515,Fairfield,NSW,Metropolitan,1,2024,Sydney - South West,Greater Sydney,0.2489,0.3929,0.3502,0.1004,0.5003,0.4849,0.4486,0.5525,0.5699,0.2200,0.0977,L25,LC,LA,Fairfield
303021054,Fairfield - Dutton Park,QLD,Metropolitan,1,2024,Brisbane - South,Greater Brisbane,0.6103,0.5761,0.6396,0.5395,0.6290,0.3872,0.4484,0.6180,0.6912,0.4096,0.7844,M50,MC,MA,Brisbane
125031480,Fairfield - East,NSW,Metropolitan,1,2024,Sydney - Parramatta,Greater Sydney,0.3826,0.4960,0.4763,0.2558,0.6696,0.5116,0.5335,0.5538,0.7147,0.2012,0.1563,L25,LC,MA,Fairfield; Cumberland
127021516,Fairfield - West,NSW,Metropolitan,1,2024,Sydney - South West,Greater Sydney,0.2707,0.3728,0.3439,0.1727,0.5548,0.4284,0.4470,0.5525,0.5471,0.2134,0.0793,L25,LC,LA,Fairfield
502011022,Falcon - Wannanup,WA,Metropolitan,1,2024,Mandurah,Greater Perth,0.5531,0.4125,0.4940,0.5646,0.6550,0.6578,0.2572,0.6409,0.4114,0.4986,0.4777,L25,MC,LA,Mandurah
701011004,Fannie Bay - The Gardens,NT,Outer regional,3,2024,Darwin,Greater Darwin,0.4219,0.5091,0.5024,0.5665,0.6577,0.0774,0.5219,0.5772,0.4764,0.6019,0.4869,L25,LC,MA,Darwin
315031410,Far Central West,QLD,Very remote,5,2024,Queensland - Outback,Rest of Qld,0.3681,0.4241,0.4189,0.7411,0.4701,0.4698,0.3570,0.0882,0.6176,0.2098,0.4284,L25,LC,LA,Diamantina; Barcoo; Boulia; Winton
801091101,Farrer,ACT,Metropolitan,1,2024,Australian Capital Territory,Australian Capital Territory,0.4138,0.8259,0.7251,0.6140,0.6204,0.0488,0.2770,0.5987,0.7010,0.8936,0.7845,H75,LC,HA,Unincorporated ACT
315031411,Far South West,QLD,Very remote,5,2024,Queensland - Outback,Rest of Qld,0.3602,0.3927,0.3932,0.6583,0.3959,0.4700,0.4428,0.0702,0.5725,0.2157,0.4413,L25,LC,LA,Paroo; Quilpie; Bulloo
105021098,Far West,NSW,Remote,4,2024,Far West and Orana,Rest of NSW,0.3003,0.4384,0.4020,0.6633,0.3326,0.4433,0.6130,0.0729,0.4573,0.4862,0.1563,L25,LC,LA,Unincorporated NSW; Central Darling
210031237,Fawkner,VIC,Metropolitan,1,2024,Melbourne - North West,Greater Melbourne,0.5141,0.4541,0.5049,0.3492,0.7575,0.1353,0.4469,0.8025,0.6432,0.2321,0.5875,L25,MC,LA,Merri-bek
211011447,Ferntree Gully - North,VIC,Metropolitan,1,2024,Melbourne - Outer East,Greater Melbourne,0.6548,0.5759,0.6629,0.5507,0.7863,0.1932,0.5475,0.7416,0.6548,0.4679,0.7320,M50,MC,MA,Knox
211011448,Ferntree Gully (South) - Upper Ferntree Gully,VIC,Metropolitan,1,2024,Melbourne - Outer East,Greater Melbourne,0.6705,0.6573,0.7295,0.5974,0.8515,0.1755,0.5475,0.7416,0.7105,0.5442,0.6863,H75,HC,HA,Knox
107041146,Figtree - Keiraville,NSW,Metropolitan,1,2024,Illawarra,Rest of NSW,0.7421,0.5601,0.7001,0.5359,0.7468,0.6136,0.6169,0.6798,0.5605,0.5813,0.5853,M50,HC,MA,Wollongong
304021089,Fig Tree Pocket,QLD,Metropolitan,1,2024,Brisbane - West,Greater Brisbane,0.5418,0.9066,0.8413,0.6750,0.8447,0.2496,0.2385,0.6180,0.7468,0.9786,0.6410,H75,MC,HA,Brisbane
801081093,Fisher,ACT,Metropolitan,1,2024,Australian Capital Territory,Australian Capital Territory,0.4424,0.8150,0.7298,0.6356,0.6222,0.0802,0.2620,0.5987,0.7659,0.7694,0.8591,H75,LC,HA,Unincorporated ACT
206071142,Fitzroy,VIC,Metropolitan,1,2024,Melbourne - Inner,Greater Melbourne,0.6375,0.7010,0.7430,0.4651,0.6228,0.1556,0.6186,0.9765,0.8329,0.4279,0.6875,H75,MC,HA,Yarra
206071143,Fitzroy North,VIC,Metropolitan,1,2024,Melbourne - Inner,Greater Melbourne,0.6801,0.7394,0.7933,0.5231,0.6381,0.1519,0.6083,0.9552,0.7907,0.5782,0.8202,H75,HC,HA,Yarra; Merri-bek
120011386,Five Dock - Abbotsford,NSW,Metropolitan,1,2024,Sydney - Inner West,Greater Sydney,0.7417,0.6227,0.7446,0.5739,0.7528,0.4736,0.4944,0.7146,0.6897,0.5075,0.6898,H75,HC,MA,Canada Bay
403041077,Flagstaff Hill,SA,Metropolitan,1,2024,Adelaide - South,Greater Adelaide,0.7251,0.6524,0.7563,0.6797,0.7897,0.4177,0.5111,0.6754,0.6291,0.6623,0.6635,H75,HC,HA,Onkaparinga
311041567,Flagstone (East) - Riverbend,QLD,Metropolitan,1,2024,Logan - Beaudesert,Greater Brisbane,0.5460,0.5586,0.5948,0.5644,0.7082,0.8544,0.3859,0.5997,0.5898,0.5340,0.2532,M50,MC,MA,Logan
311041568,Flagstone (West) - New Beith,QLD,Metropolitan,1,2024,Logan - Beaudesert,Greater Brisbane,0.4190,0.5441,0.5261,0.6309,0.7019,0.2373,0.3869,0.5997,0.5736,0.5293,0.2455,M50,LC,MA,Logan
206031115,Flemington,VIC,Metropolitan,1,2024,Melbourne - Inner,Greater Melbourne,0.5309,0.5292,0.5666,0.3614,0.6116,0.1743,0.5690,0.7582,0.7091,0.2817,0.7105,M50,MC,MA,Moonee Valley
214021378,Flinders,VIC,Metropolitan,1,2024,Mornington Peninsula,Greater Melbourne,0.6793,0.7012,0.7656,0.9225,0.9361,0.1067,0.5522,0.6541,0.6810,0.6792,0.6805,H75,HC,HA,Mornington Peninsula
602031099,Flinders and Cape Barren Islands,TAS,Very remote,5,2024,Launceston and North East,Rest of Tas.,0.5811,0.5460,0.6032,0.8578,0.4854,0.5804,0.7395,0.0000,0.6528,0.4095,0.7291,M50,MC,MA,Flinders (Tas.)
404011091,Flinders Park,SA,Metropolitan,1,2024,Adelaide - West,Greater Adelaide,0.6181,0.5365,0.6153,0.4836,0.7589,0.3086,0.5587,0.6710,0.6807,0.3445,0.5800,M50,MC,MA,Charles Sturt
202011021,Flora Hill - Spring Gully,VIC,Inner regional,2,2024,Bendigo,Rest of Vic.,0.6984,0.6265,0.7228,0.4919,0.6667,0.4515,0.6182,0.6788,0.6388,0.5956,0.7646,H75,HC,MA,Greater Bendigo
503011033,Floreat,WA,Metropolitan,1,2024,Perth - Inner,Greater Perth,0.5418,0.7298,0.7151,0.7422,0.7511,0.1276,0.3096,0.8377,0.5682,0.9054,0.5227,H75,MC,HA,Nedlands; Cambridge
801011008,Florey,ACT,Metropolitan,1,2024,Australian Capital Territory,Australian Capital Territory,0.4749,0.5540,0.5580,0.5064,0.6297,0.2205,0.2688,0.5987,0.6463,0.4364,0.7947,M50,MC,MA,Unincorporated ACT
801011009,Flynn (ACT),ACT,Metropolitan,1,2024,Australian Capital Territory,Australian Capital Territory,0.4373,0.8909,0.7817,0.6589,0.6730,0.0692,0.2680,0.5987,0.8416,0.7944,0.7665,H75,LC,HA,Unincorporated ACT
702011047,Flynn (NT),NT,Remote,4,2024,Northern Territory - Outback,Rest of NT,0.2748,0.3492,0.3286,0.4302,0.6390,0.0961,0.5278,0.5703,0.3464,0.4596,0.0726,L25,LC,LA,Alice Springs
213031348,Footscray,VIC,Metropolitan,1,2024,Melbourne - West,Greater Melbourne,0.4844,0.4940,0.5196,0.3979,0.6546,0.0771,0.5157,0.8025,0.6920,0.2358,0.5734,L25,MC,MA,Maribyrnong
103021065,Forbes,NSW,Outer regional,3,2024,Central West,Rest of NSW,0.4506,0.6032,0.5822,0.6503,0.5924,0.3641,0.6067,0.2909,0.5977,0.6118,0.4346,M50,LC,MA,Weddin; Cabonne; Forbes; Lachlan
801041038,Forde,ACT,Metropolitan,1,2024,Australian Capital Territory,Australian Capital Territory,0.5569,0.6842,0.6899,0.6472,0.5237,0.7449,0.2370,0.5987,0.6076,0.7581,0.6266,M50,MC,HA,Unincorporated ACT
211041269,Forest Hill,VIC,Metropolitan,1,2024,Melbourne - Outer East,Greater Melbourne,0.5816,0.5083,0.5765,0.4123,0.7445,0.1425,0.5546,0.7554,0.6198,0.3840,0.7549,M50,MC,MA,Whitehorse
603031073,Forestier - Tasman,TAS,Outer regional,3,2024,South East,Rest of Tas.,0.3019,0.5627,0.4914,0.6395,0.5982,0.1550,0.2314,0.0026,0.6520,0.4452,0.6882,L25,LC,MA,Tasman
310011564,Forest Lake - Ellen Grove,QLD,Metropolitan,1,2024,Ipswich,Greater Brisbane,0.6750,0.4480,0.5824,0.4404,0.7086,0.8600,0.4520,0.6180,0.5515,0.3656,0.6115,M50,HC,LA,Brisbane
122031427,Forestville - Killarney Heights,NSW,Metropolitan,1,2024,Sydney - Northern Beaches,Greater Sydney,0.7415,0.7437,0.8309,0.6708,0.7706,0.4963,0.3986,0.7198,0.7126,0.7139,0.7220,H75,HC,HA,Northern Beaches
801061063,Forrest,ACT,Metropolitan,1,2024,Australian Capital Territory,Australian Capital Territory,0.4690,0.9213,0.8176,0.7181,0.6034,0.1206,0.2737,0.5987,0.7871,0.9430,0.8130,H75,LC,HA,Unincorporated ACT
506051138,Forrestfield - Wattle Grove,WA,Metropolitan,1,2024,Perth - South East,Greater Perth,0.5031,0.4090,0.4676,0.5234,0.7960,0.1822,0.2770,0.7151,0.4254,0.4718,0.5615,L25,MC,LA,Kalamunda
108011152,Forster,NSW,Inner regional,2,2024,Mid North Coast,Rest of NSW,0.5217,0.5284,0.5616,0.3978,0.6295,0.5072,0.5971,0.4342,0.5220,0.5745,0.5862,M50,MC,MA,Mid-Coast
108011153,Forster-Tuncurry Surrounds,NSW,Inner regional,2,2024,Mid North Coast,Rest of NSW,0.5883,0.5577,0.6152,0.6474,0.7516,0.6195,0.5845,0.3779,0.6295,0.4706,0.4658,M50,MC,MA,Mid-Coast
305011106,Fortitude Valley,QLD,Metropolitan,1,2024,Brisbane Inner City,Greater Brisbane,0.4771,0.6426,0.6223,0.4582,0.5147,0.2245,0.4729,0.6180,0.8169,0.3345,0.6718,M50,MC,MA,Brisbane
205031087,Foster,VIC,Inner regional,2,2024,Latrobe - Gippsland,Rest of Vic.,0.5527,0.6496,0.6631,0.7570,0.5911,0.1606,0.5764,0.5840,0.6662,0.5992,0.7556,M50,MC,HA,South Gippsland
801041039,Franklin,ACT,Metropolitan,1,2024,Australian Capital Territory,Australian Capital Territory,0.3774,0.6129,0.5575,0.4896,0.4437,0.1969,0.2377,0.5987,0.7154,0.4456,0.6301,M50,LC,MA,Unincorporated ACT
214011371,Frankston,VIC,Metropolitan,1,2024,Mornington Peninsula,Greater Melbourne,0.5949,0.4580,0.5474,0.4701,0.6889,0.2285,0.5692,0.7337,0.6148,0.2868,0.6405,M50,MC,LA,Frankston
214011372,Frankston North,VIC,Metropolitan,1,2024,Mornington Peninsula,Greater Melbourne,0.5390,0.4486,0.5129,0.4101,0.6116,0.2327,0.5677,0.7337,0.6128,0.2701,0.5834,L25,MC,LA,Frankston
214011373,Frankston South,VIC,Metropolitan,1,2024,Mornington Peninsula,Greater Melbourne,0.7565,0.6189,0.7505,0.6575,0.7923,0.3913,0.5677,0.7337,0.6046,0.6329,0.6614,H75,HC,MA,Frankston
801011010,Fraser,ACT,Metropolitan,1,2024,Australian Capital Territory,Australian Capital Territory,0.4422,0.9008,0.7910,0.7790,0.6055,0.0736,0.2667,0.5987,0.8161,0.8560,0.7588,H75,LC,HA,Unincorporated ACT
213041574,Fraser Rise - Plumpton,VIC,Metropolitan,1,2024,Melbourne - West,Greater Melbourne,0.5193,0.5166,0.5521,0.5063,0.5480,0.6269,0.4663,0.7731,0.6742,0.3135,0.1994,M50,MC,MA,Melton
507021165,Fremantle,WA,Inner regional,2,2024,Perth - South West,Greater Perth,0.5005,0.5289,0.5519,0.5681,0.7661,0.1628,0.2749,0.6525,0.5648,0.5116,0.7155,M50,MC,MA,Cockburn; Fremantle
507021166,Fremantle - South,WA,Metropolitan,1,2024,Perth - South West,Greater Perth,0.5787,0.5295,0.5903,0.5787,0.8093,0.2089,0.2739,0.7560,0.6110,0.4418,0.7028,M50,MC,MA,Fremantle
122031696,Frenchs Forest - Oxford Falls,NSW,Metropolitan,1,2024,Sydney - Northern Beaches,Greater Sydney,0.7645,0.6994,0.8126,0.7172,0.8542,0.4993,0.4014,0.7198,0.6760,0.6833,0.6608,H75,HC,HA,Northern Beaches
308031208,Frenchville - Mount Archer,QLD,Inner regional,2,2024,Fitzroy,Rest of Qld,0.6302,0.5618,0.6397,0.5918,0.7869,0.4451,0.4523,0.5935,0.5207,0.6434,0.5480,M50,MC,MA,Rockhampton
122031429,Freshwater - Brookvale,NSW,Metropolitan,1,2024,Sydney - Northern Beaches,Greater Sydney,0.7153,0.7289,0.8054,0.6247,0.7552,0.5049,0.4014,0.7198,0.7155,0.6799,0.6457,H75,HC,HA,Northern Beaches
306011140,Freshwater - Stratford,QLD,Outer regional,3,2024,Cairns,Rest of Qld,0.4675,0.6058,0.5916,0.6024,0.7944,0.2363,0.4527,0.5949,0.5659,0.6648,0.2905,M50,LC,MA,Cairns
404031105,Fulham,SA,Metropolitan,1,2024,Adelaide - West,Greater Adelaide,0.6957,0.6935,0.7692,0.5995,0.8537,0.2555,0.5669,0.7083,0.7534,0.5475,0.6804,H75,HC,HA,West Torrens
115021298,Galston - Laughtondale,NSW,Metropolitan,1,2024,Sydney - Baulkham Hills and Hawkesbury,Greater Sydney,0.4549,0.7950,0.7211,0.7499,0.8384,0.3391,0.1844,0.1994,0.7415,0.7692,0.6976,H75,LC,HA,Hornsby
215031401,Gannawarra,VIC,Outer regional,3,2024,North West,Rest of Vic.,0.4712,0.6182,0.6022,0.7222,0.5106,0.1668,0.5510,0.4100,0.6695,0.5307,0.7627,M50,LC,MA,Swan Hill; Gannawarra
318021475,Garbutt - West End,QLD,Outer regional,3,2024,Townsville,Rest of Qld,0.5608,0.5092,0.5668,0.4556,0.7374,0.5750,0.4729,0.5966,0.6154,0.3930,0.3754,M50,MC,MA,Townsville
801091102,Garran,ACT,Metropolitan,1,2024,Australian Capital Territory,Australian Capital Territory,0.4145,0.6837,0.6239,0.5517,0.5341,0.1108,0.2819,0.5987,0.6283,0.7258,0.7890,M50,LC,HA,Unincorporated ACT
317011448,Gatton,QLD,Inner regional,2,2024,Toowoomba,Rest of Qld,0.3787,0.6550,0.5881,0.2483,0.4748,0.4078,0.4577,0.5943,0.6617,0.6171,0.3228,M50,LC,HA,Lockyer Valley
402011025,Gawler - North,SA,Metropolitan,1,2024,Adelaide - North,Greater Adelaide,0.8073,0.6126,0.7763,0.6904,0.8297,0.5221,0.5233,0.6798,0.6570,0.5392,0.7542,H75,HC,MA,Gawler; Light
402011026,Gawler - South,SA,Metropolitan,1,2024,Adelaide - North,Greater Adelaide,0.6614,0.5389,0.6399,0.4913,0.7242,0.4245,0.5266,0.6446,0.6567,0.3886,0.6946,M50,HC,MA,Gawler; Barossa
319021503,Gayndah - Mundubbera,QLD,Inner regional,2,2024,Wide Bay,Rest of Qld,0.4061,0.4400,0.4462,0.5333,0.5093,0.4741,0.4127,0.0716,0.5016,0.4246,0.6135,L25,LC,LA,North Burnett
302021030,Geebung,QLD,Metropolitan,1,2024,Brisbane - North,Greater Brisbane,0.6465,0.6948,0.7433,0.5833,0.9191,0.2523,0.4557,0.6180,0.7286,0.5905,0.7331,H75,MC,HA,Brisbane
203021039,Geelong,VIC,Metropolitan,1,2024,Geelong,Rest of Vic.,0.6431,0.6673,0.7219,0.5244,0.7448,0.1803,0.5951,0.7116,0.7042,0.5746,0.8528,H75,MC,HA,Greater Geelong
203021040,Geelong West - Hamlyn Heights,VIC,Metropolitan,1,2024,Geelong,Rest of Vic.,0.6760,0.7337,0.7870,0.5636,0.7551,0.2309,0.5916,0.7116,0.7583,0.6202,0.8347,H75,HC,HA,Greater Geelong
603021071,Geeveston - Dover,TAS,Outer regional,3,2024,South East,Rest of Tas.,0.3364,0.4510,0.4252,0.6517,0.5795,0.2361,0.2617,0.0072,0.5349,0.3973,0.6696,L25,LC,LA,Huon Valley
601021006,Geilston Bay - Risdon,TAS,Inner regional,2,2024,Hobart,Greater Hobart,0.5848,0.5335,0.5961,0.6385,0.6826,0.2113,0.8342,0.4082,0.5775,0.5017,0.8225,M50,MC,MA,Clarence
501021252,Gelorup - Stratham,WA,Inner regional,2,2024,Bunbury,Rest of WA,0.7156,0.6214,0.7288,0.8150,0.8096,0.7307,0.2520,0.7201,0.5048,0.7844,0.5617,H75,HC,MA,Capel
602031059,George Town,TAS,Outer regional,3,2024,Launceston and North East,Rest of Tas.,0.4260,0.4575,0.4673,0.4706,0.6427,0.3070,0.5784,0.0035,0.6053,0.3009,0.6922,L25,LC,LA,George Town; Launceston; West Tamar; Dorset
511041285,Geraldton,WA,Outer regional,3,2024,,Rest of WA,0.4300,0.3726,0.4084,0.4133,0.7266,0.2903,0.3007,0.6169,0.3784,0.4633,0.3433,L25,LC,LA,Greater Geraldton
511041286,Geraldton - East,WA,Outer regional,3,2024,,Rest of WA,0.4214,0.3462,0.3858,0.5371,0.7424,0.2691,0.2996,0.6169,0.3775,0.4104,0.2814,L25,LC,LA,Greater Geraldton
511041287,Geraldton - North,WA,Outer regional,3,2024,,Rest of WA,0.4584,0.4577,0.4818,0.6357,0.6568,0.5704,0.2982,0.6037,0.4649,0.5146,0.2117,L25,LC,LA,Greater Geraldton; Chapman Valley
511041288,Geraldton - South,WA,Outer regional,3,2024,,Rest of WA,0.3828,0.4399,0.4363,0.6182,0.6955,0.6825,0.3003,0.1436,0.4367,0.5187,0.2612,L25,LC,LA,Greater Geraldton
504031060,Gidgegannup,WA,Metropolitan,1,2024,Perth - North East,Greater Perth,0.7374,0.7167,0.8093,0.8981,0.8626,0.7626,0.2202,0.7227,0.6558,0.7490,0.5502,H75,HC,HA,Swan
405021117,Gilbert Valley,SA,Inner regional,2,2024,Barossa - Yorke - Mid North,Rest of SA,0.7054,0.6092,0.7143,0.7737,0.6280,0.4517,0.4218,0.6193,0.6943,0.4725,0.9666,H75,HC,MA,Clare and Gilbert Valleys
105031104,Gilgandra,NSW,Outer regional,3,2024,Far West and Orana,Rest of NSW,0.4092,0.5644,0.5364,0.6882,0.4392,0.4166,0.6659,0.0907,0.5860,0.5515,0.4415,M50,LC,MA,Warren; Gilgandra
801071077,Gilmore,ACT,Metropolitan,1,2024,Australian Capital Territory,Australian Capital Territory,0.4641,0.4880,0.5060,0.7130,0.5417,0.2280,0.2436,0.5987,0.4586,0.5847,0.6787,L25,LC,MA,Unincorporated ACT
319021504,Gin Gin,QLD,Inner regional,2,2024,Wide Bay,Rest of Qld,0.3797,0.4165,0.4183,0.4497,0.5665,0.4924,0.4095,0.1051,0.5075,0.3671,0.4756,L25,LC,LA,Bundaberg
509021239,Gingin - Dandaragan,WA,Inner regional,2,2024,Western Australia - Wheat Belt,Rest of WA,0.3719,0.5102,0.4820,0.6716,0.5443,0.5501,0.2532,0.1256,0.5482,0.4987,0.4601,L25,LC,MA,Dandaragan; Gingin
801011011,Giralang,ACT,Metropolitan,1,2024,Australian Capital Territory,Australian Capital Territory,0.4255,0.7657,0.6872,0.6498,0.6312,0.0790,0.2685,0.5987,0.7821,0.6451,0.7381,M50,LC,HA,Unincorporated ACT
505031102,Girrawheen,WA,Metropolitan,1,2024,Perth - North West,Greater Perth,0.3363,0.3358,0.3429,0.2589,0.6534,0.0933,0.2205,0.7530,0.5034,0.2023,0.5266,L25,LC,LA,Wanneroo
210021232,Gisborne,VIC,Inner regional,2,2024,Melbourne - North West,Greater Melbourne,0.8528,0.7038,0.8696,0.7879,0.7940,0.7059,0.4527,0.7498,0.6446,0.7408,0.6970,H75,HC,HA,Macedon Ranges
126021498,Gladesville - Huntleys Point,NSW,Metropolitan,1,2024,Sydney - Ryde,Greater Sydney,0.7626,0.6966,0.8095,0.6155,0.7865,0.5099,0.4540,0.7161,0.7480,0.5624,0.7078,H75,HC,HA,Hunters Hill; Ryde
308051534,Gladstone,QLD,Inner regional,2,2024,Fitzroy,Rest of Qld,0.5379,0.3561,0.4463,0.3943,0.7141,0.3971,0.4450,0.5949,0.4245,0.3639,0.4839,L25,MC,LA,Gladstone
308051535,Gladstone Hinterland,QLD,Inner regional,2,2024,Fitzroy,Rest of Qld,0.4640,0.5154,0.5255,0.6666,0.7121,0.5203,0.4429,0.1273,0.5037,0.5750,0.4366,M50,LC,MA,Gladstone
210051245,Gladstone Park - Westmeadows,VIC,Metropolitan,1,2024,Melbourne - North West,Greater Melbourne,0.5648,0.5071,0.5673,0.4707,0.8410,0.2405,0.4472,0.7024,0.6199,0.3815,0.4889,M50,MC,MA,Hume
316061441,Glass House Mountains,QLD,Metropolitan,1,2024,Sunshine Coast,Rest of Qld,0.7021,0.6192,0.7196,0.6685,0.8195,0.6683,0.4154,0.5956,0.6382,0.5818,0.5895,H75,HC,MA,Sunshine Coast
117031331,Glebe - Forest Lodge,NSW,Metropolitan,1,2024,Sydney - City and Inner South,Greater Sydney,0.6165,0.7766,0.7860,0.4706,0.5217,0.4089,0.6288,0.7389,0.8908,0.4808,0.6029,H75,MC,HA,Sydney
127011727,Gledswood Hills - Gregory Hills,NSW,Metropolitan,1,2024,Sydney - South West,Greater Sydney,0.5471,0.3402,0.4395,0.5878,0.6399,0.6229,0.4195,0.7161,0.5014,0.2149,0.2457,L25,MC,LA,Camden
111011209,Glendale - Cardiff - Hillsborough,NSW,Metropolitan,1,2024,Newcastle and Lake Macquarie,Rest of NSW,0.8054,0.6165,0.7779,0.6381,0.8012,0.6311,0.6125,0.6570,0.5674,0.6837,0.6606,H75,HC,MA,Lake Macquarie; Newcastle
116031314,Glendenning - Dean Park,NSW,Metropolitan,1,2024,Sydney - Blacktown,Greater Sydney,0.6566,0.4515,0.5749,0.4512,0.7808,0.7823,0.5202,0.7082,0.5870,0.3174,0.3543,M50,MC,LA,Blacktown
403011057,Glenelg (SA),SA,Metropolitan,1,2024,Adelaide - South,Greater Adelaide,0.6508,0.6041,0.6808,0.5496,0.8023,0.2535,0.5273,0.6798,0.6390,0.5501,0.7282,M50,MC,MA,Holdfast Bay; West Torrens
217011420,Glenelg (Vic.),VIC,Outer regional,3,2024,Warrnambool and South West,Rest of Vic.,0.4549,0.6088,0.5881,0.7452,0.5925,0.1784,0.5848,0.1229,0.6250,0.5813,0.7941,M50,LC,MA,Moyne; Southern Grampians; Glenelg
123021704,Glenfield,NSW,Metropolitan,1,2024,Sydney - Outer South West,Greater Sydney,0.5213,0.4300,0.4911,0.4721,0.5369,0.5560,0.5636,0.6592,0.5345,0.3541,0.3217,L25,MC,LA,Campbelltown (NSW)
504021050,Glen Forrest - Darlington,WA,Metropolitan,1,2024,Perth - North East,Greater Perth,0.5906,0.5634,0.6205,0.8218,0.8680,0.1961,0.2189,0.7176,0.4238,0.7834,0.6841,M50,MC,MA,Mundaring
115011294,Glenhaven,NSW,Metropolitan,1,2024,Sydney - Baulkham Hills and Hawkesbury,Greater Sydney,0.7464,0.8317,0.8966,0.7226,0.8575,0.6722,0.2058,0.7203,0.7043,0.8996,0.7466,H75,HC,HA,The Hills; Hornsby
110021190,Glen Innes,NSW,Inner regional,2,2024,New England and North West,Rest of NSW,0.4879,0.5814,0.5836,0.5281,0.5209,0.6494,0.5841,0.0953,0.6051,0.5566,0.6126,M50,MC,MA,Glen Innes Severn
207011150,Glen Iris - East,VIC,Metropolitan,1,2024,Melbourne - Inner East,Greater Melbourne,0.7318,0.8189,0.8790,0.6659,0.8046,0.1788,0.5646,0.8244,0.7193,0.8512,0.7725,H75,HC,HA,Boroondara
308031209,Glenlee - Rockyview,QLD,Inner regional,2,2024,Fitzroy,Rest of Qld,0.6785,0.5709,0.6721,0.9056,0.7430,0.7340,0.4489,0.5941,0.5398,0.6337,0.4172,M50,HC,MA,Livingstone
124031460,Glenmore Park - Regentville,NSW,Metropolitan,1,2024,Sydney - Outer West and Blue Mountains,Greater Sydney,0.7592,0.5834,0.7268,0.6622,0.7907,0.7990,0.5999,0.6750,0.5852,0.5911,0.4581,H75,HC,MA,Penrith
601031017,Glenorchy,TAS,Inner regional,2,2024,Hobart,Greater Hobart,0.4510,0.4167,0.4492,0.2616,0.6330,0.3218,0.7411,0.4004,0.5840,0.2486,0.6400,L25,LC,LA,Glenorchy
210031535,Glenroy - East,VIC,Metropolitan,1,2024,Melbourne - North West,Greater Melbourne,0.5080,0.4587,0.5053,0.3529,0.7046,0.1536,0.4459,0.8025,0.5577,0.3782,0.5876,L25,MC,LA,Merri-bek
210031536,Glenroy - West,VIC,Metropolitan,1,2024,Melbourne - North West,Greater Melbourne,0.5234,0.4531,0.5086,0.4031,0.6693,0.1649,0.4493,0.8025,0.5430,0.3891,0.5970,L25,MC,LA,Merri-bek
212051321,Glen Waverley - East,VIC,Metropolitan,1,2024,Melbourne - South East,Greater Melbourne,0.5923,0.6335,0.6714,0.4434,0.7846,0.1790,0.5527,0.7443,0.7723,0.3930,0.6105,M50,MC,MA,Monash
212051322,Glen Waverley - West,VIC,Metropolitan,1,2024,Melbourne - South East,Greater Melbourne,0.5143,0.6073,0.6144,0.3849,0.7483,0.1255,0.5556,0.7443,0.7778,0.3289,0.5396,M50,MC,MA,Monash
116021309,Glenwood,NSW,Metropolitan,1,2024,Sydney - Blacktown,Greater Sydney,0.7068,0.5084,0.6431,0.5856,0.7516,0.8226,0.4987,0.7082,0.5788,0.4483,0.4174,M50,HC,MA,Blacktown
108051167,Gloucester,NSW,Inner regional,2,2024,Mid North Coast,Rest of NSW,0.6077,0.5820,0.6425,0.5752,0.6161,0.5383,0.6098,0.5484,0.5871,0.5853,0.5600,M50,MC,MA,Mid-Coast
509011229,Gnowangerup,WA,Remote,4,2024,Western Australia - Wheat Belt,Rest of WA,0.3041,0.5181,0.4604,0.7871,0.4746,0.0812,0.2634,0.1375,0.5995,0.4363,0.7206,L25,LC,MA,Jerramungup; Kent; Gnowangerup
316021421,Golden Beach - Pelican Waters,QLD,Metropolitan,1,2024,Sunshine Coast,Rest of Qld,0.6712,0.6038,0.6916,0.5538,0.7482,0.5823,0.4387,0.5994,0.5526,0.6805,0.6626,M50,HC,MA,Sunshine Coast
402051049,Golden Grove,SA,Metropolitan,1,2024,Adelaide - North,Greater Adelaide,0.8779,0.5027,0.7420,0.6489,0.8629,0.7327,0.5211,0.7008,0.4914,0.5672,0.7548,H75,HC,MA,Tea Tree Gully
201031015,Golden Plains - North,VIC,Inner regional,2,2024,Ballarat,Rest of Vic.,0.8707,0.6034,0.8093,0.7976,0.7864,0.5410,0.4803,0.7611,0.6311,0.5610,0.8467,H75,HC,MA,Golden Plains
203011035,Golden Plains - South,VIC,Inner regional,2,2024,Geelong,Rest of Vic.,0.8477,0.6692,0.8417,0.8432,0.7437,0.5546,0.4658,0.7611,0.5794,0.7705,0.8195,H75,HC,HA,Golden Plains
310041300,Goodna,QLD,Metropolitan,1,2024,Ipswich,Greater Brisbane,0.3951,0.3757,0.3956,0.2503,0.6389,0.5714,0.4423,0.6058,0.5628,0.1945,0.1935,L25,LC,LA,Ipswich
401071023,Goodwood - Millswood,SA,Metropolitan,1,2024,Adelaide - Central and Hills,Greater Adelaide,0.7137,0.7347,0.8086,0.5620,0.8219,0.2245,0.6060,0.7590,0.7790,0.5881,0.7596,H75,HC,HA,Unley
101021610,Googong,NSW,Metropolitan,1,2024,Capital Region,Rest of NSW,0.3871,0.3470,0.3718,0.7102,0.3614,0.1771,0.5672,0.7166,0.4758,0.2688,0.1883,L25,LC,LA,Queanbeyan-Palerang
407011144,Goolwa - Port Elliot,SA,Inner regional,2,2024,South Australia - South East,Rest of SA,0.6680,0.5228,0.6320,0.4710,0.7171,0.4998,0.4909,0.5933,0.5493,0.5226,0.8320,M50,HC,MA,Alexandrina
307011173,Goondiwindi,QLD,Outer regional,3,2024,Darling Downs - Maranoa,Rest of Qld,0.3863,0.4914,0.4745,0.5836,0.6349,0.5694,0.3912,0.1015,0.4825,0.5574,0.3321,L25,LC,MA,Goondiwindi
112021246,Goonellabah,NSW,Inner regional,2,2024,Richmond - Tweed,Rest of NSW,0.6323,0.5651,0.6432,0.4504,0.6510,0.5259,0.6271,0.6304,0.6635,0.4318,0.5664,M50,MC,MA,Lismore
801071078,Gordon (ACT),ACT,Metropolitan,1,2024,Australian Capital Territory,Australian Capital Territory,0.4815,0.6342,0.6183,0.6359,0.5866,0.2301,0.2431,0.5987,0.6228,0.6356,0.7705,M50,MC,MA,Unincorporated ACT
121031407,Gordon - Killara,NSW,Metropolitan,1,2024,Sydney - North Sydney and Hornsby,Greater Sydney,0.6346,0.6810,0.7272,0.4918,0.5726,0.4845,0.4565,0.7182,0.7296,0.5613,0.6549,H75,MC,HA,Ku-ring-gai
306021148,Gordonvale - Trinity,QLD,Outer regional,3,2024,Cairns,Rest of Qld,0.5278,0.6427,0.6461,0.6265,0.7508,0.4823,0.4688,0.5874,0.7055,0.5227,0.2574,M50,MC,MA,Cairns
201021012,Gordon (Vic.),VIC,Inner regional,2,2024,Ballarat,Rest of Vic.,0.7323,0.6540,0.7615,0.8766,0.7348,0.2888,0.5687,0.7286,0.6698,0.6025,0.7285,H75,HC,HA,Ballarat; Moorabool; Hepburn
102021048,Gorokan - Kanwal - Charmhaven,NSW,Metropolitan,1,2024,Central Coast,Greater Sydney,0.6343,0.4392,0.5543,0.3805,0.6806,0.7153,0.5956,0.6443,0.5472,0.3538,0.4845,M50,MC,LA,Central Coast (NSW)
102011032,Gosford - Springfield,NSW,Metropolitan,1,2024,Central Coast,Greater Sydney,0.6191,0.4772,0.5735,0.4609,0.6437,0.4508,0.6111,0.6443,0.6099,0.3349,0.5538,M50,MC,MA,Central Coast (NSW)
506041134,Gosnells,WA,Metropolitan,1,2024,Perth - South East,Greater Perth,0.3404,0.3003,0.3192,0.2875,0.5997,0.1237,0.2764,0.6982,0.3948,0.2899,0.4403,L25,LC,LA,Gosnells
101051539,Goulburn,NSW,Inner regional,2,2024,Capital Region,Rest of NSW,0.6075,0.5313,0.6061,0.5201,0.7057,0.5631,0.6035,0.6136,0.5213,0.5812,0.4038,M50,MC,MA,Goulburn Mulwaree
101051540,Goulburn Surrounds,NSW,Inner regional,2,2024,Capital Region,Rest of NSW,0.6680,0.5976,0.6855,0.8497,0.6024,0.6617,0.5856,0.6136,0.6031,0.5924,0.4508,M50,HC,MA,Goulburn Mulwaree; Queanbeyan-Palerang; Yass Valley; Wingecarribee; Upper Lachlan
210031439,Gowanbrae,VIC,Metropolitan,1,2024,Melbourne - North West,Greater Melbourne,0.7042,0.4899,0.6285,0.6487,0.7649,0.2919,0.4444,0.8025,0.4476,0.6042,0.7298,M50,HC,MA,Merri-bek
801071079,Gowrie (ACT),ACT,Metropolitan,1,2024,Australian Capital Territory,Australian Capital Territory,0.4273,0.6121,0.5782,0.7229,0.5466,0.0866,0.2442,0.5987,0.5181,0.7470,0.7982,M50,LC,MA,Unincorporated ACT
317011449,Gowrie (Qld),QLD,Inner regional,2,2024,Toowoomba,Rest of Qld,0.5894,0.7466,0.7506,0.7450,0.7194,0.7578,0.4501,0.5966,0.7321,0.6885,0.2595,H75,MC,HA,Toowoomba
405021118,Goyder,SA,Inner regional,2,2024,Barossa - Yorke - Mid North,Rest of SA,0.4381,0.5792,0.5595,0.7035,0.4934,0.2988,0.4281,0.1055,0.6826,0.4299,0.8533,M50,LC,MA,Goyder; Clare and Gilbert Valleys
308031210,Gracemere,QLD,Inner regional,2,2024,Fitzroy,Rest of Qld,0.5016,0.5147,0.5423,0.4229,0.5811,0.5330,0.4506,0.5935,0.6263,0.3872,0.3899,M50,MC,MA,Rockhampton
104011080,Grafton,NSW,Inner regional,2,2024,Coffs Harbour - Grafton,Rest of NSW,0.6009,0.4399,0.5376,0.3754,0.6785,0.6236,0.6276,0.5711,0.4670,0.4752,0.5424,M50,MC,LA,Clarence Valley
104011081,Grafton Surrounds,NSW,Inner regional,2,2024,Coffs Harbour - Grafton,Rest of NSW,0.5446,0.5387,0.5800,0.6870,0.6627,0.6586,0.6117,0.1130,0.5589,0.5405,0.5145,M50,MC,MA,Richmond Valley; Clarence Valley; Coffs Harbour
305031123,Grange,QLD,Metropolitan,1,2024,Brisbane Inner City,Greater Brisbane,0.6514,0.8889,0.8846,0.7167,0.7400,0.3498,0.4668,0.6180,0.8007,0.8579,0.6966,H75,MC,HA,Brisbane
407021150,Grant,SA,Outer regional,3,2024,South Australia - South East,Rest of SA,0.5405,0.5933,0.6169,0.8621,0.6116,0.4546,0.4991,0.1409,0.6423,0.5231,0.7294,M50,MC,MA,Grant; Wattle Range
319051523,Granville,QLD,Inner regional,2,2024,Wide Bay,Rest of Qld,0.4159,0.4396,0.4501,0.3948,0.5703,0.2083,0.4365,0.5520,0.4707,0.4692,0.5344,L25,LC,LA,Fraser Coast
125031481,Granville - Clyde,NSW,Metropolitan,1,2024,Sydney - Parramatta,Greater Sydney,0.4728,0.5048,0.5220,0.2913,0.6154,0.4989,0.5300,0.6592,0.7087,0.2305,0.3152,M50,LC,MA,Cumberland; Parramatta
701041039,Gray,NT,Outer regional,3,2024,Darwin,Greater Darwin,0.3225,0.2542,0.2791,0.3772,0.4983,0.1336,0.4396,0.5792,0.2962,0.3316,0.3341,L25,LC,LA,Palmerston
119011655,Greenacre - North,NSW,Metropolitan,1,2024,Sydney - Inner South West,Greater Sydney,0.5160,0.5324,0.5617,0.3841,0.7637,0.5728,0.3747,0.6285,0.7318,0.2497,0.3318,M50,MC,MA,Strathfield; Canterbury-Bankstown
119011656,Greenacre - South,NSW,Metropolitan,1,2024,Sydney - Inner South West,Greater Sydney,0.4717,0.4644,0.4926,0.3700,0.6757,0.5941,0.3760,0.6172,0.6457,0.2499,0.2801,L25,LC,LA,Canterbury-Bankstown
311041569,Greenbank - North Maclean,QLD,Metropolitan,1,2024,Logan - Beaudesert,Greater Brisbane,0.5438,0.5689,0.6011,0.5831,0.7641,0.6363,0.3874,0.5997,0.6065,0.5293,0.2852,M50,MC,MA,Logan
127021517,Greenfield Park - Prairiewood,NSW,Metropolitan,1,2024,Sydney - South West,Greater Sydney,0.3895,0.3103,0.3465,0.2902,0.7272,0.5970,0.4486,0.5525,0.4514,0.2274,0.1099,L25,LC,LA,Fairfield
502011023,Greenfields,WA,Metropolitan,1,2024,Mandurah,Greater Perth,0.5231,0.2865,0.3895,0.2794,0.7220,0.7338,0.2607,0.6409,0.3425,0.3353,0.5413,L25,MC,LA,Mandurah
209011197,Greensborough,VIC,Metropolitan,1,2024,Melbourne - North East,Greater Melbourne,0.7625,0.6578,0.7818,0.6671,0.8283,0.2740,0.5703,0.7700,0.6658,0.6164,0.7695,H75,HC,HA,Banyule
303021055,Greenslopes,QLD,Metropolitan,1,2024,Brisbane - South,Greater Brisbane,0.5786,0.5436,0.6003,0.5286,0.6135,0.3433,0.4521,0.6180,0.6362,0.4313,0.7206,M50,MC,MA,Brisbane
210051246,Greenvale - Bulla,VIC,Metropolitan,1,2024,Melbourne - North West,Greater Melbourne,0.6209,0.6289,0.6828,0.5681,0.7487,0.6948,0.4435,0.7024,0.7286,0.4567,0.3145,M50,MC,MA,Hume
127011594,Green Valley,NSW,Metropolitan,1,2024,Sydney - South West,Greater Sydney,0.4679,0.3355,0.3988,0.3666,0.6866,0.6476,0.4219,0.6363,0.4592,0.2693,0.1945,L25,LC,LA,Liverpool
801071080,Greenway,ACT,Metropolitan,1,2024,Australian Capital Territory,Australian Capital Territory,0.4142,0.4155,0.4322,0.4558,0.4609,0.2568,0.2440,0.5987,0.4372,0.4682,0.7024,L25,LC,LA,Unincorporated ACT
121011685,Greenwich - Riverview,NSW,Metropolitan,1,2024,Sydney - North Sydney and Hornsby,Greater Sydney,0.7632,0.6714,0.7919,0.7008,0.7011,0.4725,0.4816,0.7351,0.6959,0.5960,0.7653,H75,HC,HA,Lane Cove
402051050,Greenwith,SA,Metropolitan,1,2024,Adelaide - North,Greater Adelaide,0.8369,0.4899,0.7069,0.7434,0.7292,0.7882,0.5206,0.7008,0.5040,0.5230,0.7285,M50,HC,MA,Tea Tree Gully
505011073,Greenwood - Warwick,WA,Metropolitan,1,2024,Perth - North West,Greater Perth,0.5135,0.4966,0.5350,0.6374,0.8284,0.0801,0.2334,0.7590,0.4471,0.6184,0.6686,M50,MC,MA,Joondalup
103021066,Grenfell,NSW,Outer regional,3,2024,Central West,Rest of NSW,0.5800,0.6116,0.6495,0.7590,0.4960,0.3916,0.6021,0.5302,0.6229,0.5902,0.6618,M50,MC,MA,Weddin
125031713,Greystanes - South,NSW,Metropolitan,1,2024,Sydney - Parramatta,Greater Sydney,0.5035,0.4133,0.4708,0.5523,0.7628,0.1634,0.5276,0.6464,0.5972,0.2200,0.4403,L25,MC,LA,Cumberland
801061064,Griffith (ACT),ACT,Metropolitan,1,2024,Australian Capital Territory,Australian Capital Territory,0.3828,0.7858,0.6832,0.6037,0.5233,0.0425,0.2719,0.5987,0.8115,0.6362,0.7702,M50,LC,HA,Unincorporated ACT
113011256,Griffith (NSW),NSW,Outer regional,3,2024,Riverina,Rest of NSW,0.4928,0.4427,0.4868,0.4443,0.6105,0.3989,0.6124,0.5834,0.6209,0.2443,0.3477,L25,MC,LA,Griffith
113011257,Griffith Surrounds,NSW,Outer regional,3,2024,Riverina,Rest of NSW,0.4156,0.4685,0.4706,0.7306,0.5653,0.3429,0.6014,0.1130,0.6393,0.2691,0.4210,L25,LC,LA,Griffith; Murrumbidgee; Bland; Leeton; Narrandera; Carrathool
602021055,Grindelwald - Lanena,TAS,Inner regional,2,2024,Launceston and North East,Rest of Tas.,0.5117,0.5620,0.5808,0.7561,0.7877,0.1885,0.5036,0.3418,0.5636,0.5805,0.6665,M50,MC,MA,West Tamar; Meander Valley
203021487,Grovedale - Mount Duneed,VIC,Metropolitan,1,2024,Geelong,Rest of Vic.,0.7911,0.7391,0.8568,0.5343,0.7015,0.6736,0.5892,0.7116,0.7603,0.6277,0.7636,H75,HC,HA,Greater Geelong
309041241,Guanaba - Springbrook,QLD,Metropolitan,1,2024,Gold Coast,Rest of Qld,0.6117,0.6850,0.7181,0.7643,0.8040,0.3819,0.3946,0.5775,0.7618,0.5162,0.5440,H75,MC,HA,Gold Coast
125031483,Guildford - South Granville,NSW,Metropolitan,1,2024,Sydney - Parramatta,Greater Sydney,0.4644,0.5315,0.5372,0.2864,0.6181,0.4995,0.5287,0.6464,0.7573,0.2033,0.3067,M50,LC,MA,Cumberland
125031484,Guildford West - Merrylands West,NSW,Metropolitan,1,2024,Sydney - Parramatta,Greater Sydney,0.4656,0.4659,0.4909,0.3148,0.5647,0.4768,0.5287,0.6464,0.6579,0.2330,0.3297,L25,LC,LA,Cumberland
702051066,Gulf,NT,Very remote,5,2024,Northern Territory - Outback,Rest of NT,0.0620,0.2436,0.1814,0.4174,0.2634,0.0645,0.1495,0.0274,0.2953,0.3106,0.1830,L25,LC,LA,Roper Gulf
318021476,Gulliver - Currajong - Vincent,QLD,Outer regional,3,2024,Townsville,Rest of Qld,0.5398,0.4975,0.5482,0.4417,0.7917,0.4791,0.4722,0.5966,0.5984,0.3954,0.3433,M50,MC,MA,Townsville
113031264,Gundagai,NSW,Inner regional,2,2024,Riverina,Rest of NSW,0.5247,0.4740,0.5242,0.6740,0.5718,0.6403,0.6327,0.1043,0.6386,0.2821,0.5521,M50,MC,MA,Cootamundra-Gundagai
801041040,Gungahlin,ACT,Metropolitan,1,2024,Australian Capital Territory,Australian Capital Territory,0.4674,0.5541,0.5547,0.4281,0.4960,0.4851,0.2373,0.5987,0.6790,0.3840,0.6747,M50,LC,MA,Unincorporated ACT
110041199,Gunnedah,NSW,Outer regional,3,2024,New England and North West,Rest of NSW,0.5197,0.6128,0.6209,0.5260,0.5943,0.3327,0.6474,0.5696,0.6076,0.6160,0.4391,M50,MC,MA,Gunnedah
110041200,Gunnedah Surrounds,NSW,Outer regional,3,2024,New England and North West,Rest of NSW,0.4970,0.5656,0.5765,0.7688,0.4756,0.6758,0.6302,0.2017,0.6268,0.4910,0.4306,M50,MC,MA,Narrabri; Gunnedah
128011529,Gymea - Grays Point,NSW,Metropolitan,1,2024,Sydney - Sutherland,Greater Sydney,0.7098,0.6743,0.7633,0.7400,0.7778,0.4134,0.3899,0.7151,0.5522,0.8202,0.6773,H75,HC,HA,Sutherland
319031512,Gympie - North,QLD,Inner regional,2,2024,Wide Bay,Rest of Qld,0.5127,0.3725,0.4460,0.3085,0.7204,0.3934,0.4377,0.5641,0.4288,0.3917,0.5917,L25,MC,LA,Gympie
319031513,Gympie - South,QLD,Inner regional,2,2024,Wide Bay,Rest of Qld,0.6010,0.4670,0.5569,0.4179,0.7219,0.6318,0.4364,0.5641,0.4840,0.5059,0.5933,M50,MC,LA,Gympie
319031514,Gympie Surrounds,QLD,Inner regional,2,2024,Wide Bay,Rest of Qld,0.4469,0.5012,0.5077,0.6724,0.7122,0.2542,0.4336,0.3309,0.5308,0.5065,0.5238,L25,LC,MA,Fraser Coast; Gympie
120031395,Haberfield - Summer Hill,NSW,Metropolitan,1,2024,Sydney - Inner West,Greater Sydney,0.7815,0.6335,0.7756,0.5601,0.7550,0.5559,0.4715,0.7266,0.6810,0.5433,0.7943,H75,HC,MA,Inner West
801051056,Hackett,ACT,Metropolitan,1,2024,Australian Capital Territory,Australian Capital Territory,0.4435,0.8219,0.7352,0.6489,0.5879,0.1028,0.2645,0.5987,0.7469,0.8135,0.8285,H75,LC,HA,Unincorporated ACT
403041078,Hackham - Onkaparinga Hills,SA,Metropolitan,1,2024,Adelaide - South,Greater Adelaide,0.7094,0.5332,0.6623,0.5286,0.7541,0.4855,0.5114,0.6754,0.6284,0.4221,0.6460,M50,HC,MA,Onkaparinga
403041079,Hackham West - Huntfield Heights,SA,Metropolitan,1,2024,Adelaide - South,Greater Adelaide,0.5203,0.3648,0.4441,0.3421,0.5039,0.3771,0.5121,0.6754,0.5814,0.1402,0.6213,L25,MC,LA,Onkaparinga
210031440,Hadfield,VIC,Metropolitan,1,2024,Melbourne - North West,Greater Melbourne,0.5326,0.4299,0.4965,0.4130,0.7269,0.1421,0.4493,0.8025,0.5665,0.3042,0.5834,L25,MC,LA,Merri-bek
602021056,Hadspen - Carrick,TAS,Inner regional,2,2024,Launceston and North East,Rest of Tas.,0.5666,0.5913,0.6283,0.8055,0.7893,0.1843,0.5648,0.3954,0.6386,0.5248,0.7426,M50,MC,MA,Meander Valley
401021005,Hahndorf - Echunga,SA,Metropolitan,1,2024,Adelaide - Central and Hills,Greater Adelaide,0.8578,0.8120,0.9500,0.7095,0.8574,0.4269,0.5798,0.7350,0.7872,0.7289,0.8726,H75,HC,HA,Mount Barker
801041043,Hall,ACT,Metropolitan,1,2024,Australian Capital Territory,Australian Capital Territory,0.4831,0.7355,0.6913,0.8110,0.7768,0.1023,0.2372,0.5987,0.8147,0.5296,0.7159,M50,MC,HA,Unincorporated ACT
212021297,Hallam,VIC,Metropolitan,1,2024,Melbourne - South East,Greater Melbourne,0.6787,0.4815,0.6084,0.3313,0.8190,0.5856,0.5354,0.7825,0.6844,0.2218,0.4826,M50,HC,MA,Casey
403021059,Hallett Cove,SA,Metropolitan,1,2024,Adelaide - South,Greater Adelaide,0.7574,0.6344,0.7621,0.6669,0.7471,0.5740,0.5125,0.7033,0.6376,0.6134,0.6042,H75,HC,MA,Marion
510011264,Halls Creek,WA,Very remote,5,2024,,Rest of WA,0.1174,0.2073,0.1726,0.3075,0.2639,0.3866,0.2634,0.0555,0.2743,0.2628,0.0713,L25,LC,LA,Derby-West Kimberley; Wyndham-East Kimberley; Halls Creek
502011024,Halls Head - Erskine,WA,Metropolitan,1,2024,Mandurah,Greater Perth,0.5739,0.4448,0.5274,0.5218,0.6904,0.6695,0.2580,0.6409,0.4130,0.5620,0.5459,M50,MC,LA,Mandurah
111031224,Hamilton - Broadmeadow,NSW,Metropolitan,1,2024,Newcastle and Lake Macquarie,Rest of NSW,0.7744,0.6550,0.7868,0.5177,0.7330,0.6031,0.6278,0.7098,0.6974,0.5607,0.6703,H75,HC,HA,Newcastle
507011154,Hamilton Hill,WA,Metropolitan,1,2024,Perth - South West,Greater Perth,0.4200,0.4301,0.4451,0.4242,0.7223,0.0843,0.2595,0.7590,0.5826,0.2793,0.5485,L25,LC,LA,Cockburn
305031124,Hamilton (Qld),QLD,Metropolitan,1,2024,Brisbane Inner City,Greater Brisbane,0.5907,0.7930,0.7845,0.5459,0.6788,0.3353,0.4639,0.6180,0.8642,0.5609,0.6665,H75,MC,HA,Brisbane
217011421,Hamilton (Vic.),VIC,Inner regional,2,2024,Warrnambool and South West,Rest of Vic.,0.5758,0.5823,0.6265,0.5526,0.7031,0.1351,0.5805,0.6279,0.5672,0.6158,0.8728,M50,MC,MA,Southern Grampians
208011172,Hampton,VIC,Metropolitan,1,2024,Melbourne - Inner South,Greater Melbourne,0.6783,0.7187,0.7776,0.6322,0.7555,0.2526,0.4331,0.7825,0.7213,0.6503,0.7919,H75,HC,HA,Bayside (Vic.)
212031561,Hampton Park - East,VIC,Metropolitan,1,2024,Melbourne - South East,Greater Melbourne,0.5933,0.4822,0.5638,0.3097,0.5898,0.7899,0.4397,0.7825,0.5756,0.3994,0.4613,M50,MC,MA,Casey
212031562,Hampton Park - West,VIC,Metropolitan,1,2024,Melbourne - South East,Greater Melbourne,0.5820,0.4820,0.5580,0.2865,0.6163,0.7082,0.4386,0.7825,0.5773,0.3964,0.4761,M50,MC,MA,Casey
403041080,Happy Valley,SA,Metropolitan,1,2024,Adelaide - South,Greater Adelaide,0.7696,0.5725,0.7250,0.6765,0.8091,0.4969,0.5106,0.6754,0.5910,0.5602,0.7020,H75,HC,MA,Onkaparinga
123011700,Harrington Park,NSW,Metropolitan,1,2024,Sydney - Outer South West,Greater Sydney,0.7879,0.6422,0.7857,0.6783,0.8156,0.7438,0.5470,0.7161,0.5754,0.7230,0.4947,H75,HC,MA,Camden
506011307,Harrisdale,WA,Metropolitan,1,2024,Perth - South East,Greater Perth,0.5431,0.3284,0.4291,0.5191,0.6108,0.7443,0.2861,0.7501,0.3385,0.4278,0.3293,L25,MC,LA,Armadale
801041044,Harrison,ACT,Metropolitan,1,2024,Australian Capital Territory,Australian Capital Territory,0.3661,0.6598,0.5863,0.5039,0.3964,0.1742,0.2375,0.5987,0.7244,0.5267,0.6744,M50,LC,HA,Unincorporated ACT
501021014,Harvey,WA,Inner regional,2,2024,Bunbury,Rest of WA,0.3196,0.5279,0.4734,0.6008,0.6315,0.1573,0.2510,0.1772,0.5046,0.5989,0.6432,L25,LC,MA,Harvey
116031315,Hassall Grove - Plumpton,NSW,Metropolitan,1,2024,Sydney - Blacktown,Greater Sydney,0.6129,0.4559,0.5551,0.4654,0.6577,0.7560,0.5228,0.7082,0.5685,0.3556,0.3510,M50,MC,LA,Blacktown
214021379,Hastings - Somers,VIC,Metropolitan,1,2024,Mornington Peninsula,Greater Melbourne,0.6155,0.5412,0.6174,0.6364,0.7713,0.1285,0.5393,0.7001,0.6379,0.4236,0.7572,M50,MC,MA,Mornington Peninsula; Unincorporated Vic
801011013,Hawker,ACT,Metropolitan,1,2024,Australian Capital Territory,Australian Capital Territory,0.4829,0.8258,0.7558,0.5845,0.6448,0.1667,0.2688,0.5987,0.7561,0.8064,0.8694,H75,MC,HA,Unincorporated ACT
305021116,Hawthorne,QLD,Metropolitan,1,2024,Brisbane Inner City,Greater Brisbane,0.5749,0.7914,0.7754,0.6587,0.8008,0.1947,0.4524,0.6180,0.7142,0.8055,0.6496,H75,MC,HA,Brisbane
207011152,Hawthorn East,VIC,Metropolitan,1,2024,Melbourne - Inner East,Greater Melbourne,0.6477,0.7174,0.7601,0.5184,0.7417,0.1405,0.5666,0.8244,0.7500,0.6012,0.7769,H75,MC,HA,Boroondara
207011519,Hawthorn - North,VIC,Metropolitan,1,2024,Melbourne - Inner East,Greater Melbourne,0.7102,0.7716,0.8330,0.5703,0.7619,0.1832,0.5693,0.8244,0.7738,0.6706,0.8614,H75,HC,HA,Boroondara
207011520,Hawthorn - South,VIC,Metropolitan,1,2024,Melbourne - Inner East,Greater Melbourne,0.6485,0.7568,0.7887,0.5180,0.7285,0.1504,0.5617,0.8244,0.7568,0.6690,0.7935,H75,MC,HA,Boroondara
109021177,Hay,NSW,Outer regional,3,2024,Murray,Rest of NSW,0.4065,0.4901,0.4821,0.6448,0.5432,0.3224,0.5606,0.0907,0.5460,0.4608,0.5342,L25,LC,MA,Hay; Carrathool
504031061,Hazelmere - Guildford,WA,Metropolitan,1,2024,Perth - North East,Greater Perth,0.6150,0.4519,0.5533,0.6714,0.7998,0.4632,0.2277,0.7227,0.4462,0.5295,0.5399,M50,MC,LA,Belmont; Swan
211051276,Healesville - Yarra Glen,VIC,Inner regional,2,2024,Melbourne - Outer East,Greater Melbourne,0.8906,0.7232,0.9077,0.7153,0.8030,0.6771,0.5380,0.7498,0.7729,0.5753,0.7469,H75,HC,HA,Yarra Ranges
202021029,Heathcote,VIC,Inner regional,2,2024,Bendigo,Rest of Vic.,0.8161,0.6371,0.7991,0.6663,0.7757,0.6685,0.5970,0.6788,0.6594,0.5847,0.6692,H75,HC,MA,Greater Bendigo
128021533,Heathcote - Waterfall,NSW,Metropolitan,1,2024,Sydney - Sutherland,Greater Sydney,0.8097,0.6963,0.8375,0.7399,0.8787,0.5648,0.3617,0.7151,0.5963,0.7988,0.7901,H75,HC,HA,Sutherland
505011074,Heathridge - Connolly,WA,Metropolitan,1,2024,Perth - North West,Greater Perth,0.6806,0.4526,0.5887,0.6287,0.8011,0.5887,0.2334,0.7590,0.4407,0.5387,0.6019,M50,HC,LA,Joondalup
318021477,Heatley,QLD,Outer regional,3,2024,Townsville,Rest of Qld,0.4622,0.5880,0.5765,0.2831,0.5922,0.6130,0.4713,0.5966,0.6866,0.4415,0.3376,M50,LC,MA,Townsville
209011198,Heidelberg - Rosanna,VIC,Metropolitan,1,2024,Melbourne - North East,Greater Melbourne,0.6867,0.5913,0.6912,0.5585,0.7526,0.2244,0.5892,0.7700,0.5940,0.5936,0.7706,M50,HC,MA,Banyule
209011199,Heidelberg West,VIC,Metropolitan,1,2024,Melbourne - North East,Greater Melbourne,0.5819,0.5769,0.6257,0.4223,0.6954,0.1769,0.5939,0.7700,0.7965,0.2315,0.6693,M50,MC,MA,Banyule
504021051,Helena Valley - Koongamia,WA,Metropolitan,1,2024,Perth - North East,Greater Perth,0.6653,0.5364,0.6403,0.7305,0.7633,0.5601,0.2201,0.7176,0.4937,0.6317,0.6635,M50,HC,MA,Swan; Mundaring
107041147,Helensburgh,NSW,Metropolitan,1,2024,Illawarra,Rest of NSW,0.6806,0.7302,0.7870,0.7852,0.8002,0.6653,0.5936,0.4342,0.6732,0.7490,0.5289,H75,HC,HA,Campbelltown (NSW); Wollondilly; Wollongong; Sutherland
309071252,Helensvale,QLD,Metropolitan,1,2024,Gold Coast,Rest of Qld,0.6730,0.6597,0.7325,0.5289,0.8238,0.7260,0.3948,0.6066,0.6560,0.6355,0.5649,H75,HC,HA,Gold Coast
305031125,Hendra,QLD,Metropolitan,1,2024,Brisbane Inner City,Greater Brisbane,0.6076,0.8429,0.8287,0.7325,0.8657,0.2119,0.4631,0.6180,0.7952,0.7767,0.6081,H75,MC,HA,Brisbane
404011092,Henley Beach,SA,Metropolitan,1,2024,Adelaide - West,Greater Adelaide,0.6569,0.5880,0.6726,0.6075,0.7968,0.2902,0.5592,0.6710,0.6507,0.4990,0.6198,M50,MC,MA,Charles Sturt
306051167,Herberton,QLD,Outer regional,3,2024,Cairns,Rest of Qld,0.4042,0.4913,0.4820,0.4826,0.6403,0.6583,0.4540,0.0914,0.6083,0.3672,0.3550,L25,LC,MA,Tablelands; Mareeba
318021478,Hermit Park - Rosslea,QLD,Outer regional,3,2024,Townsville,Rest of Qld,0.5184,0.5226,0.5558,0.4346,0.6756,0.5048,0.4729,0.5966,0.6254,0.4049,0.3594,M50,MC,MA,Townsville
801011014,Higgins,ACT,Metropolitan,1,2024,Australian Capital Territory,Australian Capital Territory,0.4023,0.5813,0.5455,0.5656,0.6146,0.0553,0.2685,0.5987,0.6098,0.5491,0.7811,M50,LC,MA,Unincorporated ACT
402051051,Highbury - Dernancourt,SA,Metropolitan,1,2024,Adelaide - North,Greater Adelaide,0.6898,0.5967,0.6967,0.6888,0.8006,0.2856,0.5218,0.7008,0.5649,0.6482,0.6836,M50,HC,MA,Port Adelaide Enfield; Tea Tree Gully
208031188,Highett (East) - Cheltenham,VIC,Metropolitan,1,2024,Melbourne - Inner South,Greater Melbourne,0.5117,0.6476,0.6420,0.5032,0.8466,0.1416,0.4322,0.5593,0.7505,0.4587,0.6862,M50,MC,HA,Kingston (Vic.)
208011171,Highett (West) - Cheltenham,VIC,Metropolitan,1,2024,Melbourne - Inner South,Greater Melbourne,0.7112,0.6621,0.7554,0.5653,0.8632,0.2773,0.4331,0.7825,0.6949,0.5790,0.7694,H75,HC,HA,Bayside (Vic.)
317011450,Highfields,QLD,Inner regional,2,2024,Toowoomba,Rest of Qld,0.6025,0.7462,0.7570,0.8038,0.7720,0.6026,0.4512,0.5966,0.6979,0.7419,0.3055,H75,MC,HA,Toowoomba
305011107,Highgate Hill,QLD,Metropolitan,1,2024,Brisbane Inner City,Greater Brisbane,0.5062,0.7594,0.7192,0.4802,0.5959,0.1915,0.4710,0.6180,0.9044,0.4211,0.7621,H75,MC,HA,Brisbane
309061247,Highland Park,QLD,Metropolitan,1,2024,Gold Coast,Rest of Qld,0.7144,0.4999,0.6414,0.5894,0.7817,0.9172,0.3955,0.6066,0.4957,0.5553,0.6009,M50,HC,MA,Gold Coast
203021042,Highton,VIC,Metropolitan,1,2024,Geelong,Rest of Vic.,0.8294,0.8089,0.9300,0.6676,0.7530,0.5429,0.5892,0.7116,0.7513,0.7809,0.8299,H75,HC,HA,Greater Geelong
506051139,High Wycombe,WA,Metropolitan,1,2024,Perth - South East,Greater Perth,0.6522,0.4416,0.5655,0.5316,0.7931,0.6129,0.2775,0.7151,0.4661,0.4799,0.5731,M50,MC,LA,Kalamunda
505011075,Hillarys,WA,Metropolitan,1,2024,Perth - North West,Greater Perth,0.7423,0.5551,0.6967,0.7471,0.8975,0.5903,0.2327,0.7590,0.4183,0.7745,0.6271,M50,HC,MA,Joondalup
311031316,Hillcrest,QLD,Metropolitan,1,2024,Logan - Beaudesert,Greater Brisbane,0.5688,0.4769,0.5477,0.4698,0.7560,0.6129,0.4127,0.5997,0.5319,0.4549,0.3986,M50,MC,MA,Logan
213041575,Hillside,VIC,Metropolitan,1,2024,Melbourne - West,Greater Melbourne,0.7745,0.4131,0.6141,0.5980,0.8183,0.7717,0.4663,0.7731,0.4903,0.3855,0.4831,M50,HC,LA,Melton
114021285,Hill Top - Colo Vale,NSW,Inner regional,2,2024,Southern Highlands and Shoalhaven,Rest of NSW,0.7718,0.6984,0.8162,0.7154,0.7646,0.7243,0.5975,0.6343,0.7162,0.6178,0.5762,H75,HC,HA,Wingecarribee
127011595,Hinchinbrook,NSW,Metropolitan,1,2024,Sydney - South West,Greater Sydney,0.5017,0.3304,0.4107,0.4417,0.7014,0.7059,0.4219,0.6363,0.4376,0.2907,0.1951,L25,MC,LA,Liverpool
404011093,Hindmarsh - Brompton,SA,Metropolitan,1,2024,Adelaide - West,Greater Adelaide,0.6581,0.5564,0.6507,0.4429,0.7470,0.4064,0.5583,0.6710,0.7353,0.2946,0.6305,M50,MC,MA,Charles Sturt
601051027,Hobart,TAS,Inner regional,2,2024,Hobart,Greater Hobart,0.5562,0.6420,0.6594,0.4166,0.6463,0.2308,1.0000,0.4194,0.7433,0.4593,0.8201,M50,MC,MA,Hobart
505031303,Hocking - Pearsall,WA,Metropolitan,1,2024,Perth - North West,Greater Perth,0.6520,0.4360,0.5614,0.5859,0.8038,0.6639,0.2188,0.7530,0.4976,0.4221,0.5388,M50,MC,LA,Swan; Wanneroo
801081094,Holder,ACT,Metropolitan,1,2024,Australian Capital Territory,Australian Capital Territory,0.4856,0.6174,0.6082,0.6327,0.5084,0.2225,0.2622,0.5987,0.4968,0.7879,0.8662,M50,MC,MA,Unincorporated ACT
303021056,Holland Park,QLD,Metropolitan,1,2024,Brisbane - South,Greater Brisbane,0.5828,0.6054,0.6465,0.5548,0.6942,0.2793,0.4484,0.6180,0.6527,0.5314,0.7519,M50,MC,MA,Brisbane
303021057,Holland Park West,QLD,Metropolitan,1,2024,Brisbane - South,Greater Brisbane,0.6070,0.6766,0.7097,0.6036,0.6932,0.3151,0.4484,0.6180,0.7221,0.5644,0.7411,M50,MC,HA,Brisbane
127031524,Holsworthy - Wattle Grove,NSW,Metropolitan,1,2024,Sydney - South West,Greater Sydney,0.6402,0.4357,0.5549,0.6466,0.7542,0.6219,0.4796,0.6382,0.4391,0.5066,0.3975,M50,MC,LA,Liverpool; Sutherland
801011015,Holt,ACT,Metropolitan,1,2024,Australian Capital Territory,Australian Capital Territory,0.5099,0.5390,0.5636,0.5177,0.6138,0.3244,0.2680,0.5987,0.6105,0.4621,0.7618,M50,MC,MA,Unincorporated ACT
120031396,Homebush,NSW,Metropolitan,1,2024,Sydney - Inner West,Greater Sydney,0.4624,0.5475,0.5477,0.4046,0.5823,0.3107,0.4680,0.7146,0.7246,0.2942,0.3236,M50,LC,MA,Strathfield; Canada Bay
309071253,Hope Island,QLD,Metropolitan,1,2024,Gold Coast,Rest of Qld,0.5950,0.6644,0.6948,0.5366,0.7807,0.6428,0.3943,0.6066,0.6759,0.6137,0.4056,M50,MC,HA,Gold Coast
402051052,Hope Valley - Modbury,SA,Metropolitan,1,2024,Adelaide - North,Greater Adelaide,0.6467,0.4109,0.5407,0.4026,0.7676,0.3543,0.5235,0.6984,0.4881,0.3843,0.7019,M50,MC,LA,Port Adelaide Enfield; Tea Tree Gully
213051361,Hoppers Crossing - North,VIC,Metropolitan,1,2024,Melbourne - West,Greater Melbourne,0.8122,0.6233,0.7869,0.4569,0.8850,0.7801,0.4797,0.8025,0.7588,0.3947,0.5630,H75,HC,MA,Wyndham
213051362,Hoppers Crossing - South,VIC,Metropolitan,1,2024,Melbourne - West,Greater Melbourne,0.7192,0.5305,0.6659,0.3763,0.7532,0.7246,0.4821,0.8025,0.6771,0.3378,0.5559,M50,HC,MA,Wyndham
121021577,Hornsby - East,NSW,Metropolitan,1,2024,Sydney - North Sydney and Hornsby,Greater Sydney,0.5713,0.4704,0.5443,0.3968,0.6313,0.3364,0.4640,0.7151,0.6158,0.3114,0.6093,M50,MC,LA,Hornsby
121021578,Hornsby - West,NSW,Metropolitan,1,2024,Sydney - North Sydney and Hornsby,Greater Sydney,0.7406,0.5238,0.6733,0.5536,0.7177,0.5350,0.4594,0.7151,0.5649,0.5011,0.7583,M50,HC,MA,Hornsby
215011388,Horsham,VIC,Outer regional,3,2024,North West,Rest of Vic.,0.5709,0.5808,0.6230,0.5755,0.7049,0.1969,0.5771,0.6279,0.5620,0.6205,0.6651,M50,MC,MA,Horsham
215011389,Horsham Surrounds,VIC,Outer regional,3,2024,North West,Rest of Vic.,0.6343,0.6678,0.7176,0.9326,0.5843,0.2742,0.5669,0.6279,0.6474,0.6650,0.7045,H75,MC,HA,Horsham; West Wimmera; Yarriambiack
107011132,Horsley - Kembla Grange,NSW,Metropolitan,1,2024,Illawarra,Rest of NSW,0.6412,0.5810,0.6593,0.6254,0.6383,0.6514,0.5704,0.6798,0.5549,0.6316,0.3923,M50,MC,MA,Wollongong
127021518,Horsley Park - Kemps Creek,NSW,Metropolitan,1,2024,Sydney - South West,Greater Sydney,0.6051,0.5123,0.5913,0.6748,0.7784,0.6900,0.4397,0.5930,0.6434,0.3546,0.3286,M50,MC,MA,Fairfield; Penrith
701031031,Howard Springs,NT,Outer regional,3,2024,Darwin,Greater Darwin,0.4656,0.4178,0.4565,0.8456,0.5536,0.1770,0.4751,0.5744,0.3754,0.5595,0.4428,L25,LC,LA,Palmerston; Litchfield
601021007,Howrah - Tranmere,TAS,Inner regional,2,2024,Hobart,Greater Hobart,0.7018,0.6363,0.7317,0.6392,0.7955,0.4406,0.8362,0.4082,0.5690,0.7206,0.7790,H75,HC,MA,Clarence
127011596,Hoxton Park - Carnes Hill - Horningsea Park,NSW,Metropolitan,1,2024,Sydney - South West,Greater Sydney,0.4788,0.3472,0.4121,0.4598,0.6484,0.6749,0.4212,0.6363,0.4545,0.3011,0.1794,L25,MC,LA,Liverpool
801091103,Hughes,ACT,Metropolitan,1,2024,Australian Capital Territory,Australian Capital Territory,0.3919,0.7287,0.6463,0.5351,0.4931,0.0775,0.2799,0.5987,0.6244,0.8202,0.8300,M50,LC,HA,Unincorporated ACT
208021180,Hughesdale,VIC,Metropolitan,1,2024,Melbourne - Inner South,Greater Melbourne,0.5845,0.6325,0.6667,0.4706,0.7326,0.1930,0.4247,0.7443,0.7769,0.3830,0.7556,M50,MC,MA,Monash
701031032,Humpty Doo,NT,Outer regional,3,2024,Darwin,Greater Darwin,0.5300,0.5153,0.5562,0.7284,0.7447,0.2806,0.4563,0.5744,0.4831,0.6047,0.4108,M50,MC,MA,Litchfield
126021499,Hunters Hill - Woolwich,NSW,Metropolitan,1,2024,Sydney - Ryde,Greater Sydney,0.7952,0.7765,0.8860,0.7135,0.7524,0.5636,0.4576,0.7110,0.7297,0.7515,0.7859,H75,HC,HA,Hunters Hill
506041135,Huntingdale - Southern River,WA,Metropolitan,1,2024,Perth - South East,Greater Perth,0.5560,0.4132,0.4959,0.5049,0.7186,0.6320,0.2758,0.6982,0.4384,0.4617,0.3941,L25,MC,LA,Gosnells
603021072,Huonville - Franklin,TAS,Outer regional,3,2024,South East,Rest of Tas.,0.4554,0.4876,0.5018,0.7086,0.7601,0.4358,0.2603,0.0072,0.5166,0.4998,0.6895,L25,LC,MA,Huon Valley
209031210,Hurstbridge,VIC,Metropolitan,1,2024,Melbourne - North East,Greater Melbourne,0.8730,0.7006,0.8802,0.8571,0.8079,0.3545,0.5309,0.8445,0.6555,0.7177,0.8852,H75,HC,HA,Nillumbik
119031664,Hurstville - Central,NSW,Metropolitan,1,2024,Sydney - Inner South West,Greater Sydney,0.4067,0.4267,0.4370,0.2779,0.5156,0.3633,0.3808,0.6727,0.5523,0.3198,0.3443,L25,LC,LA,Georges River
119031665,Hurstville - North,NSW,Metropolitan,1,2024,Sydney - Inner South West,Greater Sydney,0.5758,0.3775,0.4803,0.3766,0.6686,0.6201,0.3781,0.6727,0.4911,0.3101,0.4630,L25,MC,LA,Georges River
114011276,Huskisson - Vincentia,NSW,Inner regional,2,2024,Southern Highlands and Shoalhaven,Rest of NSW,0.6207,0.5967,0.6596,0.6236,0.6978,0.4449,0.5937,0.5997,0.5852,0.6177,0.4899,M50,MC,MA,Shoalhaven
318021479,Hyde Park - Pimlico,QLD,Outer regional,3,2024,Townsville,Rest of Qld,0.5358,0.5198,0.5621,0.4175,0.7004,0.4958,0.4739,0.5966,0.6061,0.4295,0.3961,M50,MC,MA,Townsville
128021534,Illawong - Alfords Point,NSW,Metropolitan,1,2024,Sydney - Sutherland,Greater Sydney,0.8143,0.6962,0.8402,0.7891,0.9280,0.7448,0.3613,0.7151,0.6211,0.7615,0.5582,H75,HC,HA,Sutherland
505011076,Iluka - Burns Beach,WA,Metropolitan,1,2024,Perth - North West,Greater Perth,0.5244,0.6051,0.6176,0.7430,0.7947,0.1952,0.2334,0.7590,0.4837,0.7822,0.4979,M50,MC,MA,Joondalup
310011274,Inala - Richlands,QLD,Metropolitan,1,2024,Ipswich,Greater Brisbane,0.3827,0.4442,0.4393,0.1285,0.5290,0.4227,0.4529,0.6180,0.7091,0.0972,0.4625,L25,LC,LA,Brisbane
304031094,Indooroopilly,QLD,Metropolitan,1,2024,Brisbane - West,Greater Brisbane,0.4723,0.6085,0.5958,0.4224,0.7015,0.2880,0.2419,0.6180,0.6926,0.4739,0.6488,M50,LC,MA,Brisbane
318011464,Ingham,QLD,Outer regional,3,2024,Townsville,Rest of Qld,0.4806,0.4450,0.4828,0.4220,0.6830,0.4764,0.4182,0.5022,0.4475,0.5137,0.4092,L25,MC,LA,Hinchinbrook
318011465,Ingham Surrounds,QLD,Outer regional,3,2024,Townsville,Rest of Qld,0.4321,0.5022,0.5019,0.7441,0.5470,0.6364,0.4127,0.0716,0.5000,0.5538,0.4227,L25,LC,MA,Hinchinbrook
123021705,Ingleburn,NSW,Metropolitan,1,2024,Sydney - Outer South West,Greater Sydney,0.6025,0.5015,0.5823,0.4543,0.7804,0.6197,0.5620,0.6592,0.6359,0.3441,0.3213,M50,MC,MA,Campbelltown (NSW)
402041040,Ingle Farm,SA,Metropolitan,1,2024,Adelaide - North,Greater Adelaide,0.5208,0.5147,0.5514,0.4052,0.6130,0.3088,0.5077,0.6485,0.6400,0.3653,0.5134,M50,MC,MA,Salisbury; Port Adelaide Enfield
307011174,Inglewood - Waggamba,QLD,Outer regional,3,2024,Darling Downs - Maranoa,Rest of Qld,0.3311,0.4620,0.4310,0.6847,0.4060,0.5149,0.3866,0.1015,0.5153,0.4495,0.3154,L25,LC,LA,Goondiwindi
505021088,Innaloo - Doubleview,WA,Metropolitan,1,2024,Perth - North West,Greater Perth,0.5755,0.4475,0.5301,0.5201,0.6679,0.4489,0.2271,0.7444,0.4814,0.4697,0.6437,M50,MC,LA,Stirling
306031159,Innisfail,QLD,Outer regional,3,2024,Cairns,Rest of Qld,0.4194,0.4917,0.4888,0.3489,0.5469,0.5243,0.4488,0.5219,0.5956,0.3878,0.3222,L25,LC,MA,Cassowary Coast
110021191,Inverell,NSW,Outer regional,3,2024,New England and North West,Rest of NSW,0.5173,0.5398,0.5677,0.4360,0.6806,0.3519,0.5926,0.5457,0.5673,0.5300,0.4618,M50,MC,MA,Inverell
110021192,Inverell Surrounds - East,NSW,Outer regional,3,2024,New England and North West,Rest of NSW,0.3972,0.5612,0.5289,0.6550,0.4476,0.3986,0.5798,0.1026,0.6139,0.5021,0.4797,M50,LC,MA,Armidale; Tamworth; Inverell; Gwydir; Uralla
110021193,Inverell Surrounds - West,NSW,Outer regional,3,2024,New England and North West,Rest of NSW,0.4277,0.5773,0.5536,0.6741,0.4421,0.4163,0.5847,0.0877,0.6188,0.5273,0.5744,M50,LC,MA,Tamworth; Gwydir; Inverell
602011036,Invermay,TAS,Inner regional,2,2024,Launceston and North East,Rest of Tas.,0.5686,0.5143,0.5743,0.3225,0.6296,0.5281,0.9144,0.4031,0.6927,0.2777,0.7070,M50,MC,MA,Launceston
310031286,Ipswich - Central,QLD,Metropolitan,1,2024,Ipswich,Greater Brisbane,0.4947,0.3979,0.4557,0.4725,0.7632,0.3274,0.4615,0.6058,0.4943,0.3482,0.3329,L25,MC,LA,Ipswich
310031287,Ipswich - East,QLD,Metropolitan,1,2024,Ipswich,Greater Brisbane,0.4897,0.3866,0.4453,0.4062,0.7331,0.4318,0.4603,0.6058,0.5019,0.3129,0.2986,L25,MC,LA,Ipswich
310031288,Ipswich - North,QLD,Metropolitan,1,2024,Ipswich,Greater Brisbane,0.6084,0.5973,0.6537,0.7131,0.9050,0.5339,0.4562,0.6062,0.5622,0.6532,0.2662,M50,MC,MA,Ipswich; Brisbane
511041289,Irwin,WA,Outer regional,3,2024,,Rest of WA,0.4294,0.3768,0.4111,0.6952,0.6771,0.5784,0.2993,0.1022,0.3952,0.4485,0.4636,L25,LC,LA,Irwin
215021395,Irymple,VIC,Outer regional,3,2024,North West,Rest of Vic.,0.7025,0.6701,0.7562,0.7115,0.7829,0.6724,0.5879,0.6091,0.6946,0.5955,0.4422,H75,HC,HA,Mildura
801091104,Isaacs,ACT,Metropolitan,1,2024,Australian Capital Territory,Australian Capital Territory,0.4935,0.8385,0.7698,0.6339,0.5308,0.2395,0.2783,0.5987,0.7740,0.8025,0.8090,H75,MC,HA,Unincorporated ACT
801071081,Isabella Plains,ACT,Metropolitan,1,2024,Australian Capital Territory,Australian Capital Territory,0.4753,0.5096,0.5265,0.5568,0.6214,0.2369,0.2438,0.5987,0.5164,0.5447,0.7636,M50,MC,MA,Unincorporated ACT
209011200,Ivanhoe,VIC,Metropolitan,1,2024,Melbourne - North East,Greater Melbourne,0.6875,0.6819,0.7563,0.5714,0.7468,0.2241,0.5939,0.7700,0.7162,0.5846,0.7682,H75,HC,HA,Banyule
209011201,Ivanhoe East - Eaglemont,VIC,Metropolitan,1,2024,Melbourne - North East,Greater Melbourne,0.7521,0.8097,0.8841,0.7531,0.8053,0.2513,0.5892,0.7700,0.7374,0.8047,0.7296,H75,HC,HA,Banyule
801041118,Jacka,ACT,Metropolitan,1,2024,Australian Capital Territory,Australian Capital Territory,0.3455,0.6363,0.5612,0.3971,0.3706,0.2018,0.2368,0.5987,0.8275,0.3027,0.6518,M50,LC,MA,Unincorporated ACT
309071254,Jacobs Well - Alberton,QLD,Metropolitan,1,2024,Gold Coast,Rest of Qld,0.6358,0.6810,0.7278,0.7392,0.7652,0.6192,0.3907,0.6066,0.7390,0.5457,0.4478,H75,MC,HA,Gold Coast
405031120,Jamestown,SA,Outer regional,3,2024,Barossa - Yorke - Mid North,Rest of SA,0.6032,0.4849,0.5708,0.7487,0.4967,0.3432,0.4993,0.5728,0.5486,0.4463,0.8726,M50,MC,MA,Mount Remarkable; Orroroo Carrieton; Northern Areas
124031461,Jamisontown - South Penrith,NSW,Metropolitan,1,2024,Sydney - Outer West and Blue Mountains,Greater Sydney,0.6530,0.4957,0.6046,0.5712,0.7956,0.3577,0.6046,0.6750,0.5533,0.4612,0.4944,M50,MC,MA,Penrith
507011260,Jandakot,WA,Metropolitan,1,2024,Perth - South West,Greater Perth,0.7953,0.5247,0.7063,0.7383,1.0000,0.7468,0.2592,0.7590,0.4508,0.6694,0.5137,M50,HC,MA,Melville; Cockburn
102021049,Jilliby - Yarramalong,NSW,Metropolitan,1,2024,Central Coast,Greater Sydney,0.7557,0.7083,0.8138,0.8694,0.7852,0.7744,0.5929,0.6443,0.6802,0.6946,0.4164,H75,HC,HA,Central Coast (NSW)
311041570,Jimboomba - Glenlogan,QLD,Metropolitan,1,2024,Logan - Beaudesert,Greater Brisbane,0.5212,0.5752,0.5947,0.6407,0.7313,0.4943,0.3846,0.5997,0.6117,0.5339,0.2966,M50,MC,MA,Logan
101031016,Jindabyne - Berridale,NSW,Inner regional,2,2024,Capital Region,Rest of NSW,0.4930,0.6429,0.6298,0.7251,0.5925,0.5161,0.5650,0.1533,0.6846,0.5566,0.5223,M50,MC,MA,Snowy Monaro
304011081,Jindalee - Mount Ommaney,QLD,Metropolitan,1,2024,Brisbane - West,Greater Brisbane,0.6360,0.7320,0.7643,0.6352,0.8841,0.4817,0.2385,0.6180,0.6759,0.7482,0.6843,H75,MC,HA,Brisbane
701021018,Jingili,NT,Outer regional,3,2024,Darwin,Greater Darwin,0.4312,0.4569,0.4691,0.4944,0.7768,0.0983,0.5337,0.5772,0.5179,0.4350,0.4110,L25,LC,LA,Darwin
306031160,Johnstone,QLD,Outer regional,3,2024,Cairns,Rest of Qld,0.3907,0.5631,0.5275,0.7150,0.6237,0.4109,0.4457,0.0835,0.6124,0.5083,0.3571,M50,LC,MA,Cassowary Coast
307021180,Jondaryan,QLD,Inner regional,2,2024,Darling Downs - Maranoa,Rest of Qld,0.4482,0.4832,0.4954,0.5687,0.5725,0.3743,0.3575,0.5966,0.4982,0.5179,0.3242,L25,LC,MA,Western Downs; Toowoomba
505011077,Joondalup - Edgewater,WA,Metropolitan,1,2024,Perth - North West,Greater Perth,0.6889,0.4374,0.5825,0.5205,0.8177,0.6036,0.2342,0.7590,0.4121,0.5482,0.6812,M50,HC,LA,Wanneroo; Joondalup
124031708,Jordan Springs - Llandilo,NSW,Metropolitan,1,2024,Sydney - Outer West and Blue Mountains,Greater Sydney,0.4219,0.6419,0.5972,0.5203,0.5477,0.1995,0.6026,0.6750,0.7534,0.4422,0.2644,M50,LC,MA,Penrith
113031265,Junee,NSW,Inner regional,2,2024,Riverina,Rest of NSW,0.6935,0.4673,0.6064,0.5880,0.6291,0.6417,0.6326,0.6031,0.6274,0.2861,0.6442,M50,HC,LA,Junee
405041124,Kadina,SA,Outer regional,3,2024,Barossa - Yorke - Mid North,Rest of SA,0.5764,0.3693,0.4747,0.5045,0.6899,0.4329,0.4244,0.5330,0.3950,0.4335,0.6968,L25,MC,LA,Barunga West; Copper Coast
506051140,Kalamunda - Maida Vale - Gooseberry Hill,WA,Metropolitan,1,2024,Perth - South East,Greater Perth,0.5639,0.5422,0.5919,0.7646,0.8813,0.1196,0.2784,0.7151,0.4485,0.7073,0.6556,M50,MC,MA,Kalamunda
801011016,Kaleen,ACT,Metropolitan,1,2024,Australian Capital Territory,Australian Capital Territory,0.5209,0.7303,0.7054,0.5696,0.6317,0.2896,0.2688,0.5987,0.7691,0.5956,0.8072,M50,MC,HA,Unincorporated ACT
511031279,Kalgoorlie,WA,Outer regional,3,2024,,Rest of WA,0.4629,0.3633,0.4164,0.5558,0.5731,0.3653,0.2966,0.6782,0.3572,0.4739,0.3565,L25,LC,LA,Kalgoorlie-Boulder
511031280,Kalgoorlie - North,WA,Outer regional,3,2024,,Rest of WA,0.3656,0.3872,0.3915,0.6064,0.5202,0.1424,0.2978,0.6782,0.3690,0.5063,0.3377,L25,LC,LA,Kalgoorlie-Boulder
314021577,Kallangur,QLD,Metropolitan,1,2024,Moreton Bay - South,Greater Brisbane,0.5321,0.3891,0.4671,0.3953,0.6215,0.5074,0.3569,0.6039,0.4599,0.3809,0.5673,L25,MC,LA,Moreton Bay
801071082,Kambah,ACT,Metropolitan,1,2024,Australian Capital Territory,Australian Capital Territory,0.5229,0.5685,0.5908,0.6410,0.6340,0.2789,0.2442,0.5987,0.5473,0.6177,0.8235,M50,MC,MA,Unincorporated ACT
511031282,Kambalda - Coolgardie - Norseman,WA,Remote,4,2024,,Rest of WA,0.2121,0.2934,0.2659,0.5020,0.5332,0.0906,0.2858,0.1196,0.3333,0.3625,0.3901,L25,LC,LA,Dundas; Coolgardie; Kalgoorlie-Boulder
202011022,Kangaroo Flat - Golden Square,VIC,Inner regional,2,2024,Bendigo,Rest of Vic.,0.6739,0.6147,0.7009,0.3924,0.7053,0.4620,0.6200,0.6788,0.6421,0.5667,0.7010,M50,HC,MA,Greater Bendigo
407011145,Kangaroo Island,SA,Remote,4,2024,South Australia - South East,Rest of SA,0.5587,0.5836,0.6189,0.7918,0.5680,0.4560,0.5270,0.1074,0.6465,0.4968,0.9030,M50,MC,MA,Kangaroo Island
305011108,Kangaroo Point,QLD,Metropolitan,1,2024,Brisbane Inner City,Greater Brisbane,0.5336,0.7180,0.7027,0.5040,0.5782,0.3007,0.4729,0.6180,0.8090,0.5038,0.6286,M50,MC,HA,Brisbane
306021149,Kanimbla - Mooroobool,QLD,Outer regional,3,2024,Cairns,Rest of Qld,0.5373,0.6019,0.6215,0.4359,0.7421,0.7346,0.4704,0.5949,0.6859,0.4711,0.2691,M50,MC,MA,Cairns
101021008,Karabar,NSW,Metropolitan,1,2024,Capital Region,Rest of NSW,0.5323,0.5701,0.5964,0.5872,0.6049,0.2128,0.5731,0.7166,0.6001,0.5416,0.4773,M50,MC,MA,Queanbeyan-Palerang
310031289,Karalee - Barellan Point,QLD,Metropolitan,1,2024,Ipswich,Greater Brisbane,0.4390,0.5621,0.5477,0.7676,0.7244,0.2156,0.4549,0.6058,0.5283,0.6330,0.2016,M50,LC,MA,Ipswich
701021019,Karama,NT,Outer regional,3,2024,Darwin,Greater Darwin,0.3953,0.3993,0.4126,0.3754,0.7358,0.1096,0.5314,0.5772,0.4953,0.3496,0.4035,L25,LC,LA,Darwin
310031290,Karana Downs,QLD,Metropolitan,1,2024,Ipswich,Greater Brisbane,0.6794,0.6734,0.7458,0.8314,0.8075,0.7866,0.4547,0.6180,0.6302,0.7025,0.3429,H75,HC,HA,Brisbane
102011033,Kariong,NSW,Metropolitan,1,2024,Central Coast,Greater Sydney,0.6329,0.4876,0.5882,0.6468,0.8179,0.2802,0.6059,0.6443,0.4858,0.5448,0.5263,M50,MC,MA,Central Coast (NSW)
507051314,Karnup,WA,Metropolitan,1,2024,Perth - South West,Greater Perth,0.5172,0.4467,0.5011,0.5671,0.5733,0.7405,0.2620,0.7253,0.5105,0.4250,0.3110,L25,MC,LA,Rockingham
407031161,Karoonda - Lameroo,SA,Outer regional,3,2024,South Australia - South East,Rest of SA,0.4566,0.5683,0.5600,0.7426,0.4905,0.2442,0.4915,0.1043,0.6539,0.4537,0.9165,M50,LC,MA,Loxton Waikerie; Karoonda East Murray; Coorong; Southern Mallee
510031272,Karratha,WA,Remote,4,2024,,Rest of WA,0.4788,0.3418,0.4083,0.6423,0.4779,0.5621,0.3117,0.7077,0.3103,0.4936,0.2903,L25,MC,LA,Karratha
505021089,Karrinyup - Gwelup - Carine,WA,Metropolitan,1,2024,Perth - North West,Greater Perth,0.6141,0.5811,0.6452,0.6935,0.8254,0.3230,0.2267,0.7444,0.4829,0.7361,0.6539,M50,MC,MA,Stirling
509011230,Katanning,WA,Outer regional,3,2024,Western Australia - Wheat Belt,Rest of WA,0.2858,0.4981,0.4391,0.4750,0.5878,0.1673,0.2727,0.1130,0.5269,0.5060,0.6216,L25,LC,MA,Katanning; Woodanilling
702051067,Katherine,NT,Remote,4,2024,Northern Territory - Outback,Rest of NT,0.1956,0.4306,0.3581,0.5723,0.5578,0.0398,0.4353,0.1107,0.4696,0.4523,0.2219,L25,LC,LA,Katherine
124011452,Katoomba - Leura,NSW,Metropolitan,1,2024,Sydney - Outer West and Blue Mountains,Greater Sydney,0.7929,0.4154,0.6267,0.5017,0.7121,0.6676,0.5922,0.7078,0.4640,0.4293,0.8094,M50,HC,LA,Blue Mountains
302021031,Kedron - Gordon Park,QLD,Metropolitan,1,2024,Brisbane - North,Greater Brisbane,0.6083,0.6354,0.6809,0.6110,0.7050,0.3064,0.4557,0.6180,0.7050,0.5086,0.7325,M50,MC,MA,Brisbane
210011228,Keilor,VIC,Metropolitan,1,2024,Melbourne - North West,Greater Melbourne,0.6622,0.6200,0.6983,0.6494,0.9607,0.3288,0.4479,0.6556,0.6683,0.5362,0.4864,M50,HC,MA,Brimbank; Hume
213011332,Keilor Downs,VIC,Metropolitan,1,2024,Melbourne - West,Greater Melbourne,0.5995,0.5293,0.6007,0.4266,0.8068,0.5076,0.4967,0.6556,0.7113,0.2783,0.4011,M50,MC,MA,Brimbank
210011534,Keilor East,VIC,Metropolitan,1,2024,Melbourne - North West,Greater Melbourne,0.5930,0.5466,0.6097,0.5241,0.7985,0.1426,0.4497,0.7582,0.5644,0.5483,0.6639,M50,MC,MA,Moonee Valley
115011621,Kellyville - East,NSW,Metropolitan,1,2024,Sydney - Baulkham Hills and Hawkesbury,Greater Sydney,0.6470,0.6887,0.7393,0.6139,0.8005,0.5684,0.2067,0.7209,0.6863,0.6460,0.6208,H75,MC,HA,The Hills
116021628,Kellyville Ridge - The Ponds,NSW,Metropolitan,1,2024,Sydney - Blacktown,Greater Sydney,0.5091,0.4820,0.5225,0.5668,0.6710,0.2524,0.4942,0.7082,0.5258,0.4747,0.3564,M50,MC,MA,Blacktown
115011622,Kellyville - West,NSW,Metropolitan,1,2024,Sydney - Baulkham Hills and Hawkesbury,Greater Sydney,0.4682,0.5699,0.5663,0.5292,0.5826,0.3601,0.2067,0.7209,0.6367,0.4841,0.4821,M50,LC,MA,The Hills
506011114,Kelmscott,WA,Metropolitan,1,2024,Perth - South East,Greater Perth,0.5000,0.3462,0.4212,0.4515,0.7873,0.1836,0.2885,0.7501,0.4102,0.3638,0.5526,L25,MC,LA,Armadale
318021480,Kelso,QLD,Outer regional,3,2024,Townsville,Rest of Qld,0.4882,0.5488,0.5604,0.4643,0.6702,0.5058,0.4659,0.5966,0.6655,0.3949,0.2726,M50,MC,MA,Townsville
305031126,Kelvin Grove - Herston,QLD,Metropolitan,1,2024,Brisbane Inner City,Greater Brisbane,0.5265,0.6589,0.6570,0.3592,0.5605,0.3644,0.4696,0.6180,0.6804,0.5955,0.6961,M50,MC,HA,Brisbane
108021155,Kempsey,NSW,Inner regional,2,2024,Mid North Coast,Rest of NSW,0.5514,0.4360,0.5099,0.3828,0.6418,0.6041,0.6032,0.5566,0.5065,0.4091,0.4460,L25,MC,LA,Kempsey
108021156,Kempsey Surrounds,NSW,Inner regional,2,2024,Mid North Coast,Rest of NSW,0.5737,0.5400,0.5952,0.6310,0.6233,0.6174,0.5898,0.4851,0.5904,0.4953,0.4439,M50,MC,MA,Armidale; Kempsey
304021090,Kenmore,QLD,Metropolitan,1,2024,Brisbane - West,Greater Brisbane,0.5811,0.7917,0.7786,0.5999,0.8049,0.3840,0.2385,0.6180,0.7241,0.7904,0.7195,H75,MC,HA,Brisbane
118021564,Kensington (NSW),NSW,Metropolitan,1,2024,Sydney - Eastern Suburbs,Greater Sydney,0.6228,0.5227,0.6079,0.4574,0.6807,0.4302,0.3625,0.7166,0.6232,0.4086,0.6791,M50,MC,MA,Randwick
206041121,Kensington (Vic.),VIC,Metropolitan,1,2024,Melbourne - Inner,Greater Melbourne,0.7449,0.8396,0.9014,0.5133,0.6874,0.3300,0.6108,1.0000,0.9575,0.4888,0.6112,H75,HC,HA,Melbourne; Moonee Valley
304041100,Keperra,QLD,Metropolitan,1,2024,Brisbane - West,Greater Brisbane,0.5201,0.5507,0.5767,0.4349,0.7012,0.3829,0.2422,0.6180,0.6351,0.4474,0.7223,M50,MC,MA,Brisbane
215031402,Kerang,VIC,Outer regional,3,2024,North West,Rest of Vic.,0.5295,0.5886,0.6083,0.4833,0.7279,0.1569,0.5613,0.5655,0.6240,0.5421,0.7760,M50,MC,MA,Gannawarra
506021310,Kewdale,WA,Metropolitan,1,2024,Perth - South East,Greater Perth,0.4009,0.4362,0.4413,0.4400,0.7335,0.1363,0.2870,0.7227,0.5365,0.3641,0.3649,L25,LC,LA,Belmont
207011154,Kew East,VIC,Metropolitan,1,2024,Melbourne - Inner East,Greater Melbourne,0.7382,0.7686,0.8468,0.5986,0.8267,0.1906,0.5630,0.8244,0.7812,0.6523,0.7969,H75,HC,HA,Boroondara
207011521,Kew - South,VIC,Metropolitan,1,2024,Melbourne - Inner East,Greater Melbourne,0.6846,0.7222,0.7835,0.5317,0.7793,0.1725,0.5646,0.8244,0.7224,0.6555,0.7802,H75,HC,HA,Boroondara
207011522,Kew - West,VIC,Metropolitan,1,2024,Melbourne - Inner East,Greater Melbourne,0.6684,0.7529,0.7966,0.5327,0.7197,0.2035,0.5693,0.8244,0.7631,0.6507,0.7523,H75,HC,HA,Boroondara
212041565,Keysborough - North,VIC,Metropolitan,1,2024,Melbourne - South East,Greater Melbourne,0.4468,0.5882,0.5698,0.3527,0.7468,0.2421,0.5320,0.6466,0.7973,0.2542,0.3094,M50,LC,MA,Greater Dandenong
212041566,Keysborough - South,VIC,Metropolitan,1,2024,Melbourne - South East,Greater Melbourne,0.5098,0.6038,0.6098,0.4901,0.7118,0.5184,0.5312,0.6466,0.8195,0.2478,0.1836,M50,MC,MA,Greater Dandenong
216031593,Kialla,VIC,Inner regional,2,2024,Shepparton,Rest of Vic.,0.7292,0.6452,0.7535,0.6058,0.7512,0.7111,0.5670,0.6538,0.6854,0.5599,0.5312,H75,HC,MA,Greater Shepparton
107031138,Kiama,NSW,Metropolitan,1,2024,Illawarra,Rest of NSW,0.7565,0.6663,0.7843,0.6151,0.7674,0.5326,0.5901,0.6846,0.6106,0.7181,0.6088,H75,HC,HA,Kiama
107031139,Kiama Downs - Minnamurra,NSW,Metropolitan,1,2024,Illawarra,Rest of NSW,0.6992,0.7250,0.7936,0.8313,0.8682,0.2047,0.5836,0.6846,0.6551,0.7665,0.6558,H75,HC,HA,Kiama
107031140,Kiama Hinterland - Gerringong,NSW,Metropolitan,1,2024,Illawarra,Rest of NSW,0.8075,0.7529,0.8766,0.7777,0.7551,0.6492,0.5983,0.6846,0.6824,0.7794,0.6197,H75,HC,HA,Kiama; Shoalhaven
313031370,Kilcoy,QLD,Inner regional,2,2024,Moreton Bay - North,Greater Brisbane,0.5385,0.4630,0.5229,0.5479,0.5725,0.4516,0.4204,0.5817,0.5297,0.4298,0.5370,M50,MC,LA,Somerset
319031515,Kilkivan,QLD,Inner regional,2,2024,Wide Bay,Rest of Qld,0.4275,0.4746,0.4802,0.6585,0.5138,0.4624,0.4428,0.1088,0.5311,0.4517,0.5653,L25,LC,MA,Gympie
204011056,Kilmore - Broadford,VIC,Inner regional,2,2024,Hume,Rest of Vic.,0.7987,0.5024,0.6924,0.6284,0.7204,0.6268,0.5672,0.7163,0.5618,0.4622,0.6933,M50,HC,MA,Mitchell
211051277,Kilsyth,VIC,Metropolitan,1,2024,Melbourne - Outer East,Greater Melbourne,0.7107,0.6134,0.7203,0.5227,0.7937,0.3173,0.5233,0.7498,0.6624,0.5321,0.7429,H75,HC,MA,Yarra Ranges
406011131,Kimba - Cleve - Franklin Harbour,SA,Outer regional,3,2024,South Australia - Outback,Rest of SA,0.5124,0.5962,0.6056,0.8688,0.4641,0.2642,0.5559,0.1019,0.6314,0.5459,0.9900,M50,MC,MA,Elliston; Kimba; Tumby Bay; Unincorporated SA; Whyalla; Cleve; Franklin Harbour; Wudinna
102011034,Kincumber - Picketts Valley,NSW,Metropolitan,1,2024,Central Coast,Greater Sydney,0.7332,0.6008,0.7241,0.4807,0.7518,0.7703,0.6004,0.6443,0.6421,0.5387,0.5928,H75,HC,MA,Central Coast (NSW)
319021505,Kingaroy,QLD,Inner regional,2,2024,Wide Bay,Rest of Qld,0.4621,0.4515,0.4790,0.4165,0.6607,0.4649,0.4096,0.5245,0.4542,0.5173,0.3623,L25,LC,LA,South Burnett
319021506,Kingaroy Surrounds - North,QLD,Inner regional,2,2024,Wide Bay,Rest of Qld,0.2963,0.4153,0.3840,0.4521,0.5127,0.4226,0.4105,0.0797,0.4960,0.3818,0.2906,L25,LC,LA,South Burnett; Gympie; Cherbourg
319021507,Kingaroy Surrounds - South,QLD,Inner regional,2,2024,Wide Bay,Rest of Qld,0.4100,0.4815,0.4775,0.8061,0.5913,0.1797,0.4085,0.5245,0.5154,0.4891,0.3311,L25,LC,MA,South Burnett
604031093,King Island,TAS,Very remote,5,2024,West and North West,Rest of Tas.,0.4078,0.5959,0.5582,0.8275,0.4383,0.1860,0.5964,0.0049,0.6678,0.4880,0.7086,M50,LC,MA,King Island
209031211,Kinglake,VIC,Inner regional,2,2024,Melbourne - North East,Greater Melbourne,0.7833,0.6830,0.8121,0.8719,0.7266,0.5999,0.5382,0.6556,0.7583,0.5180,0.6730,H75,HC,HA,Murrindindi
209021205,Kingsbury,VIC,Metropolitan,1,2024,Melbourne - North East,Greater Melbourne,0.5780,0.5133,0.5783,0.3996,0.6916,0.2122,0.5384,0.7670,0.6370,0.3671,0.6704,M50,MC,MA,Darebin
112031250,Kingscliff - Fingal Head,NSW,Metropolitan,1,2024,Richmond - Tweed,Rest of NSW,0.6213,0.6444,0.6940,0.6540,0.7379,0.3228,0.5961,0.5963,0.6531,0.6093,0.5824,M50,MC,MA,Tweed
118021565,Kingsford,NSW,Metropolitan,1,2024,Sydney - Eastern Suburbs,Greater Sydney,0.6051,0.5633,0.6277,0.4171,0.6506,0.4737,0.3665,0.7166,0.6215,0.4946,0.6341,M50,MC,MA,Randwick
119021663,Kingsgrove - North,NSW,Metropolitan,1,2024,Sydney - Inner South West,Greater Sydney,0.5964,0.4567,0.5472,0.4918,0.9200,0.4870,0.3728,0.6172,0.6128,0.2873,0.4095,M50,MC,LA,Georges River; Canterbury-Bankstown
119041377,Kingsgrove (South) - Bardwell Park,NSW,Metropolitan,1,2024,Sydney - Inner South West,Greater Sydney,0.6722,0.4833,0.6062,0.5107,0.7745,0.6552,0.3957,0.6822,0.6196,0.3324,0.5222,M50,HC,MA,Bayside (NSW); Georges River
505011078,Kingsley,WA,Metropolitan,1,2024,Perth - North West,Greater Perth,0.7496,0.5567,0.7021,0.6721,0.8938,0.5740,0.2330,0.7590,0.4719,0.7033,0.7111,M50,HC,MA,Joondalup
602011037,Kings Meadows - Punchbowl,TAS,Inner regional,2,2024,Launceston and North East,Rest of Tas.,0.6177,0.4419,0.5476,0.3875,0.6861,0.6189,0.9061,0.4031,0.5451,0.3628,0.6606,M50,MC,LA,Launceston
213011333,Kings Park (Vic.),VIC,Metropolitan,1,2024,Melbourne - West,Greater Melbourne,0.3348,0.4541,0.4268,0.2005,0.5999,0.1803,0.4959,0.6556,0.7002,0.1349,0.3018,L25,LC,LA,Brimbank
801061131,Kingston (ACT),ACT,Metropolitan,1,2024,Australian Capital Territory,Australian Capital Territory,0.3571,0.7766,0.6661,0.6434,0.4084,0.0733,0.2719,0.5987,0.7807,0.6693,0.6770,M50,LC,HA,Unincorporated ACT
601041023,Kingston Beach - Blackmans Bay,TAS,Inner regional,2,2024,Hobart,Greater Hobart,0.6561,0.6726,0.7326,0.6359,0.8114,0.3386,0.7409,0.4110,0.6660,0.6458,0.7840,H75,MC,HA,Kingborough
601041022,Kingston - Huntingfield,TAS,Inner regional,2,2024,Hobart,Greater Hobart,0.6495,0.5583,0.6474,0.4557,0.7084,0.6144,0.7450,0.4110,0.6146,0.4951,0.7592,M50,MC,MA,Hobart; Kingborough
311061330,Kingston (Qld),QLD,Metropolitan,1,2024,Logan - Beaudesert,Greater Brisbane,0.3493,0.4096,0.4008,0.1346,0.6367,0.3471,0.4392,0.5997,0.5953,0.2150,0.3270,L25,LC,LA,Logan
407021151,Kingston - Robe,SA,Outer regional,3,2024,South Australia - South East,Rest of SA,0.5992,0.5987,0.6501,0.7423,0.5779,0.4376,0.4999,0.4467,0.6560,0.5125,0.8382,M50,MC,MA,Robe; Kingston (SA)
124031462,Kingswood - Werrington,NSW,Metropolitan,1,2024,Sydney - Outer West and Blue Mountains,Greater Sydney,0.5734,0.3909,0.4887,0.4221,0.5654,0.5406,0.6046,0.6750,0.5166,0.2996,0.4423,L25,MC,LA,Penrith
308051536,Kin Kora - Sun Valley,QLD,Inner regional,2,2024,Fitzroy,Rest of Qld,0.5497,0.4138,0.4933,0.5034,0.6310,0.4154,0.4447,0.5949,0.4477,0.4496,0.5210,L25,MC,LA,Gladstone
318021481,Kirwan - East,QLD,Outer regional,3,2024,Townsville,Rest of Qld,0.4869,0.5121,0.5336,0.3135,0.7409,0.5066,0.4717,0.5966,0.5652,0.4768,0.3253,M50,MC,MA,Townsville
318021482,Kirwan - West,QLD,Outer regional,3,2024,Townsville,Rest of Qld,0.5740,0.5341,0.5912,0.5373,0.6870,0.7951,0.4713,0.5966,0.5737,0.5088,0.3226,M50,MC,MA,Townsville
211011254,Knoxfield - Scoresby,VIC,Metropolitan,1,2024,Melbourne - Outer East,Greater Melbourne,0.6633,0.6204,0.6992,0.5422,0.8392,0.2531,0.5465,0.7416,0.7214,0.4512,0.5882,M50,HC,MA,Knox
119041378,Kogarah,NSW,Metropolitan,1,2024,Sydney - Inner South West,Greater Sydney,0.5140,0.3802,0.4521,0.3962,0.6236,0.3651,0.4033,0.6774,0.5271,0.2606,0.4274,L25,MC,LA,Georges River; Bayside (NSW)
119041379,Kogarah Bay - Carlton - Allawah,NSW,Metropolitan,1,2024,Sydney - Inner South West,Greater Sydney,0.5992,0.3530,0.4746,0.4424,0.7267,0.4108,0.4006,0.6727,0.4879,0.2631,0.5210,L25,MC,LA,Georges River
509011231,Kojonup,WA,Outer regional,3,2024,Western Australia - Wheat Belt,Rest of WA,0.3520,0.5443,0.4981,0.8106,0.4774,0.2267,0.2664,0.1239,0.5967,0.4942,0.6732,L25,LC,MA,Broomehill-Tambellup; Kojonup; Cranbrook
212011548,Koo Wee Rup,VIC,Metropolitan,1,2024,Melbourne - South East,Greater Melbourne,0.7137,0.6078,0.7180,0.6557,0.6757,0.4082,0.5127,0.7731,0.6880,0.4800,0.6341,H75,HC,MA,Cardinia
104021088,Korora - Emerald Beach,NSW,Inner regional,2,2024,Coffs Harbour - Grafton,Rest of NSW,0.6141,0.6581,0.7001,0.6750,0.7132,0.5314,0.6246,0.6118,0.6251,0.6798,0.3536,M50,MC,HA,Coffs Harbour
205031089,Korumburra,VIC,Inner regional,2,2024,Latrobe - Gippsland,Rest of Vic.,0.5998,0.6426,0.6817,0.7220,0.6934,0.1607,0.5759,0.6431,0.6504,0.6099,0.7537,M50,MC,MA,Bass Coast; South Gippsland; Baw Baw
315011398,Kowanyama - Pormpuraaw,QLD,Very remote,5,2024,Queensland - Outback,Rest of Qld,0.1392,0.1450,0.1351,0.3527,0.0568,0.7829,0.1458,0.0283,0.2771,0.1237,0.1269,L25,LC,LA,Pormpuraaw; Kowanyama
509031247,Kulin,WA,Remote,4,2024,Western Australia - Wheat Belt,Rest of WA,0.3183,0.4484,0.4161,0.8724,0.4720,0.0879,0.2645,0.1247,0.4734,0.4831,0.7214,L25,LC,LA,Wickepin; Lake Grace; Kulin; Kondinin; Dumbleyung
510011265,Kununurra,WA,Very remote,5,2024,,Rest of WA,0.2339,0.3431,0.3091,0.5763,0.5485,0.2784,0.2859,0.1171,0.3711,0.4129,0.1752,L25,LC,LA,Wyndham-East Kimberley; Derby-West Kimberley; Halls Creek
303061077,Kuraby,QLD,Metropolitan,1,2024,Brisbane - South,Greater Brisbane,0.5384,0.5914,0.6146,0.4439,0.7372,0.3118,0.4231,0.6180,0.6753,0.4667,0.5195,M50,MC,MA,Brisbane
306051168,Kuranda,QLD,Outer regional,3,2024,Cairns,Rest of Qld,0.5658,0.5192,0.5764,0.6524,0.7050,0.6282,0.4529,0.5365,0.6107,0.4209,0.3734,M50,MC,MA,Mareeba
115031300,Kurrajong Heights - Ebenezer,NSW,Metropolitan,1,2024,Sydney - Baulkham Hills and Hawkesbury,Greater Sydney,0.6128,0.7503,0.7653,0.8044,0.7794,0.5409,0.1648,0.6998,0.7311,0.6976,0.5552,H75,MC,HA,Hawkesbury
106011111,Kurri Kurri - Abermain,NSW,Metropolitan,1,2024,Hunter Valley exc Newcastle,Rest of NSW,0.5950,0.4840,0.5660,0.4622,0.6647,0.6044,0.5373,0.6247,0.5223,0.4838,0.4383,M50,MC,MA,Maitland; Cessnock
213041576,Kurunjang - Toolern Vale,VIC,Metropolitan,1,2024,Melbourne - West,Greater Melbourne,0.6342,0.5975,0.6673,0.4157,0.7185,0.4657,0.4700,0.7731,0.7379,0.3764,0.4720,M50,MC,MA,Melton
216011407,Kyabram,VIC,Inner regional,2,2024,Shepparton,Rest of Vic.,0.5575,0.5948,0.6263,0.6224,0.6753,0.1597,0.5559,0.6215,0.6018,0.5887,0.7313,M50,MC,MA,Greater Shepparton; Campaspe
202021030,Kyneton,VIC,Inner regional,2,2024,Bendigo,Rest of Vic.,0.9645,0.6289,0.8898,0.6813,0.8717,0.6706,0.5984,0.7498,0.6293,0.6152,0.8669,H75,HC,MA,Mount Alexander; Macedon Ranges
112021247,Kyogle,NSW,Inner regional,2,2024,Richmond - Tweed,Rest of NSW,0.5461,0.6240,0.6416,0.5886,0.6185,0.6080,0.6188,0.1026,0.7086,0.4795,0.6529,M50,MC,MA,Kyogle
309031238,Labrador,QLD,Metropolitan,1,2024,Gold Coast,Rest of Qld,0.5031,0.4667,0.5087,0.2971,0.5824,0.5064,0.4014,0.6066,0.6198,0.2970,0.5790,L25,MC,LA,Gold Coast
119021573,Lakemba,NSW,Metropolitan,1,2024,Sydney - Inner South West,Greater Sydney,0.3474,0.5123,0.4734,0.2255,0.5104,0.4673,0.3752,0.6172,0.6763,0.3010,0.2390,L25,LC,MA,Canterbury-Bankstown
102021050,Lake Munmorah - Mannering Park,NSW,Metropolitan,1,2024,Central Coast,Greater Sydney,0.5260,0.5243,0.5607,0.4505,0.7299,0.7174,0.5874,0.1960,0.5767,0.4842,0.5011,M50,MC,MA,Central Coast (NSW)
308031211,Lakes Creek,QLD,Inner regional,2,2024,Fitzroy,Rest of Qld,0.4426,0.4758,0.4877,0.3276,0.7018,0.2221,0.4523,0.5935,0.5800,0.3793,0.4827,L25,LC,MA,Rockhampton
205021084,Lakes Entrance,VIC,Outer regional,3,2024,Latrobe - Gippsland,Rest of Vic.,0.6654,0.5704,0.6646,0.5528,0.7083,0.5918,0.5772,0.5890,0.5801,0.5725,0.5734,M50,HC,MA,East Gippsland
209041529,Lalor - East,VIC,Metropolitan,1,2024,Melbourne - North East,Greater Melbourne,0.4146,0.5292,0.5136,0.2469,0.5953,0.1579,0.5337,0.7337,0.6776,0.3345,0.4887,L25,LC,MA,Whittlesea
116011307,Lalor Park - Kings Langley,NSW,Metropolitan,1,2024,Sydney - Blacktown,Greater Sydney,0.5678,0.5205,0.5784,0.5242,0.8369,0.1615,0.5327,0.7086,0.6315,0.3909,0.5101,M50,MC,MA,The Hills; Blacktown; Parramatta
209041530,Lalor - West,VIC,Metropolitan,1,2024,Melbourne - North East,Greater Melbourne,0.5401,0.5717,0.6013,0.3485,0.7129,0.2896,0.5366,0.7337,0.7359,0.3259,0.4651,M50,MC,MA,Whittlesea
111031225,Lambton - New Lambton,NSW,Metropolitan,1,2024,Newcastle and Lake Macquarie,Rest of NSW,0.8275,0.6728,0.8317,0.6141,0.7513,0.6418,0.6375,0.7098,0.6375,0.6902,0.6954,H75,HC,HA,Newcastle
316061442,Landsborough,QLD,Metropolitan,1,2024,Sunshine Coast,Rest of Qld,0.5971,0.6414,0.6795,0.6196,0.7024,0.5247,0.4197,0.5994,0.6509,0.6066,0.4782,M50,MC,MA,Sunshine Coast
505031304,Landsdale,WA,Metropolitan,1,2024,Perth - North West,Greater Perth,0.5741,0.4057,0.4995,0.5611,0.6859,0.6748,0.2182,0.7530,0.4566,0.4200,0.4460,L25,MC,LA,Swan; Wanneroo
121011686,Lane Cove,NSW,Metropolitan,1,2024,Sydney - North Sydney and Hornsby,Greater Sydney,0.7035,0.6544,0.7455,0.5767,0.6795,0.4481,0.4816,0.7351,0.6806,0.5862,0.6774,H75,HC,HA,Lane Cove
214011374,Langwarrin,VIC,Metropolitan,1,2024,Mornington Peninsula,Greater Melbourne,0.8297,0.5799,0.7667,0.6989,0.7632,0.7322,0.5664,0.7337,0.6121,0.5429,0.5943,H75,HC,MA,Frankston
203021043,Lara,VIC,Metropolitan,1,2024,Geelong,Rest of Vic.,0.8397,0.8026,0.9319,0.6609,0.7970,0.5952,0.5701,0.7116,0.8318,0.6358,0.7298,H75,HC,HA,Greater Geelong
702011048,Larapinta,NT,Remote,4,2024,Northern Territory - Outback,Rest of NT,0.2456,0.4364,0.3800,0.4817,0.6108,0.0632,0.5242,0.4897,0.4677,0.4670,0.0778,L25,LC,LA,Alice Springs
404021099,Largs Bay - Semaphore,SA,Metropolitan,1,2024,Adelaide - West,Greater Adelaide,0.5777,0.5757,0.6227,0.6089,0.7921,0.1897,0.5199,0.6668,0.6935,0.4050,0.5572,M50,MC,MA,Port Adelaide Enfield
701011005,Larrakeyah,NT,Outer regional,3,2024,Darwin,Greater Darwin,0.3685,0.5075,0.4785,0.6395,0.4682,0.0779,0.5128,0.5772,0.4651,0.6146,0.4269,L25,LC,MA,Darwin
801011017,Latham,ACT,Metropolitan,1,2024,Australian Capital Territory,Australian Capital Territory,0.4368,0.6018,0.5750,0.6033,0.6130,0.0978,0.2682,0.5987,0.5863,0.6262,0.8190,M50,LC,MA,Unincorporated ACT
604021087,Latrobe,TAS,Outer regional,3,2024,West and North West,Rest of Tas.,0.4854,0.4449,0.4850,0.5089,0.6916,0.3715,0.6534,0.0203,0.5502,0.3612,0.6788,L25,MC,LA,Latrobe (Tas.); Devonport
602011038,Launceston,TAS,Inner regional,2,2024,Launceston and North East,Rest of Tas.,0.6172,0.5863,0.6504,0.5100,0.7359,0.3582,0.9220,0.4031,0.6600,0.4809,0.7321,M50,MC,MA,Launceston
108041162,Laurieton - Bonny Hills,NSW,Inner regional,2,2024,Mid North Coast,Rest of NSW,0.6416,0.6712,0.7239,0.5293,0.6672,0.5710,0.5925,0.5914,0.6802,0.6206,0.5663,H75,MC,HA,Port Macquarie-Hastings; Mid-Coast
213051363,Laverton,VIC,Metropolitan,1,2024,Melbourne - West,Greater Melbourne,0.5990,0.5757,0.6335,0.4118,0.6871,0.4303,0.4779,0.7641,0.7794,0.2593,0.4406,M50,MC,MA,Hobsons Bay; Wyndham
109011176,Lavington,NSW,Inner regional,2,2024,Murray,Rest of NSW,0.5885,0.5306,0.5960,0.3086,0.6519,0.5799,0.6104,0.6485,0.6236,0.4243,0.5322,M50,MC,MA,Albury
314031392,Lawnton,QLD,Metropolitan,1,2024,Moreton Bay - South,Greater Brisbane,0.5721,0.4675,0.5426,0.4628,0.7038,0.4624,0.3590,0.6039,0.5764,0.3675,0.5995,M50,MC,LA,Moreton Bay
801011018,Lawson,ACT,Metropolitan,1,2024,Australian Capital Territory,Australian Capital Territory,0.3106,0.4990,0.4492,0.5155,0.3618,0.0964,0.2695,0.5987,0.6931,0.2444,0.5520,L25,LC,MA,Unincorporated ACT
124011453,Lawson - Hazelbrook - Linden,NSW,Metropolitan,1,2024,Sydney - Outer West and Blue Mountains,Greater Sydney,0.8852,0.5322,0.7677,0.7179,0.7622,0.7242,0.5828,0.7078,0.5233,0.5802,0.8261,H75,HC,MA,Blue Mountains
701021020,Leanyer,NT,Outer regional,3,2024,Darwin,Greater Darwin,0.3987,0.4977,0.4842,0.5439,0.6031,0.0952,0.5337,0.5772,0.5261,0.5063,0.4206,L25,LC,MA,Darwin
507041180,Leeming,WA,Metropolitan,1,2024,Perth - South West,Greater Perth,0.7532,0.5545,0.7025,0.7082,0.8746,0.6825,0.2753,0.7560,0.4725,0.6980,0.5883,M50,HC,MA,Melville; Canning; Cockburn
113011258,Leeton,NSW,Outer regional,3,2024,Riverina,Rest of NSW,0.5377,0.4543,0.5164,0.5023,0.6690,0.4241,0.6113,0.5623,0.6166,0.2761,0.4019,L25,MC,LA,Leeton
602011039,Legana,TAS,Inner regional,2,2024,Launceston and North East,Rest of Tas.,0.5955,0.6501,0.6849,0.7156,0.7692,0.1918,0.8577,0.4009,0.6058,0.6933,0.7076,M50,MC,HA,West Tamar
406011132,Le Hunte - Elliston,SA,Remote,4,2024,South Australia - Outback,Rest of SA,0.5261,0.5668,0.5911,0.8709,0.5096,0.2997,0.5486,0.1074,0.6307,0.4873,0.9534,M50,MC,MA,Streaky Bay; Wudinna; Elliston
120021675,Leichhardt,NSW,Metropolitan,1,2024,Sydney - Inner West,Greater Sydney,0.7493,0.7823,0.8630,0.5747,0.7001,0.5673,0.4695,0.7266,0.7363,0.7526,0.7389,H75,HC,HA,Inner West
310031291,Leichhardt - One Mile,QLD,Metropolitan,1,2024,Ipswich,Greater Brisbane,0.3476,0.3397,0.3502,0.2233,0.5612,0.4019,0.4599,0.6058,0.5181,0.1878,0.2078,L25,LC,LA,Ipswich
511031283,Leinster - Leonora,WA,Very remote,5,2024,,Rest of WA,0.1551,0.2967,0.2487,0.5098,0.1656,0.4077,0.1327,0.0936,0.3729,0.3136,0.2584,L25,LC,LA,Leonora; Ngaanyatjarraku; Laverton; Menzies
106031120,Lemon Tree Passage - Tanilba Bay,NSW,Inner regional,2,2024,Hunter Valley exc Newcastle,Rest of NSW,0.6053,0.5170,0.5948,0.4774,0.5800,0.6531,0.5499,0.6031,0.5379,0.5279,0.5480,M50,MC,MA,Port Stephens
601051028,Lenah Valley - Mount Stuart,TAS,Inner regional,2,2024,Hobart,Greater Hobart,0.5854,0.7334,0.7392,0.5819,0.6717,0.2007,0.9858,0.4194,0.7556,0.6240,0.8000,H75,MC,HA,Glenorchy; Hobart
112011242,Lennox Head - Skennars Head,NSW,Inner regional,2,2024,Richmond - Tweed,Rest of NSW,0.6778,0.6762,0.7470,0.6977,0.7312,0.5255,0.6080,0.6136,0.6580,0.6654,0.5031,H75,HC,HA,Ballina
205031090,Leongatha,VIC,Inner regional,2,2024,Latrobe - Gippsland,Rest of Vic.,0.6615,0.6288,0.7042,0.6540,0.8458,0.1776,0.5759,0.6431,0.6183,0.6319,0.7943,M50,HC,MA,South Gippsland; Baw Baw; Latrobe (Vic.)
203021044,Leopold,VIC,Metropolitan,1,2024,Geelong,Rest of Vic.,0.8275,0.7724,0.9028,0.6339,0.6964,0.7210,0.5790,0.7116,0.7553,0.7023,0.7904,H75,HC,HA,Greater Geelong
127011728,Leppington - Catherine Field,NSW,Metropolitan,1,2024,Sydney - South West,Greater Sydney,0.5311,0.4364,0.5004,0.5303,0.6350,0.5877,0.4177,0.7137,0.6218,0.2293,0.2558,L25,MC,LA,Liverpool; Camden
506051141,Lesmurdie - Bickley - Carmel,WA,Metropolitan,1,2024,Perth - South East,Greater Perth,0.5695,0.5706,0.6150,0.7723,0.8589,0.1226,0.2774,0.7151,0.4899,0.7053,0.6966,M50,MC,MA,Kalamunda
116031316,Lethbridge Park - Tregear,NSW,Metropolitan,1,2024,Sydney - Blacktown,Greater Sydney,0.4585,0.3877,0.4318,0.3060,0.4968,0.4469,0.5210,0.7082,0.5907,0.1750,0.3357,L25,LC,LA,Blacktown
123021441,Leumeah - Minto Heights,NSW,Metropolitan,1,2024,Sydney - Outer South West,Greater Sydney,0.5941,0.5189,0.5904,0.4930,0.7373,0.4774,0.5685,0.6592,0.6310,0.3883,0.3699,M50,MC,MA,Campbelltown (NSW)
402011027,Lewiston - Two Wells,SA,Metropolitan,1,2024,Adelaide - North,Greater Adelaide,0.7315,0.6503,0.7584,0.6759,0.8086,0.4717,0.5000,0.6710,0.7538,0.4587,0.6080,H75,HC,HA,Adelaide Plains
125011586,Lidcombe,NSW,Metropolitan,1,2024,Sydney - Parramatta,Greater Sydney,0.5213,0.4938,0.5367,0.3560,0.6766,0.4796,0.5451,0.6464,0.6901,0.2385,0.3499,M50,MC,MA,Cumberland
405011111,Light,SA,Inner regional,2,2024,Barossa - Yorke - Mid North,Rest of SA,0.7937,0.6809,0.8168,0.7704,0.7236,0.5349,0.4947,0.7058,0.7650,0.5026,0.7835,H75,HC,HA,Light
128011605,Lilli Pilli - Port Hacking - Dolans Bay,NSW,Metropolitan,1,2024,Sydney - Sutherland,Greater Sydney,0.6552,0.8495,0.8584,0.8841,0.8894,0.2076,0.3878,0.7151,0.6611,1.0000,0.6037,H75,MC,HA,Sutherland
211051278,Lilydale - Coldstream,VIC,Metropolitan,1,2024,Melbourne - Outer East,Greater Melbourne,0.8657,0.6399,0.8322,0.6820,0.7952,0.5770,0.5292,0.7498,0.6810,0.5563,0.8015,H75,HC,MA,Yarra Ranges
120021389,Lilyfield - Rozelle,NSW,Metropolitan,1,2024,Sydney - Inner West,Greater Sydney,0.7556,0.7775,0.8632,0.6224,0.6899,0.5733,0.4695,0.7266,0.7536,0.7152,0.7410,H75,HC,HA,Inner West
121031408,Lindfield - Roseville,NSW,Metropolitan,1,2024,Sydney - North Sydney and Hornsby,Greater Sydney,0.6635,0.7642,0.8020,0.5724,0.5651,0.5005,0.4575,0.7182,0.7379,0.7142,0.7202,H75,HC,HA,Willoughby; Ku-ring-gai
601021008,Lindisfarne - Rose Bay,TAS,Inner regional,2,2024,Hobart,Greater Hobart,0.5661,0.5739,0.6157,0.4039,0.7044,0.3042,0.8408,0.4082,0.5491,0.6260,0.8100,M50,MC,MA,Clarence
112021248,Lismore,NSW,Inner regional,2,2024,Richmond - Tweed,Rest of NSW,0.6573,0.5295,0.6310,0.4214,0.6703,0.6345,0.6320,0.6304,0.6436,0.3901,0.5861,M50,MC,MA,Lismore
112021249,Lismore Surrounds,NSW,Inner regional,2,2024,Richmond - Tweed,Rest of NSW,0.7056,0.7101,0.7865,0.7641,0.6808,0.6028,0.6093,0.6304,0.7348,0.6112,0.5222,H75,HC,HA,Kyogle; Byron; Lismore; Ballina; Richmond Valley
103031070,Lithgow,NSW,Inner regional,2,2024,Central West,Rest of NSW,0.6664,0.4829,0.6027,0.4691,0.6947,0.6060,0.6139,0.5818,0.4881,0.5320,0.6558,M50,HC,MA,Lithgow
103031071,Lithgow Surrounds,NSW,Inner regional,2,2024,Central West,Rest of NSW,0.7533,0.6008,0.7357,0.7330,0.7838,0.6338,0.6095,0.5818,0.5677,0.6521,0.6078,H75,HC,MA,Lithgow; Bathurst
509011232,Little Grove - Elleker,WA,Outer regional,3,2024,Western Australia - Wheat Belt,Rest of WA,0.5143,0.6001,0.6092,0.9437,0.7005,0.6628,0.2694,0.1366,0.5726,0.6433,0.5757,M50,MC,MA,Albany
127031731,Liverpool - East,NSW,Metropolitan,1,2024,Sydney - South West,Greater Sydney,0.3007,0.4231,0.3912,0.2505,0.4436,0.2977,0.4865,0.6363,0.5410,0.3297,0.1546,L25,LC,LA,Liverpool
127031732,Liverpool - West,NSW,Metropolitan,1,2024,Sydney - South West,Greater Sydney,0.3609,0.4240,0.4158,0.1956,0.6249,0.3677,0.4845,0.6363,0.5457,0.3243,0.2143,L25,LC,LA,Liverpool
401021006,Lobethal - Woodside,SA,Metropolitan,1,2024,Adelaide - Central and Hills,Greater Adelaide,0.9028,0.7004,0.8994,0.7830,0.8764,0.4505,0.5777,0.7654,0.7173,0.6201,0.8448,H75,HC,HA,Adelaide Hills; Mount Barker
216011408,Lockington - Gunbower,VIC,Inner regional,2,2024,Shepparton,Rest of Vic.,0.5455,0.6127,0.6333,0.9235,0.5207,0.1405,0.5524,0.6215,0.6327,0.5772,0.7049,M50,MC,MA,Campaspe
404031106,Lockleys,SA,Metropolitan,1,2024,Adelaide - West,Greater Adelaide,0.6500,0.6206,0.6922,0.5143,0.7457,0.2903,0.5661,0.7083,0.7569,0.3924,0.6638,M50,MC,MA,West Torrens
504031062,Lockridge - Kiara,WA,Metropolitan,1,2024,Perth - North East,Greater Perth,0.5744,0.4614,0.5395,0.5013,0.7048,0.5747,0.2264,0.7227,0.5668,0.3699,0.5242,M50,MC,LA,Swan
310021280,Lockyer Valley - East,QLD,Inner regional,2,2024,Ipswich,Greater Brisbane,0.5115,0.4615,0.5090,0.5052,0.7323,0.5461,0.4232,0.5943,0.5612,0.3787,0.2790,L25,MC,LA,Lockyer Valley; Somerset
317011451,Lockyer Valley - West,QLD,Inner regional,2,2024,Toowoomba,Rest of Qld,0.5565,0.6879,0.6923,0.7396,0.7621,0.4635,0.4516,0.5943,0.7045,0.6155,0.2967,M50,MC,HA,Lockyer Valley
202031033,Loddon,VIC,Inner regional,2,2024,Bendigo,Rest of Vic.,0.4719,0.6015,0.5906,0.6746,0.5087,0.1580,0.3840,0.5822,0.5951,0.6124,0.7703,M50,LC,MA,Loddon
128021608,Loftus - Yarrawarrah,NSW,Metropolitan,1,2024,Sydney - Sutherland,Greater Sydney,0.6161,0.7078,0.7366,0.8365,0.7951,0.1721,0.3624,0.7151,0.5189,0.9333,0.7126,H75,MC,HA,Sutherland
311061331,Logan Central,QLD,Metropolitan,1,2024,Logan - Beaudesert,Greater Brisbane,0.2802,0.3277,0.3153,0.0268,0.5602,0.3365,0.4389,0.5997,0.5252,0.1503,0.3262,L25,LC,LA,Logan
311051325,Loganholme - Tanah Merah,QLD,Metropolitan,1,2024,Logan - Beaudesert,Greater Brisbane,0.5877,0.5216,0.5891,0.5464,0.8290,0.4832,0.4444,0.5997,0.5928,0.4538,0.3950,M50,MC,MA,Logan
311051326,Loganlea,QLD,Metropolitan,1,2024,Logan - Beaudesert,Greater Brisbane,0.4411,0.3864,0.4231,0.2381,0.5755,0.6096,0.4449,0.5997,0.5759,0.1964,0.3541,L25,LC,LA,Logan
311041322,Logan Village,QLD,Metropolitan,1,2024,Logan - Beaudesert,Greater Brisbane,0.5694,0.5833,0.6240,0.6670,0.7055,0.6659,0.3867,0.5997,0.6241,0.5313,0.3384,M50,MC,MA,Logan
602031060,Longford,TAS,Inner regional,2,2024,Launceston and North East,Rest of Tas.,0.5646,0.5069,0.5670,0.5243,0.6914,0.3636,0.7079,0.3954,0.6078,0.4001,0.6988,M50,MC,MA,Northern Midlands
205051100,Longford - Loch Sport,VIC,Inner regional,2,2024,Latrobe - Gippsland,Rest of Vic.,0.6969,0.6322,0.7260,0.8043,0.6763,0.5678,0.5770,0.5660,0.6257,0.6272,0.6286,H75,HC,MA,Wellington; East Gippsland
315031412,Longreach,QLD,Very remote,5,2024,Queensland - Outback,Rest of Qld,0.5014,0.4207,0.4750,0.7046,0.6579,0.5684,0.4577,0.1097,0.5758,0.2701,0.5518,L25,MC,LA,Longreach
203031049,Lorne - Anglesea,VIC,Inner regional,2,2024,Geelong,Rest of Vic.,0.7567,0.7021,0.8100,0.8090,0.8262,0.5649,0.5626,0.3986,0.5911,0.8178,0.8664,H75,HC,HA,Surf Coast
310021281,Lowood,QLD,Metropolitan,1,2024,Ipswich,Greater Brisbane,0.4962,0.4718,0.5091,0.5540,0.7321,0.4564,0.4218,0.5817,0.5788,0.3728,0.2750,L25,MC,LA,Somerset
407031162,Loxton,SA,Outer regional,3,2024,South Australia - South East,Rest of SA,0.6061,0.5534,0.6212,0.5849,0.6389,0.3892,0.4928,0.5566,0.5954,0.5147,0.7945,M50,MC,MA,Loxton Waikerie
407031163,Loxton Surrounds,SA,Outer regional,3,2024,South Australia - South East,Rest of SA,0.4285,0.5942,0.5660,0.7963,0.4917,0.2559,0.4893,0.1043,0.6220,0.5564,0.7321,M50,LC,MA,Loxton Waikerie
701011006,Ludmilla - The Narrows,NT,Outer regional,3,2024,Darwin,Greater Darwin,0.3456,0.3960,0.3896,0.4531,0.4729,0.0795,0.5252,0.5772,0.4789,0.3671,0.4480,L25,LC,LA,Darwin
127031599,Lurnea - Cartwright,NSW,Metropolitan,1,2024,Sydney - South West,Greater Sydney,0.3460,0.3412,0.3507,0.2352,0.5718,0.3166,0.4817,0.6363,0.5829,0.0854,0.2023,L25,LC,LA,Liverpool
212031306,Lynbrook - Lyndhurst,VIC,Metropolitan,1,2024,Melbourne - South East,Greater Melbourne,0.6404,0.4108,0.5373,0.4385,0.6505,0.7541,0.4411,0.7825,0.5615,0.2717,0.4252,M50,MC,LA,Casey
405011112,Lyndoch,SA,Metropolitan,1,2024,Barossa - Yorke - Mid North,Rest of SA,0.8084,0.6869,0.8300,0.8566,0.8083,0.5312,0.4942,0.6485,0.7419,0.5529,0.7929,H75,HC,HA,Barossa
801051057,Lyneham,ACT,Metropolitan,1,2024,Australian Capital Territory,Australian Capital Territory,0.4746,0.7348,0.6870,0.4299,0.4999,0.3744,0.2655,0.5987,0.8392,0.4862,0.7726,M50,MC,HA,Unincorporated ACT
801091105,Lyons (ACT),ACT,Metropolitan,1,2024,Australian Capital Territory,Australian Capital Territory,0.3819,0.4951,0.4753,0.4705,0.5159,0.0873,0.2783,0.5987,0.5117,0.5224,0.7912,L25,LC,MA,Unincorporated ACT
701021021,Lyons (NT),NT,Outer regional,3,2024,Darwin,Greater Darwin,0.2699,0.3764,0.3462,0.5802,0.3424,0.0201,0.5353,0.5772,0.3863,0.4602,0.2747,L25,LC,LA,Darwin
211011255,Lysterfield,VIC,Metropolitan,1,2024,Melbourne - Outer East,Greater Melbourne,0.8872,0.7676,0.9372,0.7792,0.8323,0.7876,0.5442,0.7416,0.7187,0.7514,0.6097,H75,HC,HA,Yarra Ranges; Knox
801071083,Macarthur,ACT,Metropolitan,1,2024,Australian Capital Territory,Australian Capital Territory,0.5313,0.8564,0.8004,0.9519,0.5899,0.2383,0.2436,0.5987,0.7253,0.9151,0.7410,H75,MC,HA,Unincorporated ACT
210021233,Macedon,VIC,Inner regional,2,2024,Melbourne - North West,Greater Melbourne,0.7157,0.7661,0.8321,0.9369,0.8967,0.1515,0.4516,0.7498,0.7048,0.7704,0.7364,H75,HC,HA,Macedon Ranges
801011019,Macgregor (ACT),ACT,Metropolitan,1,2024,Australian Capital Territory,Australian Capital Territory,0.4052,0.7277,0.6512,0.5579,0.4979,0.1440,0.2672,0.5987,0.7695,0.5898,0.7250,M50,LC,HA,Unincorporated ACT
303031061,Macgregor (Qld),QLD,Metropolitan,1,2024,Brisbane - South,Greater Brisbane,0.5274,0.6172,0.6277,0.3067,0.7509,0.3786,0.4360,0.6180,0.7187,0.4490,0.5352,M50,MC,MA,Brisbane
312021346,Mackay,QLD,Inner regional,2,2024,Mackay,Rest of Qld,0.5018,0.3909,0.4540,0.3796,0.6041,0.3699,0.4329,0.5966,0.5486,0.2496,0.5201,L25,MC,LA,Mackay
312021347,Mackay Harbour,QLD,Inner regional,2,2024,Mackay,Rest of Qld,0.6460,0.4628,0.5774,0.7988,0.6928,0.5704,0.4297,0.5966,0.5001,0.4734,0.5148,M50,MC,LA,Mackay
108021157,Macksville - Scotts Head,NSW,Inner regional,2,2024,Mid North Coast,Rest of NSW,0.5899,0.4661,0.5506,0.4569,0.6168,0.5932,0.6032,0.5538,0.4941,0.4891,0.5499,M50,MC,LA,Nambucca Valley
104011082,Maclean - Yamba - Iluka,NSW,Inner regional,2,2024,Coffs Harbour - Grafton,Rest of NSW,0.5311,0.5285,0.5661,0.5335,0.7280,0.5453,0.6198,0.1364,0.5195,0.5783,0.5472,M50,MC,MA,Clarence Valley; Richmond Valley
801011020,Macquarie,ACT,Metropolitan,1,2024,Australian Capital Territory,Australian Capital Territory,0.4483,0.5217,0.5230,0.4690,0.5637,0.2089,0.2699,0.5987,0.5988,0.4448,0.7931,M50,LC,MA,Unincorporated ACT
123021706,Macquarie Fields,NSW,Metropolitan,1,2024,Sydney - Outer South West,Greater Sydney,0.5369,0.4424,0.5075,0.3492,0.6460,0.6599,0.5620,0.6592,0.5593,0.3419,0.3178,L25,MC,LA,Campbelltown (NSW)
126021500,Macquarie Park - Marsfield,NSW,Metropolitan,1,2024,Sydney - Ryde,Greater Sydney,0.5206,0.5583,0.5825,0.3695,0.6484,0.2448,0.4556,0.7176,0.7197,0.3252,0.5856,M50,MC,MA,Ryde
506041136,Maddington - Orange Grove - Martin,WA,Metropolitan,1,2024,Perth - South East,Greater Perth,0.3743,0.3153,0.3437,0.3384,0.7679,0.1024,0.2762,0.6982,0.4042,0.3079,0.4288,L25,LC,LA,Gosnells
505031305,Madeley - Darch,WA,Metropolitan,1,2024,Perth - North West,Greater Perth,0.5612,0.3979,0.4876,0.5683,0.8879,0.2579,0.2188,0.7530,0.4380,0.4311,0.5657,L25,MC,LA,Wanneroo
205051101,Maffra,VIC,Inner regional,2,2024,Latrobe - Gippsland,Rest of Vic.,0.4376,0.6236,0.5909,0.6880,0.7057,0.1552,0.5752,0.1583,0.6259,0.6096,0.6494,M50,LC,MA,Wellington
318021483,Magnetic Island,QLD,Outer regional,3,2024,Townsville,Rest of Qld,0.4595,0.5272,0.5319,0.6188,0.6824,0.6623,0.3650,0.1974,0.6351,0.3990,0.4298,M50,LC,MA,Townsville
202011023,Maiden Gully,VIC,Inner regional,2,2024,Bendigo,Rest of Vic.,0.7981,0.7082,0.8389,0.7666,0.8049,0.6161,0.6154,0.6788,0.6384,0.7589,0.5578,H75,HC,HA,Greater Bendigo
309101269,Main Beach,QLD,Metropolitan,1,2024,Gold Coast,Rest of Qld,0.5668,0.6664,0.6820,0.6395,0.7453,0.2941,0.4101,0.6066,0.6860,0.6017,0.5680,M50,MC,HA,Gold Coast
106021114,Maitland,NSW,Metropolitan,1,2024,Hunter Valley exc Newcastle,Rest of NSW,0.6518,0.5415,0.6367,0.5619,0.6201,0.5828,0.5671,0.6774,0.5702,0.5290,0.4980,M50,MC,MA,Maitland
106021116,Maitland - North,NSW,Metropolitan,1,2024,Hunter Valley exc Newcastle,Rest of NSW,0.7817,0.7126,0.8322,0.7508,0.7776,0.7014,0.5681,0.6774,0.6498,0.7501,0.5400,H75,HC,HA,Maitland
118021652,Malabar - La Perouse,NSW,Metropolitan,1,2024,Sydney - Eastern Suburbs,Greater Sydney,0.6416,0.5971,0.6710,0.6747,0.7557,0.3247,0.3645,0.7166,0.6900,0.4547,0.6662,M50,MC,MA,Randwick
701021022,Malak - Marrara,NT,Outer regional,3,2024,Darwin,Greater Darwin,0.4207,0.4064,0.4285,0.4503,0.7591,0.0939,0.5321,0.5772,0.4770,0.3915,0.4359,L25,LC,LA,Darwin
306051169,Malanda - Yungaburra,QLD,Outer regional,3,2024,Cairns,Rest of Qld,0.4524,0.5966,0.5783,0.7094,0.6895,0.5480,0.4588,0.0914,0.6064,0.5853,0.3901,M50,LC,MA,Tablelands
405011113,Mallala,SA,Inner regional,2,2024,Barossa - Yorke - Mid North,Rest of SA,0.6885,0.6732,0.7506,0.6170,0.6491,0.5043,0.4893,0.6420,0.8047,0.4194,0.7762,H75,HC,HA,Adelaide Plains
208041195,Malvern East,VIC,Metropolitan,1,2024,Melbourne - Inner South,Greater Melbourne,0.6550,0.6974,0.7497,0.5349,0.7675,0.1534,0.4589,0.9121,0.7096,0.6263,0.7268,H75,MC,HA,Stonnington
208041194,Malvern - Glen Iris,VIC,Metropolitan,1,2024,Melbourne - Inner South,Greater Melbourne,0.6512,0.7544,0.7884,0.5646,0.7690,0.1274,0.4609,0.9121,0.7582,0.6618,0.7261,H75,MC,HA,Stonnington
502011025,Mandurah,WA,Metropolitan,1,2024,Mandurah,Greater Perth,0.3438,0.2394,0.2771,0.2683,0.6358,0.1489,0.2594,0.6409,0.3564,0.2156,0.4882,L25,LC,LA,Mandurah
502011026,Mandurah - East,WA,Metropolitan,1,2024,Mandurah,Greater Perth,0.5317,0.4200,0.4890,0.5647,0.5868,0.6064,0.2583,0.6320,0.4488,0.4607,0.5210,L25,MC,LA,Mandurah; Murray
502011027,Mandurah - North,WA,Metropolitan,1,2024,Mandurah,Greater Perth,0.5548,0.3916,0.4799,0.5468,0.6478,0.6968,0.2583,0.6409,0.3625,0.5241,0.4804,L25,MC,LA,Mandurah; Murray
502011028,Mandurah - South,WA,Metropolitan,1,2024,Mandurah,Greater Perth,0.4918,0.3550,0.4237,0.2982,0.6471,0.6649,0.2594,0.6409,0.4057,0.3885,0.4969,L25,MC,LA,Mandurah
314021578,Mango Hill,QLD,Metropolitan,1,2024,Moreton Bay - South,Greater Brisbane,0.4998,0.4181,0.4725,0.4295,0.5571,0.5736,0.3573,0.6039,0.4614,0.4386,0.4406,L25,MC,LA,Moreton Bay
501031019,Manjimup,WA,Outer regional,3,2024,Bunbury,Rest of WA,0.3045,0.4598,0.4189,0.5635,0.6225,0.1108,0.2526,0.1363,0.4579,0.5288,0.7284,L25,LC,LA,Manjimup
122011419,Manly - Fairlight,NSW,Metropolitan,1,2024,Sydney - Northern Beaches,Greater Sydney,0.6146,0.7904,0.7948,0.5899,0.5999,0.4029,0.3805,0.7198,0.7369,0.7675,0.6672,H75,MC,HA,Northern Beaches
301031015,Manly - Lota,QLD,Metropolitan,1,2024,Brisbane - East,Greater Brisbane,0.6788,0.7181,0.7774,0.6555,0.8654,0.3944,0.3664,0.6180,0.7339,0.6288,0.7365,H75,HC,HA,Brisbane
122031430,Manly Vale - Allambie Heights,NSW,Metropolitan,1,2024,Sydney - Northern Beaches,Greater Sydney,0.7371,0.7260,0.8157,0.6374,0.7357,0.5740,0.3986,0.7198,0.7084,0.6852,0.6966,H75,HC,HA,Northern Beaches
301031016,Manly West,QLD,Metropolitan,1,2024,Brisbane - East,Greater Brisbane,0.6495,0.6331,0.7009,0.6302,0.8161,0.4073,0.3666,0.6180,0.6513,0.5895,0.6930,M50,MC,MA,Brisbane
506071146,Manning - Waterford,WA,Metropolitan,1,2024,Perth - South East,Greater Perth,0.7002,0.4898,0.6262,0.5752,0.7871,0.6072,0.2914,0.7950,0.5244,0.4928,0.5723,M50,HC,MA,South Perth
407031164,Mannum,SA,Inner regional,2,2024,South Australia - South East,Rest of SA,0.5011,0.5694,0.5811,0.6392,0.5866,0.4370,0.4828,0.1257,0.6214,0.5070,0.8097,M50,MC,MA,Karoonda East Murray; Mid Murray
306021151,Manoora,QLD,Outer regional,3,2024,Cairns,Rest of Qld,0.3681,0.4465,0.4349,0.2209,0.4105,0.7041,0.4725,0.5949,0.6717,0.1676,0.2224,L25,LC,LA,Cairns
213051579,Manor Lakes - Quandong,VIC,Metropolitan,1,2024,Melbourne - West,Greater Melbourne,0.4394,0.5282,0.5236,0.4029,0.5454,0.2070,0.4748,0.8025,0.6666,0.3502,0.3401,M50,LC,MA,Wyndham
303031062,Mansfield (Qld),QLD,Metropolitan,1,2024,Brisbane - South,Greater Brisbane,0.6423,0.6158,0.6847,0.4997,0.8228,0.3894,0.4346,0.6180,0.6928,0.4885,0.7014,M50,MC,MA,Brisbane
204011057,Mansfield (Vic.),VIC,Inner regional,2,2024,Hume,Rest of Vic.,0.6119,0.5835,0.6456,0.7597,0.7862,0.4842,0.5748,0.1490,0.6009,0.5672,0.6931,M50,MC,MA,Benalla; Mansfield; Murrindindi; Unincorporated Vic
306021152,Manunda,QLD,Outer regional,3,2024,Cairns,Rest of Qld,0.4455,0.3998,0.4347,0.2645,0.6404,0.6321,0.4730,0.5949,0.6130,0.1648,0.2810,L25,LC,LA,Cairns
505031104,Marangaroo,WA,Metropolitan,1,2024,Perth - North West,Greater Perth,0.4762,0.4025,0.4504,0.3944,0.7172,0.2541,0.2199,0.7530,0.5122,0.3306,0.5780,L25,MC,LA,Wanneroo
316031426,Marcoola - Mudjimba,QLD,Metropolitan,1,2024,Sunshine Coast,Rest of Qld,0.6594,0.5930,0.6776,0.5998,0.7418,0.5497,0.4328,0.5994,0.6310,0.5402,0.6249,M50,MC,MA,Sunshine Coast
306051170,Mareeba,QLD,Outer regional,3,2024,Cairns,Rest of Qld,0.4568,0.4932,0.5064,0.4661,0.5913,0.4206,0.4614,0.5365,0.5705,0.4299,0.3523,L25,LC,MA,Mareeba
501011004,Margaret River,WA,Inner regional,2,2024,Bunbury,Rest of WA,0.6150,0.5075,0.5930,0.6025,0.7259,0.5944,0.2542,0.6682,0.5561,0.4812,0.6054,M50,MC,MA,Augusta Margaret River
601041024,Margate - Snug,TAS,Inner regional,2,2024,Hobart,Greater Hobart,0.6865,0.7001,0.7688,0.7553,0.7969,0.4215,0.7346,0.4110,0.7028,0.6428,0.7144,H75,HC,HA,Huon Valley; Kingborough
313051378,Margate - Woody Point,QLD,Metropolitan,1,2024,Moreton Bay - North,Greater Brisbane,0.4934,0.3905,0.4498,0.4894,0.6254,0.2234,0.4340,0.6039,0.5169,0.2981,0.6355,L25,MC,LA,Moreton Bay
213031349,Maribyrnong,VIC,Metropolitan,1,2024,Melbourne - West,Greater Melbourne,0.5228,0.5205,0.5565,0.4884,0.7194,0.1066,0.5111,0.8025,0.6501,0.3610,0.4983,M50,MC,MA,Maribyrnong
403021060,Marino - Seaview Downs,SA,Metropolitan,1,2024,Adelaide - South,Greater Adelaide,0.6759,0.6966,0.7604,0.6555,0.8108,0.2699,0.5142,0.6984,0.7208,0.6068,0.6782,H75,HC,HA,Marion; Holdfast Bay
316031427,Maroochydore - Kuluin,QLD,Metropolitan,1,2024,Sunshine Coast,Rest of Qld,0.5845,0.5702,0.6222,0.4357,0.6957,0.4164,0.4353,0.5994,0.6169,0.5158,0.6435,M50,MC,MA,Sunshine Coast
316061443,Maroochy Hinterland,QLD,Inner regional,2,2024,Sunshine Coast,Rest of Qld,0.7073,0.6839,0.7687,0.7370,0.8183,0.5705,0.4156,0.5994,0.6559,0.6838,0.6268,H75,HC,HA,Sunshine Coast
118021566,Maroubra - North,NSW,Metropolitan,1,2024,Sydney - Eastern Suburbs,Greater Sydney,0.5471,0.6260,0.6436,0.5464,0.7444,0.1865,0.3588,0.7166,0.6654,0.5530,0.6529,M50,MC,MA,Randwick
118021567,Maroubra - South,NSW,Metropolitan,1,2024,Sydney - Eastern Suburbs,Greater Sydney,0.4699,0.5577,0.5584,0.4544,0.6562,0.1042,0.3625,0.7166,0.7241,0.3165,0.6840,M50,LC,MA,Randwick
118021568,Maroubra - West,NSW,Metropolitan,1,2024,Sydney - Eastern Suburbs,Greater Sydney,0.5352,0.5054,0.5516,0.4642,0.7448,0.2149,0.3625,0.7166,0.5977,0.4128,0.5915,M50,MC,MA,Randwick
117021636,Marrickville - North,NSW,Metropolitan,1,2024,Sydney - City and Inner South,Greater Sydney,0.7612,0.6526,0.7773,0.4942,0.7226,0.5285,0.5779,0.7266,0.7470,0.4749,0.7484,H75,HC,HA,Inner West
117021637,Marrickville - South,NSW,Metropolitan,1,2024,Sydney - City and Inner South,Greater Sydney,0.7155,0.6400,0.7420,0.4204,0.7045,0.5107,0.5763,0.7266,0.7287,0.4792,0.7204,H75,HC,MA,Inner West
311031317,Marsden,QLD,Metropolitan,1,2024,Logan - Beaudesert,Greater Brisbane,0.3356,0.3621,0.3614,0.1544,0.4644,0.5357,0.4114,0.5997,0.5289,0.2190,0.2815,L25,LC,LA,Logan
116021629,Marsden Park - Shanes Park,NSW,Metropolitan,1,2024,Sydney - Blacktown,Greater Sydney,0.4806,0.3957,0.4476,0.5528,0.5920,0.6178,0.4923,0.7082,0.6732,0.0518,0.0756,L25,MC,LA,Blacktown
319051524,Maryborough (Qld),QLD,Inner regional,2,2024,Wide Bay,Rest of Qld,0.4711,0.3585,0.4167,0.3312,0.7041,0.3004,0.4382,0.5520,0.4046,0.3975,0.5298,L25,LC,LA,Fraser Coast
201031017,Maryborough Surrounds,VIC,Inner regional,2,2024,Ballarat,Rest of Vic.,0.5336,0.5383,0.5744,0.6059,0.6453,0.2176,0.4842,0.5822,0.6102,0.4611,0.6980,M50,MC,MA,Loddon; Mount Alexander; Central Goldfields
319051525,Maryborough Surrounds - South,QLD,Inner regional,2,2024,Wide Bay,Rest of Qld,0.3594,0.4300,0.4195,0.5524,0.6495,0.2918,0.4346,0.1015,0.4895,0.4218,0.4286,L25,LC,LA,Fraser Coast; Gympie
201031016,Maryborough (Vic.),VIC,Inner regional,2,2024,Ballarat,Rest of Vic.,0.4389,0.4631,0.4770,0.3286,0.6393,0.1551,0.4931,0.5822,0.5232,0.4398,0.6914,L25,LC,LA,Central Goldfields
111031226,Maryland - Fletcher - Minmi,NSW,Metropolitan,1,2024,Newcastle and Lake Macquarie,Rest of NSW,0.7009,0.6551,0.7446,0.5450,0.6440,0.7040,0.6212,0.7098,0.6946,0.5653,0.4991,H75,HC,HA,Newcastle; Lake Macquarie
117011635,Mascot,NSW,Metropolitan,1,2024,Sydney - City and Inner South,Greater Sydney,0.5248,0.5266,0.5617,0.4382,0.5815,0.4242,0.5657,0.6846,0.6619,0.3545,0.3587,M50,MC,MA,Bayside (NSW)
118021653,Matraville - Chifley,NSW,Metropolitan,1,2024,Sydney - Eastern Suburbs,Greater Sydney,0.5738,0.6101,0.6453,0.5425,0.7722,0.2285,0.3645,0.7166,0.7037,0.4591,0.6359,M50,MC,MA,Randwick
801091106,Mawson,ACT,Metropolitan,1,2024,Australian Capital Territory,Australian Capital Territory,0.4732,0.6884,0.6532,0.5283,0.5927,0.2156,0.2783,0.5987,0.7003,0.6232,0.7971,M50,LC,HA,Unincorporated ACT
402041171,Mawson Lakes - Globe Derby Park,SA,Metropolitan,1,2024,Adelaide - North,Greater Adelaide,0.6107,0.6020,0.6582,0.4454,0.6829,0.6749,0.5064,0.6485,0.7199,0.4158,0.4345,M50,MC,MA,Salisbury
111031227,Mayfield - Warabrook,NSW,Metropolitan,1,2024,Newcastle and Lake Macquarie,Rest of NSW,0.7673,0.6027,0.7452,0.4811,0.7266,0.6742,0.6375,0.7098,0.6990,0.4516,0.6432,H75,HC,MA,Newcastle
504011046,Maylands,WA,Metropolitan,1,2024,Perth - North East,Greater Perth,0.4460,0.3965,0.4325,0.4975,0.6519,0.1454,0.2203,0.7201,0.4639,0.3902,0.6963,L25,LC,LA,Bayswater
302011026,McDowall,QLD,Metropolitan,1,2024,Brisbane - North,Greater Brisbane,0.7337,0.6559,0.7637,0.6524,0.7677,0.7486,0.4439,0.6180,0.5955,0.7202,0.6533,H75,HC,HA,Brisbane
509011233,McKail - Willyung,WA,Outer regional,3,2024,Western Australia - Wheat Belt,Rest of WA,0.5657,0.4670,0.5391,0.5298,0.7236,0.6264,0.2713,0.6042,0.5103,0.4670,0.5316,M50,MC,LA,Albany
801011021,McKellar,ACT,Metropolitan,1,2024,Australian Capital Territory,Australian Capital Territory,0.5111,0.7232,0.6957,0.6467,0.6587,0.2430,0.2688,0.5987,0.7538,0.6066,0.7503,M50,MC,HA,Unincorporated ACT
403041083,McLaren Vale,SA,Metropolitan,1,2024,Adelaide - South,Greater Adelaide,0.7607,0.6914,0.8047,0.7633,0.8229,0.4792,0.5062,0.6754,0.6863,0.6514,0.6234,H75,HC,HA,Onkaparinga
210051247,Meadow Heights,VIC,Metropolitan,1,2024,Melbourne - North West,Greater Melbourne,0.4537,0.4614,0.4823,0.2016,0.5976,0.5981,0.4451,0.7024,0.6159,0.2921,0.3423,L25,LC,LA,Hume
511041290,Meekatharra,WA,Very remote,5,2024,,Rest of WA,0.2174,0.3276,0.2922,0.5454,0.2891,0.3863,0.2501,0.1037,0.3775,0.3717,0.2803,L25,LC,LA,Mount Magnet; Cue; Murchison; Yalgoo; Meekatharra; Wiluna; Sandstone
801011022,Melba,ACT,Metropolitan,1,2024,Australian Capital Territory,Australian Capital Territory,0.4958,0.8041,0.7463,0.6206,0.5464,0.2332,0.2680,0.5987,0.7934,0.7030,0.8492,H75,MC,HA,Unincorporated ACT
206041503,Melbourne CBD - East,VIC,Metropolitan,1,2024,Melbourne - Inner,Greater Melbourne,0.5313,0.8182,0.7732,0.3715,0.5713,0.1330,0.6108,1.0000,0.9483,0.4620,0.4600,H75,MC,HA,Melbourne
206041504,Melbourne CBD - North,VIC,Metropolitan,1,2024,Melbourne - Inner,Greater Melbourne,0.4327,0.7543,0.6821,0.2077,0.3550,0.1962,0.6039,1.0000,0.9060,0.4076,0.3685,M50,LC,HA,Melbourne
206041505,Melbourne CBD - West,VIC,Metropolitan,1,2024,Melbourne - Inner,Greater Melbourne,0.4923,0.8520,0.7788,0.3360,0.4733,0.1705,0.6011,1.0000,1.0000,0.4350,0.3912,H75,MC,HA,Melbourne
213041577,Melton,VIC,Metropolitan,1,2024,Melbourne - West,Greater Melbourne,0.4753,0.5112,0.5276,0.2358,0.7507,0.1921,0.4746,0.7731,0.6307,0.3727,0.5137,M50,MC,MA,Melton
213041578,Melton South - Weir Views,VIC,Metropolitan,1,2024,Melbourne - West,Greater Melbourne,0.4077,0.5362,0.5156,0.2663,0.5406,0.2001,0.4713,0.7731,0.6762,0.3513,0.3991,L25,LC,MA,Melton
213041358,Melton West,VIC,Metropolitan,1,2024,Melbourne - West,Greater Melbourne,0.6160,0.5025,0.5900,0.3623,0.6611,0.6922,0.4746,0.7731,0.6256,0.3629,0.4276,M50,MC,MA,Melton
507041181,Melville,WA,Metropolitan,1,2024,Perth - South West,Greater Perth,0.5522,0.5834,0.6156,0.6561,0.8556,0.1298,0.2788,0.7560,0.4980,0.7191,0.6231,M50,MC,MA,Melville
128021535,Menai - Lucas Heights - Woronora,NSW,Metropolitan,1,2024,Sydney - Sutherland,Greater Sydney,0.8050,0.6626,0.8106,0.7738,0.9148,0.6301,0.3613,0.7151,0.5592,0.7871,0.6422,H75,HC,HA,Sutherland
208031190,Mentone,VIC,Metropolitan,1,2024,Melbourne - Inner South,Greater Melbourne,0.5224,0.6389,0.6408,0.5467,0.7633,0.1802,0.4287,0.5593,0.7037,0.5179,0.7309,M50,MC,MA,Kingston (Vic.)
215021396,Merbein,VIC,Outer regional,3,2024,North West,Rest of Vic.,0.5126,0.6549,0.6476,0.6327,0.7260,0.1581,0.5868,0.6091,0.7145,0.5330,0.4841,M50,MC,HA,Mildura
111031228,Merewether - The Junction,NSW,Metropolitan,1,2024,Newcastle and Lake Macquarie,Rest of NSW,0.8049,0.8054,0.9125,0.6820,0.7498,0.5427,0.6212,0.7098,0.7303,0.8074,0.6825,H75,HC,HA,Newcastle
316021581,Meridan Plains - Little Mountain (North),QLD,Metropolitan,1,2024,Sunshine Coast,Rest of Qld,0.6352,0.5942,0.6656,0.4608,0.6719,0.6913,0.4397,0.5994,0.5635,0.6453,0.6515,M50,MC,MA,Sunshine Coast
101041025,Merimbula - Tura Beach,NSW,Outer regional,3,2024,Capital Region,Rest of NSW,0.5797,0.5999,0.6410,0.6016,0.7495,0.5468,0.6119,0.2719,0.5924,0.6133,0.5615,M50,MC,MA,Bega Valley
309011227,Mermaid Beach - Broadbeach,QLD,Metropolitan,1,2024,Gold Coast,Rest of Qld,0.4524,0.5696,0.5590,0.4778,0.6819,0.1643,0.4016,0.6066,0.6853,0.4056,0.5260,M50,LC,MA,Gold Coast
309011228,Mermaid Waters,QLD,Metropolitan,1,2024,Gold Coast,Rest of Qld,0.5871,0.6048,0.6482,0.5043,0.7330,0.4174,0.4016,0.6066,0.6739,0.4963,0.5661,M50,MC,MA,Gold Coast
209041531,Mernda - North,VIC,Metropolitan,1,2024,Melbourne - North East,Greater Melbourne,0.6141,0.5175,0.5997,0.4442,0.5453,0.7233,0.5259,0.7337,0.6653,0.3300,0.4550,M50,MC,MA,Whittlesea
209041532,Mernda - South,VIC,Metropolitan,1,2024,Melbourne - North East,Greater Melbourne,0.5315,0.5721,0.5975,0.4624,0.5097,0.4560,0.5259,0.7337,0.7367,0.3255,0.3694,M50,MC,MA,Whittlesea
509021240,Merredin,WA,Outer regional,3,2024,Western Australia - Wheat Belt,Rest of WA,0.2981,0.4328,0.3971,0.7320,0.5459,0.0701,0.2633,0.1179,0.5161,0.3878,0.7000,L25,LC,LA,Merredin; Narembeen; Bruce Rock
309081260,Merrimac,QLD,Metropolitan,1,2024,Gold Coast,Rest of Qld,0.6155,0.4658,0.5635,0.4279,0.6382,0.8750,0.4130,0.6066,0.5884,0.3451,0.5355,M50,MC,LA,Gold Coast
125031714,Merrylands - Holroyd,NSW,Metropolitan,1,2024,Sydney - Parramatta,Greater Sydney,0.4515,0.4340,0.4618,0.3026,0.5856,0.4191,0.5315,0.6464,0.6430,0.1891,0.3181,L25,LC,LA,Cumberland
309011229,Miami,QLD,Metropolitan,1,2024,Gold Coast,Rest of Qld,0.5755,0.6323,0.6620,0.5496,0.7449,0.3380,0.4011,0.6066,0.6966,0.5159,0.6002,M50,MC,MA,Gold Coast
604021088,Miandetta - Don,TAS,Outer regional,3,2024,West and North West,Rest of Tas.,0.5992,0.4463,0.5412,0.6309,0.7988,0.3778,0.6371,0.3913,0.4840,0.4635,0.6199,M50,MC,LA,Devonport
210051445,Mickleham - Yuroke,VIC,Metropolitan,1,2024,Melbourne - North West,Greater Melbourne,0.4211,0.4945,0.4916,0.4024,0.4997,0.6387,0.4435,0.7024,0.7651,0.1083,0.1100,L25,LC,MA,Hume
304011082,Middle Park - Jamboree Heights,QLD,Metropolitan,1,2024,Brisbane - West,Greater Brisbane,0.6152,0.5449,0.6199,0.6068,0.7368,0.6339,0.2385,0.6180,0.5478,0.5697,0.6764,M50,MC,MA,Brisbane
317011452,Middle Ridge,QLD,Inner regional,2,2024,Toowoomba,Rest of Qld,0.5338,0.7392,0.7179,0.5854,0.6743,0.5157,0.4561,0.5966,0.6833,0.7510,0.3338,H75,MC,HA,Toowoomba
504031065,Middle Swan - Herne Hill,WA,Metropolitan,1,2024,Perth - North East,Greater Perth,0.6104,0.4434,0.5449,0.5206,0.8128,0.4876,0.2274,0.7227,0.5270,0.3933,0.5708,M50,MC,LA,Swan
504031066,Midland - Guildford,WA,Metropolitan,1,2024,Perth - North East,Greater Perth,0.4042,0.3182,0.3584,0.3739,0.6748,0.1345,0.2290,0.7227,0.4417,0.2588,0.5937,L25,LC,LA,Swan; Mundaring
215021469,Mildura - North,VIC,Outer regional,3,2024,North West,Rest of Vic.,0.5776,0.5682,0.6173,0.3198,0.6692,0.6915,0.5941,0.6091,0.6786,0.4137,0.4568,M50,MC,MA,Mildura
215021470,Mildura - South,VIC,Outer regional,3,2024,North West,Rest of Vic.,0.5980,0.6392,0.6784,0.3927,0.6578,0.6845,0.5928,0.6091,0.7046,0.5171,0.4566,M50,MC,MA,Mildura
215021398,Mildura Surrounds,VIC,Outer regional,3,2024,North West,Rest of Vic.,0.4221,0.6445,0.5992,0.7216,0.5460,0.2823,0.5804,0.1358,0.7019,0.5322,0.5580,M50,LC,MA,Mildura
307011175,Miles - Wandoan,QLD,Outer regional,3,2024,Darling Downs - Maranoa,Rest of Qld,0.3360,0.4469,0.4221,0.6463,0.4460,0.5199,0.3867,0.1116,0.5129,0.4218,0.3131,L25,LC,LA,Maranoa; Western Downs
319011500,Millbank - Avoca,QLD,Inner regional,2,2024,Wide Bay,Rest of Qld,0.5239,0.4717,0.5222,0.2864,0.6750,0.6145,0.4411,0.5580,0.4837,0.5157,0.5512,M50,MC,LA,Bundaberg
407021152,Millicent,SA,Outer regional,3,2024,South Australia - South East,Rest of SA,0.5142,0.5281,0.5578,0.4897,0.6657,0.3483,0.5036,0.3298,0.6061,0.4467,0.8331,M50,MC,MA,Wattle Range
307021181,Millmerran,QLD,Inner regional,2,2024,Darling Downs - Maranoa,Rest of Qld,0.2939,0.4834,0.4317,0.5373,0.4428,0.3548,0.3626,0.1283,0.5179,0.4894,0.3599,L25,LC,MA,Toowoomba
701021023,Millner,NT,Outer regional,3,2024,Darwin,Greater Darwin,0.3532,0.4155,0.4066,0.3807,0.5229,0.1096,0.5321,0.5772,0.5182,0.3487,0.4186,L25,LC,LA,Darwin
209041220,Mill Park - North,VIC,Metropolitan,1,2024,Melbourne - North East,Greater Melbourne,0.7883,0.4838,0.6728,0.4983,0.8147,0.7849,0.5326,0.7337,0.5895,0.3811,0.5571,M50,HC,MA,Whittlesea
209041221,Mill Park - South,VIC,Metropolitan,1,2024,Melbourne - North East,Greater Melbourne,0.7222,0.4825,0.6333,0.4965,0.7694,0.5251,0.5337,0.7337,0.6256,0.3210,0.5341,M50,HC,MA,Whittlesea
505031105,Mindarie - Quinns Rocks - Jindalee,WA,Metropolitan,1,2024,Perth - North West,Greater Perth,0.6427,0.5434,0.6332,0.6214,0.7537,0.6702,0.2188,0.7530,0.4998,0.6368,0.5392,M50,MC,MA,Wanneroo
123021443,Minto - St Andrews,NSW,Metropolitan,1,2024,Sydney - Outer South West,Greater Sydney,0.5610,0.4890,0.5525,0.4411,0.6987,0.5843,0.5660,0.6592,0.6397,0.3119,0.3006,M50,MC,MA,Campbelltown (NSW)
128011530,Miranda - Yowie Bay,NSW,Metropolitan,1,2024,Sydney - Sutherland,Greater Sydney,0.6745,0.5795,0.6761,0.5396,0.7941,0.4286,0.3947,0.7151,0.6125,0.5415,0.6032,M50,HC,MA,Sutherland
403031069,Mitcham (SA),SA,Metropolitan,1,2024,Adelaide - South,Greater Adelaide,0.7434,0.7718,0.8521,0.6441,0.8164,0.2630,0.5339,0.7787,0.7335,0.7363,0.7790,H75,HC,HA,Mitcham
211041270,Mitcham (Vic.),VIC,Metropolitan,1,2024,Melbourne - Outer East,Greater Melbourne,0.6653,0.6262,0.7044,0.5437,0.8221,0.1616,0.5527,0.7554,0.6880,0.5175,0.7617,M50,HC,MA,Whitehorse
403021061,Mitchell Park,SA,Metropolitan,1,2024,Adelaide - South,Greater Adelaide,0.6162,0.4634,0.5622,0.3672,0.6641,0.4226,0.5147,0.7033,0.6133,0.3008,0.6386,M50,MC,LA,Marion
304041101,Mitchelton,QLD,Metropolitan,1,2024,Brisbane - West,Greater Brisbane,0.5583,0.5879,0.6218,0.5923,0.7415,0.3377,0.2432,0.6180,0.5982,0.5802,0.7751,M50,MC,MA,Brisbane; Moreton Bay
114021286,Mittagong,NSW,Inner regional,2,2024,Southern Highlands and Shoalhaven,Rest of NSW,0.7412,0.6853,0.7891,0.5661,0.7624,0.6268,0.6102,0.6343,0.6588,0.6823,0.6159,H75,HC,HA,Wingecarribee
109031184,Moama,NSW,Inner regional,2,2024,Murray,Rest of NSW,0.6745,0.5475,0.6532,0.6687,0.7293,0.6005,0.4992,0.5667,0.5794,0.5273,0.5969,M50,HC,MA,Murray River
402051053,Modbury Heights,SA,Metropolitan,1,2024,Adelaide - North,Greater Adelaide,0.7750,0.4888,0.6684,0.6373,0.7607,0.5074,0.5225,0.7008,0.5159,0.5032,0.7359,M50,HC,MA,Tea Tree Gully
205041095,Moe - Newborough,VIC,Inner regional,2,2024,Latrobe - Gippsland,Rest of Vic.,0.4615,0.5550,0.5527,0.3571,0.6778,0.1989,0.5728,0.5918,0.6634,0.4112,0.5172,M50,LC,MA,Latrobe (Vic.); Baw Baw
316021422,Moffat Beach - Battery Hill,QLD,Metropolitan,1,2024,Sunshine Coast,Rest of Qld,0.5739,0.6252,0.6562,0.5902,0.7199,0.2546,0.4407,0.5994,0.6100,0.6373,0.7371,M50,MC,MA,Sunshine Coast
701021024,Moil,NT,Outer regional,3,2024,Darwin,Greater Darwin,0.3933,0.4136,0.4218,0.4241,0.6300,0.1086,0.5337,0.5772,0.4431,0.4558,0.4405,L25,LC,LA,Darwin
216021412,Moira,VIC,Inner regional,2,2024,Shepparton,Rest of Vic.,0.4816,0.6308,0.6160,0.7951,0.4856,0.1329,0.5256,0.6137,0.6151,0.6408,0.6082,M50,MC,MA,Moira
309091264,Molendinar,QLD,Metropolitan,1,2024,Gold Coast,Rest of Qld,0.6631,0.6472,0.7182,0.4338,0.7793,0.8695,0.4152,0.6066,0.7389,0.4772,0.5539,H75,HC,HA,Gold Coast
801071084,Monash,ACT,Metropolitan,1,2024,Australian Capital Territory,Australian Capital Territory,0.4321,0.6855,0.6328,0.5156,0.6051,0.1403,0.2440,0.5987,0.6857,0.6405,0.8350,M50,LC,HA,Unincorporated ACT
122021690,Mona Vale - Warriewood (North),NSW,Metropolitan,1,2024,Sydney - Northern Beaches,Greater Sydney,0.7965,0.7438,0.8634,0.6725,0.8901,0.5728,0.3956,0.7198,0.6918,0.7469,0.6869,H75,HC,HA,Northern Beaches
211051279,Monbulk - Silvan,VIC,Metropolitan,1,2024,Melbourne - Outer East,Greater Melbourne,0.7185,0.7083,0.7925,0.7807,0.7939,0.2213,0.5184,0.7498,0.7631,0.5613,0.7772,H75,HC,HA,Yarra Ranges
801041120,Moncrieff,ACT,Metropolitan,1,2024,Australian Capital Territory,Australian Capital Territory,0.3004,0.4057,0.3787,0.4893,0.4304,0.1146,0.2368,0.5987,0.6453,0.1231,0.4468,L25,LC,LA,Unincorporated ACT
119041380,Monterey - Brighton-le-Sands - Kyeemagh,NSW,Metropolitan,1,2024,Sydney - Inner South West,Greater Sydney,0.5849,0.4442,0.5324,0.4589,0.7633,0.4170,0.3970,0.6846,0.5655,0.3359,0.4461,M50,MC,LA,Bayside (NSW)
209011202,Montmorency - Briar Hill,VIC,Metropolitan,1,2024,Melbourne - North East,Greater Melbourne,0.7610,0.6838,0.7995,0.7046,0.8398,0.2673,0.5703,0.7700,0.6842,0.6395,0.7280,H75,HC,HA,Banyule
319021508,Monto - Eidsvold,QLD,Outer regional,3,2024,Wide Bay,Rest of Qld,0.3877,0.4480,0.4441,0.6048,0.4238,0.5032,0.4109,0.0716,0.5180,0.4166,0.5528,L25,LC,LA,North Burnett
211051280,Montrose,VIC,Metropolitan,1,2024,Melbourne - Outer East,Greater Melbourne,0.7530,0.7019,0.8077,0.7456,0.8285,0.2650,0.5233,0.7498,0.6803,0.6816,0.8005,H75,HC,HA,Yarra Ranges
601031018,Montrose - Rosetta,TAS,Inner regional,2,2024,Hobart,Greater Hobart,0.5717,0.5045,0.5689,0.4165,0.7514,0.4051,0.7373,0.4004,0.5469,0.4890,0.6772,M50,MC,MA,Glenorchy
316031428,Mooloolaba - Alexandra Headland,QLD,Metropolitan,1,2024,Sunshine Coast,Rest of Qld,0.6002,0.6168,0.6635,0.5439,0.7560,0.3489,0.4348,0.5994,0.6461,0.5647,0.6592,M50,MC,MA,Sunshine Coast
601031019,Moonah,TAS,Inner regional,2,2024,Hobart,Greater Hobart,0.5253,0.4621,0.5159,0.3879,0.7430,0.2901,0.7484,0.4004,0.6174,0.2912,0.7069,L25,MC,LA,Glenorchy
206031116,Moonee Ponds,VIC,Metropolitan,1,2024,Melbourne - Inner,Greater Melbourne,0.6290,0.6127,0.6754,0.5427,0.7721,0.1171,0.5661,0.7582,0.6505,0.5494,0.7595,M50,MC,MA,Moonee Valley
405041125,Moonta,SA,Outer regional,3,2024,Barossa - Yorke - Mid North,Rest of SA,0.5717,0.3787,0.4790,0.5077,0.6607,0.4919,0.4216,0.5330,0.4339,0.3972,0.6512,L25,MC,LA,Copper Coast
509021241,Moora,WA,Outer regional,3,2024,Western Australia - Wheat Belt,Rest of WA,0.2959,0.4696,0.4226,0.7608,0.4978,0.0924,0.2611,0.1256,0.5259,0.4490,0.6714,L25,LC,LA,Victoria Plains; Dalwallinu; Moora
208031191,Moorabbin - Heatherton,VIC,Metropolitan,1,2024,Melbourne - Inner South,Greater Melbourne,0.5997,0.6526,0.6888,0.5434,0.8709,0.2913,0.4322,0.5593,0.7737,0.4299,0.6986,M50,MC,HA,Kingston (Vic.)
303041068,Moorooka,QLD,Metropolitan,1,2024,Brisbane - South,Greater Brisbane,0.5758,0.5975,0.6373,0.5348,0.6703,0.2979,0.4402,0.6180,0.7042,0.4324,0.7380,M50,MC,MA,Brisbane
211051281,Mooroolbark,VIC,Metropolitan,1,2024,Melbourne - Outer East,Greater Melbourne,0.6454,0.6294,0.6961,0.5919,0.7737,0.1621,0.5249,0.7498,0.6768,0.5418,0.7488,M50,MC,MA,Yarra Ranges
216031415,Mooroopna,VIC,Inner regional,2,2024,Shepparton,Rest of Vic.,0.6487,0.5692,0.6548,0.3832,0.6639,0.5628,0.5681,0.6538,0.6469,0.4667,0.6488,M50,MC,MA,Greater Shepparton
312011341,Moranbah,QLD,Outer regional,3,2024,Mackay,Rest of Qld,0.3902,0.4779,0.4665,0.6498,0.3789,0.6865,0.4223,0.1288,0.5001,0.5044,0.4139,L25,LC,MA,Isaac
511041291,Morawa,WA,Outer regional,3,2024,,Rest of WA,0.2783,0.3963,0.3636,0.8626,0.4576,0.0834,0.2958,0.1091,0.4348,0.4323,0.5351,L25,LC,LA,Three Springs; Coorow; Perenjori; Carnamah; Morawa; Mingenew
313041374,Morayfield,QLD,Metropolitan,1,2024,Moreton Bay - North,Greater Brisbane,0.5103,0.5849,0.5965,0.6006,0.7895,0.1900,0.4232,0.6039,0.5220,0.6876,0.5106,M50,MC,MA,Moreton Bay
313021368,Morayfield - East,QLD,Metropolitan,1,2024,Moreton Bay - North,Greater Brisbane,0.3955,0.3835,0.4013,0.3550,0.5876,0.1727,0.4307,0.6039,0.4897,0.3248,0.4471,L25,LC,LA,Moreton Bay
208031193,Mordialloc - Parkdale,VIC,Metropolitan,1,2024,Melbourne - Inner South,Greater Melbourne,0.5630,0.6889,0.6963,0.6106,0.8696,0.1568,0.4263,0.5593,0.7250,0.5844,0.7486,M50,MC,HA,Kingston (Vic.)
110031195,Moree,NSW,Outer regional,3,2024,New England and North West,Rest of NSW,0.5085,0.5491,0.5701,0.5650,0.7396,0.3521,0.5899,0.5595,0.6130,0.4788,0.3078,M50,MC,MA,Moree Plains
110031196,Moree Surrounds,NSW,Outer regional,3,2024,New England and North West,Rest of NSW,0.3957,0.6003,0.5562,0.7927,0.4427,0.4813,0.5714,0.1043,0.6564,0.5151,0.3327,M50,LC,MA,Moree Plains; Gwydir
111021218,Morisset - Cooranbong,NSW,Metropolitan,1,2024,Newcastle and Lake Macquarie,Rest of NSW,0.7145,0.6031,0.7151,0.4999,0.7094,0.6310,0.5935,0.6548,0.5817,0.6359,0.6344,H75,HC,MA,Lake Macquarie
504011047,Morley,WA,Metropolitan,1,2024,Perth - North East,Greater Perth,0.4312,0.3688,0.4062,0.4494,0.7920,0.1393,0.2184,0.7201,0.4572,0.3425,0.5095,L25,LC,LA,Bayswater
305021117,Morningside - Seven Hills,QLD,Metropolitan,1,2024,Brisbane Inner City,Greater Brisbane,0.6161,0.6685,0.7086,0.5655,0.7245,0.3592,0.4521,0.6180,0.7576,0.4895,0.6714,M50,MC,HA,Brisbane
214021591,Mornington - East,VIC,Metropolitan,1,2024,Mornington Peninsula,Greater Melbourne,0.6384,0.5820,0.6585,0.5308,0.8109,0.1807,0.5499,0.7001,0.5959,0.5720,0.7721,M50,MC,MA,Mornington Peninsula
601021009,Mornington - Warrane,TAS,Inner regional,2,2024,Hobart,Greater Hobart,0.5478,0.3778,0.4667,0.3318,0.6461,0.4293,0.8384,0.4082,0.5212,0.2648,0.7319,L25,MC,LA,Clarence
214021592,Mornington - West,VIC,Metropolitan,1,2024,Mornington Peninsula,Greater Melbourne,0.6201,0.5524,0.6278,0.4882,0.8016,0.1673,0.5528,0.7001,0.5587,0.5685,0.7894,M50,MC,MA,Mornington Peninsula
403041084,Morphett Vale - East,SA,Metropolitan,1,2024,Adelaide - South,Greater Adelaide,0.6251,0.4218,0.5371,0.4430,0.6784,0.3766,0.5111,0.6754,0.5371,0.3329,0.6700,M50,MC,LA,Onkaparinga
403041085,Morphett Vale - West,SA,Metropolitan,1,2024,Adelaide - South,Greater Adelaide,0.6147,0.4707,0.5666,0.4056,0.6472,0.4217,0.5117,0.6754,0.6427,0.2683,0.6472,M50,MC,LA,Onkaparinga
403021062,Morphettville,SA,Metropolitan,1,2024,Adelaide - South,Greater Adelaide,0.5605,0.5551,0.5995,0.4327,0.7327,0.1911,0.5142,0.7033,0.6869,0.3730,0.6433,M50,MC,MA,Marion
119031666,Mortdale - Oatley,NSW,Metropolitan,1,2024,Sydney - Inner South West,Greater Sydney,0.6732,0.4095,0.5540,0.5543,0.7326,0.5575,0.3733,0.6727,0.5367,0.3077,0.6539,M50,HC,LA,Georges River
101041026,Moruya - Tuross Head,NSW,Inner regional,2,2024,Capital Region,Rest of NSW,0.6832,0.5945,0.6916,0.6566,0.7494,0.6372,0.6050,0.5667,0.6053,0.5828,0.5119,M50,HC,MA,Eurobodalla
205041096,Morwell,VIC,Inner regional,2,2024,Latrobe - Gippsland,Rest of Vic.,0.4320,0.4765,0.4835,0.2746,0.6955,0.2089,0.5823,0.5918,0.6054,0.3407,0.4628,L25,LC,MA,Latrobe (Vic.)
121041688,Mosman - North,NSW,Metropolitan,1,2024,Sydney - North Sydney and Hornsby,Greater Sydney,0.6878,0.8525,0.8783,0.5551,0.6516,0.4738,0.4551,0.7182,0.8296,0.7387,0.7208,H75,HC,HA,Mosman
503011034,Mosman Park - Peppermint Grove,WA,Metropolitan,1,2024,Perth - Inner,Greater Perth,0.5500,0.6140,0.6363,0.5873,0.7811,0.1033,0.3055,0.7950,0.5713,0.6730,0.7113,M50,MC,MA,Peppermint Grove; Mosman Park
121041689,Mosman - South,NSW,Metropolitan,1,2024,Sydney - North Sydney and Hornsby,Greater Sydney,0.6985,0.8122,0.8555,0.5933,0.6421,0.5012,0.4562,0.7182,0.7796,0.7417,0.7231,H75,HC,HA,Mosman
114021287,Moss Vale - Berrima,NSW,Inner regional,2,2024,Southern Highlands and Shoalhaven,Rest of NSW,0.8004,0.6812,0.8211,0.6162,0.8214,0.6298,0.6078,0.6343,0.6694,0.6575,0.6667,H75,HC,HA,Wingecarribee
701041040,Moulden,NT,Outer regional,3,2024,Darwin,Greater Darwin,0.3235,0.2652,0.2874,0.3465,0.5018,0.1487,0.4373,0.5792,0.3739,0.2454,0.3327,L25,LC,LA,Palmerston
316011415,Mountain Creek,QLD,Metropolitan,1,2024,Sunshine Coast,Rest of Qld,0.6355,0.6097,0.6767,0.5268,0.6336,0.8275,0.4355,0.5994,0.6681,0.5156,0.5596,M50,MC,MA,Sunshine Coast
123011701,Mount Annan,NSW,Metropolitan,1,2024,Sydney - Outer South West,Greater Sydney,0.7748,0.6184,0.7609,0.6389,0.7884,0.7337,0.5483,0.7161,0.5465,0.7186,0.5086,H75,HC,MA,Campbelltown (NSW); Camden
401021007,Mount Barker,SA,Metropolitan,1,2024,Adelaide - Central and Hills,Greater Adelaide,0.7646,0.6547,0.7808,0.6239,0.7534,0.3941,0.5833,0.7350,0.7461,0.4806,0.7743,H75,HC,HA,Mount Barker
401021008,Mount Barker Surrounds,SA,Metropolitan,1,2024,Adelaide - Central and Hills,Greater Adelaide,0.8085,0.7987,0.9099,0.8978,0.8209,0.3426,0.5774,0.7350,0.8331,0.6258,0.7577,H75,HC,HA,Mount Barker
205011077,Mount Baw Baw Region,VIC,Inner regional,2,2024,Latrobe - Gippsland,Rest of Vic.,0.4708,0.6616,0.6330,0.8525,0.7326,0.1383,0.5696,0.1801,0.6361,0.6701,0.6594,M50,LC,HA,Latrobe (Vic.); Baw Baw; Unincorporated Vic
211051282,Mount Dandenong - Olinda,VIC,Metropolitan,1,2024,Melbourne - Outer East,Greater Melbourne,0.7893,0.7669,0.8755,0.8306,0.9015,0.2548,0.5204,0.7498,0.7307,0.7310,0.7871,H75,HC,HA,Yarra Ranges
116031317,Mount Druitt - Whalan,NSW,Metropolitan,1,2024,Sydney - Blacktown,Greater Sydney,0.4915,0.3642,0.4301,0.2809,0.6374,0.4935,0.5252,0.7082,0.5518,0.1873,0.3227,L25,MC,LA,Blacktown
214021381,Mount Eliza,VIC,Metropolitan,1,2024,Mornington Peninsula,Greater Melbourne,0.6805,0.6377,0.7209,0.7653,0.8758,0.1358,0.5479,0.7001,0.5637,0.7315,0.7398,H75,HC,MA,Mornington Peninsula
211051283,Mount Evelyn,VIC,Metropolitan,1,2024,Melbourne - Outer East,Greater Melbourne,0.7231,0.6570,0.7585,0.7762,0.7728,0.2408,0.5249,0.7498,0.6728,0.6038,0.7858,H75,HC,HA,Yarra Ranges
407021173,Mount Gambier - East,SA,Outer regional,3,2024,South Australia - South East,Rest of SA,0.5552,0.5620,0.6018,0.5092,0.7255,0.4057,0.5022,0.5843,0.5997,0.5257,0.4378,M50,MC,MA,Mount Gambier; Grant
407021174,Mount Gambier - West,SA,Outer regional,3,2024,South Australia - South East,Rest of SA,0.5506,0.5487,0.5900,0.4851,0.7087,0.3983,0.5026,0.5843,0.5980,0.5012,0.4560,M50,MC,MA,Mount Gambier; Grant
303031063,Mount Gravatt,QLD,Metropolitan,1,2024,Brisbane - South,Greater Brisbane,0.6070,0.5882,0.6465,0.5205,0.7535,0.3316,0.4350,0.6180,0.6880,0.4396,0.7104,M50,MC,MA,Brisbane
503021038,Mount Hawthorn - Leederville,WA,Metropolitan,1,2024,Perth - Inner,Greater Perth,0.5782,0.5992,0.6398,0.6447,0.7749,0.1031,0.3127,0.8955,0.5692,0.6468,0.6484,M50,MC,MA,Vincent
111011210,Mount Hutton - Windale,NSW,Metropolitan,1,2024,Newcastle and Lake Macquarie,Rest of NSW,0.6066,0.4359,0.5376,0.3373,0.6234,0.5642,0.6158,0.6548,0.5514,0.3404,0.5856,M50,MC,LA,Lake Macquarie
315021405,Mount Isa,QLD,Remote,4,2024,Queensland - Outback,Rest of Qld,0.3895,0.3389,0.3669,0.5369,0.4865,0.4566,0.4519,0.5902,0.4319,0.3170,0.1449,L25,LC,LA,Mount Isa
315021406,Mount Isa Surrounds,QLD,Remote,4,2024,Queensland - Outback,Rest of Qld,0.3120,0.3274,0.3273,0.7066,0.4660,0.4084,0.4478,0.1097,0.4520,0.2630,0.2171,L25,LC,LA,Cloncurry; Mount Isa
702011049,Mount Johns,NT,Remote,4,2024,Northern Territory - Outback,Rest of NT,0.2752,0.3110,0.3015,0.5625,0.5507,0.0446,0.5291,0.5703,0.2818,0.4687,0.1228,L25,LC,LA,Alice Springs
503021039,Mount Lawley - Inglewood,WA,Metropolitan,1,2024,Perth - Inner,Greater Perth,0.5639,0.5864,0.6235,0.6215,0.8014,0.1082,0.3107,0.7651,0.5967,0.5796,0.7516,M50,MC,MA,Bayswater; Vincent; Stirling
318021484,Mount Louisa,QLD,Outer regional,3,2024,Townsville,Rest of Qld,0.5638,0.5646,0.6079,0.5730,0.7349,0.6981,0.4706,0.5966,0.6033,0.5255,0.2784,M50,MC,MA,Townsville
214021382,Mount Martha,VIC,Metropolitan,1,2024,Mornington Peninsula,Greater Melbourne,0.6486,0.6414,0.7063,0.7334,0.8225,0.1205,0.5470,0.7001,0.6016,0.6822,0.7492,M50,MC,MA,Mornington Peninsula
308031212,Mount Morgan,QLD,Inner regional,2,2024,Fitzroy,Rest of Qld,0.2839,0.5507,0.4759,0.3556,0.5312,0.2063,0.4542,0.1264,0.6954,0.3498,0.4881,L25,LC,MA,Rockhampton
506011115,Mount Nasura - Mount Richon - Bedfordale,WA,Metropolitan,1,2024,Perth - South East,Greater Perth,0.5480,0.4653,0.5292,0.7526,0.8164,0.6609,0.2881,0.2848,0.3702,0.6618,0.5554,M50,MC,LA,Armadale
601051029,Mount Nelson - Dynnyrne,TAS,Inner regional,2,2024,Hobart,Greater Hobart,0.6519,0.7467,0.7833,0.5182,0.7082,0.4276,0.9525,0.4194,0.7839,0.6041,0.7577,H75,MC,HA,Hobart
312021348,Mount Pleasant - Glenella,QLD,Inner regional,2,2024,Mackay,Rest of Qld,0.6659,0.5645,0.6607,0.6725,0.7701,0.6721,0.4316,0.5966,0.5749,0.5684,0.5061,M50,HC,MA,Mackay
306021153,Mount Sheridan,QLD,Outer regional,3,2024,Cairns,Rest of Qld,0.4930,0.5703,0.5780,0.5248,0.7082,0.4693,0.4675,0.5949,0.6397,0.4804,0.2446,M50,MC,MA,Cairns
311021309,Mount Warren Park,QLD,Metropolitan,1,2024,Logan - Beaudesert,Greater Brisbane,0.6148,0.4949,0.5839,0.4872,0.7861,0.7157,0.4256,0.5997,0.5444,0.4731,0.4382,M50,MC,MA,Logan
212051323,Mount Waverley - North,VIC,Metropolitan,1,2024,Melbourne - South East,Greater Melbourne,0.5788,0.6432,0.6715,0.4592,0.7729,0.1452,0.5527,0.7443,0.7637,0.4275,0.6103,M50,MC,MA,Monash
212051324,Mount Waverley - South,VIC,Metropolitan,1,2024,Melbourne - South East,Greater Melbourne,0.6239,0.6563,0.7039,0.4820,0.8682,0.1558,0.5556,0.7443,0.7915,0.4073,0.6331,M50,MC,HA,Monash
602011040,Mowbray,TAS,Inner regional,2,2024,Launceston and North East,Rest of Tas.,0.4609,0.4463,0.4747,0.2214,0.6107,0.3579,0.9029,0.4031,0.6140,0.2631,0.6105,L25,LC,LA,Launceston
217041477,Moyne - East,VIC,Inner regional,2,2024,Warrnambool and South West,Rest of Vic.,0.5899,0.5610,0.6184,0.8466,0.5177,0.1934,0.5809,0.6334,0.6090,0.5092,0.7956,M50,MC,MA,Southern Grampians; Moyne; Corangamite
217041478,Moyne - West,VIC,Inner regional,2,2024,Warrnambool and South West,Rest of Vic.,0.6744,0.6324,0.7138,0.7980,0.6444,0.2383,0.5938,0.6748,0.6112,0.6497,0.8511,H75,HC,MA,Glenelg; Unincorporated Vic; Warrnambool; Moyne
103031072,Mudgee,NSW,Inner regional,2,2024,Central West,Rest of NSW,0.6290,0.5455,0.6275,0.5667,0.5725,0.6687,0.6178,0.6014,0.5365,0.5876,0.5143,M50,MC,MA,Mid-Western
309051244,Mudgeeraba - Bonogin,QLD,Metropolitan,1,2024,Gold Coast,Rest of Qld,0.6280,0.6240,0.6830,0.6034,0.7582,0.5167,0.3972,0.6066,0.6262,0.6102,0.5494,M50,MC,MA,Gold Coast
103031073,Mudgee Surrounds - East,NSW,Inner regional,2,2024,Central West,Rest of NSW,0.6017,0.5271,0.6002,0.5421,0.5153,0.6180,0.6264,0.6014,0.5744,0.4934,0.5328,M50,MC,MA,Lithgow; Mid-Western
103031074,Mudgee Surrounds - West,NSW,Inner regional,2,2024,Central West,Rest of NSW,0.6084,0.6060,0.6599,0.7908,0.6291,0.4297,0.6318,0.5898,0.5916,0.6267,0.4419,M50,MC,MA,Mid-Western; Dubbo; Warrumbungle; Upper Hunter; Bathurst
509021242,Mukinbudin,WA,Remote,4,2024,Western Australia - Wheat Belt,Rest of WA,0.3078,0.4501,0.4132,0.7911,0.4106,0.0992,0.2607,0.1075,0.5393,0.3886,0.7762,L25,LC,LA,Nungarin; Trayning; Mukinbudin; Mount Marshall; Yilgarn; Westonia
124031463,Mulgoa - Luddenham - Orchard Hills,NSW,Metropolitan,1,2024,Sydney - Outer West and Blue Mountains,Greater Sydney,0.6765,0.6592,0.7341,0.6912,0.7099,0.6483,0.5988,0.6727,0.6724,0.6088,0.3842,H75,HC,HA,Penrith; Liverpool
212051325,Mulgrave,VIC,Metropolitan,1,2024,Melbourne - South East,Greater Melbourne,0.6491,0.6425,0.7073,0.5028,0.8998,0.2080,0.5527,0.7443,0.7895,0.3820,0.5803,M50,MC,MA,Monash
505011079,Mullaloo - Kallaroo,WA,Metropolitan,1,2024,Perth - North West,Greater Perth,0.7217,0.6166,0.7288,0.7498,0.8767,0.5544,0.2322,0.7590,0.5271,0.7429,0.6150,H75,HC,MA,Joondalup
112011243,Mullumbimby,NSW,Inner regional,2,2024,Richmond - Tweed,Rest of NSW,0.7544,0.5807,0.7220,0.5770,0.7161,0.6667,0.6011,0.6972,0.7080,0.3916,0.5830,H75,HC,MA,Byron
504021053,Mundaring,WA,Metropolitan,1,2024,Perth - North East,Greater Perth,0.7232,0.5044,0.6495,0.7981,0.8383,0.6492,0.2176,0.7176,0.4367,0.6484,0.6637,M50,HC,MA,Mundaring
506061143,Mundijong,WA,Metropolitan,1,2024,Perth - South East,Greater Perth,0.4868,0.4571,0.4943,0.7329,0.7901,0.6990,0.2324,0.2391,0.4018,0.6023,0.4677,L25,MC,LA,Serpentine-Jarrahdale
318021485,Mundingburra,QLD,Outer regional,3,2024,Townsville,Rest of Qld,0.5569,0.5529,0.5961,0.3584,0.7969,0.5690,0.4729,0.5966,0.4915,0.6678,0.4033,M50,MC,MA,Townsville
402021032,Munno Para West - Angle Vale,SA,Metropolitan,1,2024,Adelaide - North,Greater Adelaide,0.4677,0.5380,0.5433,0.4148,0.5575,0.5754,0.5189,0.6544,0.6481,0.4006,0.2221,M50,LC,MA,Playford
311031318,Munruben - Park Ridge South,QLD,Metropolitan,1,2024,Logan - Beaudesert,Greater Brisbane,0.5519,0.5997,0.6271,0.6276,0.8715,0.3288,0.4103,0.5997,0.6074,0.5900,0.3715,M50,MC,MA,Logan
301031017,Murarrie,QLD,Metropolitan,1,2024,Brisbane - East,Greater Brisbane,0.7051,0.6325,0.7308,0.6005,0.8526,0.6205,0.3679,0.6180,0.7057,0.5016,0.6470,H75,HC,MA,Brisbane
507041182,Murdoch - Kardinya,WA,Metropolitan,1,2024,Perth - South West,Greater Perth,0.6852,0.4678,0.6021,0.5267,0.8133,0.5553,0.2742,0.7560,0.4560,0.5477,0.6258,M50,HC,LA,Melville
509031248,Murray,WA,Inner regional,2,2024,Western Australia - Wheat Belt,Rest of WA,0.4548,0.4567,0.4795,0.6961,0.5979,0.5729,0.2572,0.1506,0.4590,0.5209,0.6890,L25,LC,LA,Murray; Boddington
407031165,Murray Bridge,SA,Inner regional,2,2024,South Australia - South East,Rest of SA,0.5344,0.5250,0.5652,0.3631,0.6393,0.4584,0.4771,0.5903,0.5762,0.4865,0.5270,M50,MC,MA,Murray Bridge
407031166,Murray Bridge Surrounds,SA,Inner regional,2,2024,South Australia - South East,Rest of SA,0.6363,0.5677,0.6471,0.8078,0.5926,0.5886,0.4735,0.5873,0.6210,0.5042,0.5605,M50,MC,MA,Mid Murray; Murray Bridge
314021389,Murrumba Downs - Griffin,QLD,Metropolitan,1,2024,Moreton Bay - South,Greater Brisbane,0.5256,0.4625,0.5164,0.5043,0.5485,0.6319,0.3576,0.6039,0.4732,0.5123,0.4590,L25,MC,LA,Moreton Bay
208021181,Murrumbeena,VIC,Metropolitan,1,2024,Melbourne - Inner South,Greater Melbourne,0.6330,0.6323,0.6916,0.5637,0.7281,0.1762,0.4258,0.8169,0.7039,0.5041,0.8176,M50,MC,MA,Glen Eira
112031251,Murwillumbah,NSW,Inner regional,2,2024,Richmond - Tweed,Rest of NSW,0.6529,0.6268,0.6982,0.4103,0.7247,0.6771,0.6213,0.5963,0.6619,0.5602,0.5601,M50,MC,MA,Tweed
112031252,Murwillumbah Surrounds,NSW,Metropolitan,1,2024,Richmond - Tweed,Rest of NSW,0.7311,0.6865,0.7841,0.7265,0.7575,0.7440,0.6053,0.5963,0.7520,0.5354,0.5103,H75,HC,HA,Tweed
106041126,Muswellbrook,NSW,Inner regional,2,2024,Hunter Valley exc Newcastle,Rest of NSW,0.5269,0.4950,0.5402,0.4431,0.5268,0.4711,0.5515,0.6191,0.5598,0.4500,0.4611,M50,MC,MA,Muswellbrook
106041127,Muswellbrook Surrounds,NSW,Inner regional,2,2024,Hunter Valley exc Newcastle,Rest of NSW,0.6563,0.5915,0.6748,0.7537,0.5657,0.6252,0.5463,0.6191,0.5862,0.6057,0.5555,M50,MC,MA,Muswellbrook
204031071,Myrtleford,VIC,Inner regional,2,2024,Hume,Rest of Vic.,0.4722,0.6274,0.6092,0.5994,0.6407,0.1396,0.5842,0.3056,0.6630,0.5595,0.8740,M50,LC,MA,Alpine
204011058,Nagambie,VIC,Inner regional,2,2024,Hume,Rest of Vic.,0.7339,0.5498,0.6881,0.7190,0.6440,0.5590,0.5617,0.6106,0.5749,0.5388,0.8213,M50,HC,MA,Mitchell; Strathbogie
401061020,Nailsworth - Broadview,SA,Metropolitan,1,2024,Adelaide - Central and Hills,Greater Adelaide,0.7373,0.5710,0.7051,0.5640,0.7420,0.3541,0.5961,0.7787,0.6125,0.5243,0.7005,M50,HC,MA,Prospect
401021009,Nairne,SA,Metropolitan,1,2024,Adelaide - Central and Hills,Greater Adelaide,0.8487,0.7560,0.9043,0.7171,0.8009,0.4912,0.5810,0.7350,0.8332,0.5396,0.7884,H75,HC,HA,Mount Barker
316071548,Nambour,QLD,Metropolitan,1,2024,Sunshine Coast,Rest of Qld,0.5641,0.5384,0.5893,0.4958,0.7043,0.3096,0.4351,0.5994,0.5833,0.5028,0.6764,M50,MC,MA,Sunshine Coast
108021158,Nambucca Heads,NSW,Inner regional,2,2024,Mid North Coast,Rest of NSW,0.5440,0.4215,0.4960,0.3111,0.5907,0.6031,0.5987,0.5538,0.4580,0.4506,0.5748,L25,MC,LA,Nambucca Valley
108021159,Nambucca Heads Surrounds,NSW,Inner regional,2,2024,Mid North Coast,Rest of NSW,0.6242,0.5453,0.6248,0.6128,0.6178,0.6053,0.5943,0.5538,0.5745,0.5302,0.5389,M50,MC,MA,Bellingen; Nambucca Valley
319021509,Nanango,QLD,Inner regional,2,2024,Wide Bay,Rest of Qld,0.4133,0.4171,0.4329,0.4324,0.6454,0.3282,0.4091,0.5245,0.4875,0.3982,0.3158,L25,LC,LA,South Burnett
407021154,Naracoorte,SA,Outer regional,3,2024,South Australia - South East,Rest of SA,0.5886,0.5562,0.6143,0.4933,0.6055,0.3944,0.5036,0.5888,0.6377,0.4546,0.7564,M50,MC,MA,Naracoorte Lucindale
407021155,Naracoorte Surrounds,SA,Outer regional,3,2024,South Australia - South East,Rest of SA,0.4663,0.6040,0.5898,0.9665,0.4751,0.2025,0.4971,0.1708,0.6834,0.4795,0.8300,M50,LC,MA,Naracoorte Lucindale
313041375,Narangba,QLD,Metropolitan,1,2024,Moreton Bay - North,Greater Brisbane,0.5481,0.5115,0.5623,0.5734,0.7839,0.2852,0.4229,0.6039,0.4833,0.5968,0.5056,M50,MC,MA,Moreton Bay
102011035,Narara,NSW,Metropolitan,1,2024,Central Coast,Greater Sydney,0.7053,0.5455,0.6688,0.6130,0.6536,0.6504,0.6087,0.6443,0.5967,0.4967,0.5790,M50,HC,MA,Central Coast (NSW)
101041027,Narooma - Bermagui,NSW,Outer regional,3,2024,Capital Region,Rest of NSW,0.5634,0.6130,0.6422,0.5615,0.7434,0.4180,0.5858,0.4773,0.6375,0.5704,0.4958,M50,MC,MA,Bega Valley; Eurobodalla
122031697,Narrabeen - Wheeler Heights,NSW,Metropolitan,1,2024,Sydney - Northern Beaches,Greater Sydney,0.6776,0.7072,0.7689,0.5358,0.6881,0.4639,0.3965,0.7198,0.6920,0.6738,0.7318,H75,HC,HA,Northern Beaches
110031197,Narrabri,NSW,Outer regional,3,2024,New England and North West,Rest of NSW,0.6320,0.5824,0.6554,0.5996,0.6989,0.5878,0.5886,0.5566,0.5966,0.5717,0.4934,M50,MC,MA,Narrabri
110031198,Narrabri Surrounds,NSW,Outer regional,3,2024,New England and North West,Rest of NSW,0.3903,0.5868,0.5443,0.7618,0.4404,0.3315,0.5810,0.1043,0.6392,0.5147,0.4670,M50,LC,MA,Narrabri; Gunnedah
801061067,Narrabundah,ACT,Metropolitan,1,2024,Australian Capital Territory,Australian Capital Territory,0.3825,0.6918,0.6160,0.5208,0.5136,0.0736,0.2719,0.5987,0.7684,0.5191,0.7901,M50,LC,HA,Unincorporated ACT
113011259,Narrandera,NSW,Outer regional,3,2024,Riverina,Rest of NSW,0.3841,0.4629,0.4532,0.5567,0.5299,0.4285,0.6069,0.0908,0.6344,0.2652,0.3793,L25,LC,LA,Federation; Narrandera; Leeton
212021299,Narre Warren North,VIC,Metropolitan,1,2024,Melbourne - South East,Greater Melbourne,0.8243,0.6449,0.8097,0.6773,0.7759,0.7507,0.5347,0.7825,0.6822,0.5644,0.5382,H75,HC,MA,Casey
212021455,Narre Warren - North East,VIC,Metropolitan,1,2024,Melbourne - South East,Greater Melbourne,0.6593,0.5229,0.6274,0.5242,0.7436,0.2965,0.5362,0.7825,0.6393,0.3834,0.5775,M50,MC,MA,Casey
212031457,Narre Warren South - East,VIC,Metropolitan,1,2024,Melbourne - South East,Greater Melbourne,0.7910,0.5053,0.6898,0.5516,0.8077,0.8509,0.4418,0.7825,0.5485,0.4883,0.5296,M50,HC,MA,Casey
212021456,Narre Warren - South West,VIC,Metropolitan,1,2024,Melbourne - South East,Greater Melbourne,0.7053,0.4840,0.6249,0.3896,0.7355,0.6930,0.5362,0.7825,0.6435,0.2951,0.5152,M50,HC,MA,Casey
212031458,Narre Warren South - West,VIC,Metropolitan,1,2024,Melbourne - South East,Greater Melbourne,0.7072,0.3852,0.5553,0.4054,0.7478,0.8407,0.4411,0.7825,0.5387,0.2531,0.4961,M50,HC,LA,Casey
509031249,Narrogin,WA,Outer regional,3,2024,Western Australia - Wheat Belt,Rest of WA,0.1888,0.4095,0.3406,0.5114,0.6614,0.1165,0.2679,0.1321,0.3861,0.5278,0.1690,L25,LC,LA,Narrogin
105031105,Narromine,NSW,Outer regional,3,2024,Far West and Orana,Rest of NSW,0.3796,0.5966,0.5468,0.7049,0.4805,0.2886,0.6687,0.0953,0.6014,0.5930,0.4020,M50,LC,MA,Narromine; Warren
119031370,Narwee - Beverly Hills,NSW,Metropolitan,1,2024,Sydney - Inner South West,Greater Sydney,0.6111,0.4072,0.5194,0.4130,0.7463,0.5900,0.3733,0.6592,0.5838,0.2286,0.5300,L25,MC,LA,Georges River; Canterbury-Bankstown
503011035,Nedlands - Dalkeith - Crawley,WA,Metropolitan,1,2024,Perth - Inner,Greater Perth,0.5210,0.6390,0.6402,0.5680,0.7061,0.1261,0.3112,0.8377,0.5598,0.7396,0.6091,M50,MC,MA,Nedlands; Perth
106031121,Nelson Bay Peninsula,NSW,Inner regional,2,2024,Hunter Valley exc Newcastle,Rest of NSW,0.6881,0.5357,0.6523,0.5052,0.7753,0.5972,0.5604,0.5883,0.5249,0.5849,0.5989,M50,HC,MA,Port Stephens
309061248,Nerang - Mount Nathan,QLD,Metropolitan,1,2024,Gold Coast,Rest of Qld,0.6434,0.5691,0.6519,0.5292,0.7638,0.5211,0.3951,0.6066,0.6512,0.4596,0.6468,M50,MC,MA,Gold Coast
121041416,Neutral Bay - Kirribilli,NSW,Metropolitan,1,2024,Sydney - North Sydney and Hornsby,Greater Sydney,0.6128,0.8213,0.8159,0.5002,0.5897,0.3362,0.4610,0.7379,0.8096,0.7102,0.7332,H75,MC,HA,North Sydney
111031229,Newcastle - Cooks Hill,NSW,Metropolitan,1,2024,Newcastle and Lake Macquarie,Rest of NSW,0.6742,0.7440,0.7934,0.5626,0.6431,0.4011,0.6212,0.7098,0.7052,0.7261,0.6309,H75,HC,HA,Newcastle
203021045,Newcomb - Moolap,VIC,Metropolitan,1,2024,Geelong,Rest of Vic.,0.5934,0.6779,0.7036,0.3757,0.7056,0.2374,0.5931,0.7116,0.7736,0.4821,0.7655,M50,MC,HA,Greater Geelong
305011109,New Farm,QLD,Metropolitan,1,2024,Brisbane Inner City,Greater Brisbane,0.5782,0.7515,0.7485,0.5421,0.6337,0.2950,0.4729,0.6180,0.8262,0.5424,0.7629,H75,MC,HA,Brisbane
510021268,Newman,WA,Very remote,5,2024,,Rest of WA,0.4345,0.3703,0.4088,0.5746,0.4245,0.4926,0.2945,0.6427,0.4019,0.4258,0.3500,L25,LC,LA,East Pilbara
305031127,Newmarket,QLD,Metropolitan,1,2024,Brisbane Inner City,Greater Brisbane,0.6644,0.6684,0.7341,0.5831,0.7013,0.4387,0.4668,0.6180,0.7391,0.5201,0.7791,H75,HC,HA,Brisbane
602011041,Newnham - Mayfield,TAS,Inner regional,2,2024,Launceston and North East,Rest of Tas.,0.4980,0.5280,0.5501,0.2428,0.6174,0.4999,0.8862,0.4031,0.7019,0.2914,0.5894,M50,MC,MA,Launceston
601031020,New Norfolk,TAS,Inner regional,2,2024,Hobart,Greater Hobart,0.4829,0.4437,0.4829,0.4284,0.6738,0.2323,0.7554,0.3963,0.5806,0.3111,0.6496,L25,MC,LA,Brighton; Derwent Valley
213021344,Newport,VIC,Metropolitan,1,2024,Melbourne - West,Greater Melbourne,0.6247,0.6209,0.6790,0.6117,0.8025,0.1466,0.4813,0.7211,0.6484,0.5693,0.7564,M50,MC,MA,Hobsons Bay
122021422,Newport - Bilgola,NSW,Metropolitan,1,2024,Sydney - Northern Beaches,Greater Sydney,0.7533,0.7875,0.8690,0.7940,0.8117,0.4996,0.3899,0.7198,0.7175,0.7925,0.6427,H75,HC,HA,Northern Beaches
602011042,Newstead,TAS,Inner regional,2,2024,Launceston and North East,Rest of Tas.,0.7081,0.6209,0.7242,0.4767,0.7568,0.7000,0.9144,0.4031,0.6616,0.5487,0.7164,H75,HC,MA,Launceston
305031128,Newstead - Bowen Hills,QLD,Metropolitan,1,2024,Brisbane Inner City,Greater Brisbane,0.5007,0.7089,0.6805,0.5697,0.5028,0.2504,0.4696,0.6180,0.7487,0.5860,0.6363,M50,MC,HA,Brisbane
601051030,New Town,TAS,Inner regional,2,2024,Hobart,Greater Hobart,0.5525,0.5919,0.6218,0.4173,0.6776,0.2161,1.0000,0.4194,0.6981,0.4309,0.7898,M50,MC,MA,Glenorchy; Hobart
117031640,Newtown (NSW),NSW,Metropolitan,1,2024,Sydney - City and Inner South,Greater Sydney,0.7651,0.7994,0.8844,0.5962,0.6075,0.5809,0.6251,0.7318,0.8441,0.6083,0.7562,H75,HC,HA,Inner West; Sydney
317011453,Newtown (Qld),QLD,Inner regional,2,2024,Toowoomba,Rest of Qld,0.4274,0.5514,0.5350,0.2759,0.6530,0.3642,0.4577,0.5966,0.6575,0.4132,0.3398,M50,LC,MA,Toowoomba
203021046,Newtown (Vic.),VIC,Metropolitan,1,2024,Geelong,Rest of Vic.,0.6921,0.8490,0.8782,0.6637,0.7809,0.1902,0.5916,0.7116,0.7386,0.8797,0.8576,H75,HC,HA,Greater Geelong
801041046,Ngunnawal,ACT,Metropolitan,1,2024,Australian Capital Territory,Australian Capital Territory,0.4525,0.6501,0.6165,0.5437,0.5636,0.2348,0.2372,0.5987,0.6970,0.5513,0.7395,M50,LC,HA,Unincorporated ACT
215011390,Nhill Region,VIC,Outer regional,3,2024,North West,Rest of Vic.,0.4056,0.6238,0.5772,0.5814,0.4995,0.1468,0.5724,0.1119,0.6349,0.5962,0.8926,M50,LC,MA,West Wimmera; Yarriambiack; Hindmarsh
702041064,Nhulunbuy,NT,Very remote,5,2024,Northern Territory - Outback,Rest of NT,0.3604,0.3449,0.3592,0.7282,0.4375,0.0818,0.4076,0.5730,0.3443,0.4538,0.4514,L25,LC,LA,Unincorporated NT; East Arnhem
102011036,Niagara Park - Lisarow,NSW,Metropolitan,1,2024,Central Coast,Greater Sydney,0.8033,0.5853,0.7544,0.6553,0.8411,0.7217,0.6039,0.6443,0.5916,0.5852,0.5856,H75,HC,MA,Central Coast (NSW)
801041047,Nicholls,ACT,Metropolitan,1,2024,Australian Capital Territory,Australian Capital Territory,0.6309,0.7413,0.7683,0.7209,0.6149,0.7081,0.2373,0.5987,0.6286,0.8387,0.7721,H75,MC,HA,Unincorporated ACT
210011230,Niddrie - Essendon West,VIC,Metropolitan,1,2024,Melbourne - North West,Greater Melbourne,0.6540,0.6132,0.6890,0.6040,0.8449,0.1812,0.4556,0.7582,0.6201,0.5978,0.7048,M50,MC,MA,Moonee Valley
701021025,Nightcliff,NT,Outer regional,3,2024,Darwin,Greater Darwin,0.3958,0.4843,0.4734,0.5193,0.6077,0.0707,0.5314,0.5772,0.5436,0.4526,0.4726,L25,LC,MA,Darwin
212041459,Noble Park - East,VIC,Metropolitan,1,2024,Melbourne - South East,Greater Melbourne,0.3332,0.5462,0.4919,0.2724,0.5376,0.1506,0.5377,0.6466,0.8151,0.1311,0.2904,L25,LC,MA,Greater Dandenong
212041316,Noble Park North,VIC,Metropolitan,1,2024,Melbourne - South East,Greater Melbourne,0.4392,0.6132,0.5843,0.3907,0.8348,0.1294,0.5362,0.6466,0.8297,0.2497,0.3486,M50,LC,MA,Greater Dandenong
212041460,Noble Park - West,VIC,Metropolitan,1,2024,Melbourne - South East,Greater Melbourne,0.3186,0.5580,0.4946,0.2277,0.5648,0.1658,0.5377,0.6466,0.8123,0.1620,0.2475,L25,LC,MA,Greater Dandenong
505021090,Nollamara - Westminster,WA,Metropolitan,1,2024,Perth - North West,Greater Perth,0.4772,0.3683,0.4265,0.3326,0.5643,0.5093,0.2275,0.7444,0.5188,0.2481,0.5214,L25,MC,LA,Stirling
316051434,Noosa Heads,QLD,Metropolitan,1,2024,Sunshine Coast,Rest of Qld,0.6067,0.6746,0.7081,0.5663,0.7581,0.4202,0.4328,0.5957,0.6619,0.6561,0.5553,M50,MC,HA,Noosa
316081549,Noosa Hinterland,QLD,Metropolitan,1,2024,Sunshine Coast,Rest of Qld,0.6234,0.6379,0.6905,0.7062,0.8440,0.4500,0.4191,0.5128,0.6690,0.5712,0.5692,M50,MC,MA,Sunshine Coast; Noosa
316051435,Noosaville,QLD,Metropolitan,1,2024,Sunshine Coast,Rest of Qld,0.6833,0.6669,0.7433,0.5414,0.7769,0.6567,0.4340,0.5957,0.6425,0.6708,0.6451,H75,HC,HA,Noosa
504011048,Noranda,WA,Metropolitan,1,2024,Perth - North East,Greater Perth,0.6580,0.4570,0.5797,0.5507,0.8178,0.5898,0.2189,0.7201,0.4726,0.5020,0.6439,M50,MC,LA,Bayswater
203021488,Norlane,VIC,Metropolitan,1,2024,Geelong,Rest of Vic.,0.4192,0.7452,0.6698,0.0866,0.5834,0.2308,0.5868,0.7116,0.7792,0.6089,0.6991,M50,LC,HA,Greater Geelong
308031213,Norman Gardens,QLD,Inner regional,2,2024,Fitzroy,Rest of Qld,0.6231,0.5300,0.6133,0.5037,0.6942,0.6946,0.4523,0.5935,0.5369,0.5558,0.5214,M50,MC,MA,Rockhampton
121021406,Normanhurst - Thornleigh - Westleigh,NSW,Metropolitan,1,2024,Sydney - North Sydney and Hornsby,Greater Sydney,0.7809,0.6882,0.8144,0.6271,0.8117,0.4880,0.4578,0.7151,0.6345,0.7254,0.7795,H75,HC,HA,Hornsby
305021118,Norman Park,QLD,Metropolitan,1,2024,Brisbane Inner City,Greater Brisbane,0.5698,0.8218,0.7945,0.6669,0.7562,0.1937,0.4528,0.6180,0.7880,0.7468,0.6865,H75,MC,HA,Brisbane
401011002,North Adelaide,SA,Metropolitan,1,2024,Adelaide - Central and Hills,Greater Adelaide,0.6014,0.8751,0.8485,0.4641,0.7314,0.3452,0.6221,0.8041,0.9338,0.6036,0.3652,H75,MC,HA,Adelaide
509021243,Northam,WA,Inner regional,2,2024,Western Australia - Wheat Belt,Rest of WA,0.3250,0.4625,0.4288,0.5566,0.7439,0.1074,0.2520,0.1442,0.4765,0.5073,0.6860,L25,LC,LA,Northam
511041292,Northampton - Mullewa - Greenough,WA,Outer regional,3,2024,,Rest of WA,0.3512,0.3881,0.3862,0.8307,0.5214,0.3262,0.3001,0.1138,0.4385,0.4099,0.4130,L25,LC,LA,Chapman Valley; Northampton; Greater Geraldton
507011158,North Coogee,WA,Metropolitan,1,2024,Perth - South West,Greater Perth,0.5858,0.5750,0.6263,0.6995,0.6957,0.5012,0.2595,0.7590,0.5345,0.6497,0.4331,M50,MC,MA,Cockburn
206021499,Northcote - East,VIC,Metropolitan,1,2024,Melbourne - Inner,Greater Melbourne,0.6556,0.5866,0.6709,0.5510,0.7259,0.1703,0.5591,0.7670,0.6445,0.5060,0.8493,M50,MC,MA,Darebin
206021500,Northcote - West,VIC,Metropolitan,1,2024,Melbourne - Inner,Greater Melbourne,0.6562,0.5906,0.6742,0.5287,0.7233,0.1906,0.5602,0.7670,0.6474,0.5097,0.8361,M50,MC,MA,Darebin
318021486,Northern Beaches,QLD,Outer regional,3,2024,Townsville,Rest of Qld,0.4819,0.6856,0.6552,0.6501,0.8446,0.6333,0.4572,0.1285,0.7282,0.5727,0.2888,M50,MC,HA,Townsville
315021407,Northern Highlands,QLD,Very remote,5,2024,Queensland - Outback,Rest of Qld,0.4024,0.3565,0.3850,0.8157,0.4996,0.5170,0.4485,0.0998,0.4973,0.2562,0.3629,L25,LC,LA,McKinlay; Flinders (Qld); Richmond
602031061,Northern Midlands,TAS,Outer regional,3,2024,Launceston and North East,Rest of Tas.,0.4249,0.5310,0.5193,0.6659,0.5248,0.2900,0.5693,0.0076,0.6516,0.3805,0.6777,L25,LC,MA,Northern Midlands; Break O'Day
315011399,Northern Peninsula,QLD,Very remote,5,2024,Queensland - Outback,Rest of Qld,0.1691,0.1410,0.1422,0.3555,0.2560,0.3572,0.4597,0.0396,0.2082,0.2107,0.1117,L25,LC,LA,Northern Peninsula Area
402031175,Northgate - Northfield,SA,Metropolitan,1,2024,Adelaide - North,Greater Adelaide,0.5604,0.4241,0.5059,0.4537,0.6440,0.3705,0.5369,0.6668,0.5848,0.2632,0.4469,L25,MC,LA,Port Adelaide Enfield
302031038,Northgate - Virginia,QLD,Metropolitan,1,2024,Brisbane - North,Greater Brisbane,0.6593,0.6324,0.7056,0.6111,0.8141,0.3585,0.4430,0.6180,0.7176,0.4821,0.7230,M50,MC,MA,Brisbane
203021047,North Geelong - Bell Park,VIC,Metropolitan,1,2024,Geelong,Rest of Vic.,0.6271,0.6289,0.6861,0.3976,0.7940,0.2257,0.5919,0.7116,0.7353,0.4457,0.7874,M50,MC,MA,Greater Geelong
404021100,North Haven,SA,Metropolitan,1,2024,Adelaide - West,Greater Adelaide,0.6369,0.5410,0.6284,0.5343,0.7763,0.3807,0.5172,0.6668,0.6689,0.3730,0.5102,M50,MC,MA,Port Adelaide Enfield
310031292,North Ipswich - Tivoli,QLD,Metropolitan,1,2024,Ipswich,Greater Brisbane,0.5255,0.3918,0.4659,0.4753,0.7950,0.4382,0.4599,0.6058,0.4856,0.3484,0.3090,L25,MC,LA,Ipswich
115041624,North Kellyville,NSW,Metropolitan,1,2024,Sydney - Baulkham Hills and Hawkesbury,Greater Sydney,0.4676,0.4864,0.5064,0.5469,0.6117,0.5024,0.1910,0.7209,0.6440,0.2993,0.3601,L25,LC,MA,The Hills
314021579,North Lakes,QLD,Metropolitan,1,2024,Moreton Bay - South,Greater Brisbane,0.5786,0.4453,0.5301,0.4837,0.6537,0.6899,0.3569,0.6039,0.4259,0.5448,0.5163,M50,MC,LA,Moreton Bay
312021349,North Mackay,QLD,Inner regional,2,2024,Mackay,Rest of Qld,0.5439,0.4991,0.5514,0.4528,0.7550,0.3141,0.4322,0.5966,0.5542,0.4671,0.5432,M50,MC,MA,Mackay
125041491,Northmead,NSW,Metropolitan,1,2024,Sydney - Parramatta,Greater Sydney,0.5711,0.4754,0.5478,0.4270,0.6098,0.3678,0.5806,0.7151,0.5799,0.3787,0.4706,M50,MC,MA,Parramatta
206041506,North Melbourne,VIC,Metropolitan,1,2024,Melbourne - Inner,Greater Melbourne,0.5891,0.7690,0.7665,0.3762,0.5752,0.2038,0.6211,1.0000,0.9455,0.3654,0.5398,H75,MC,HA,Melbourne
122021691,North Narrabeen - Warriewood (South),NSW,Metropolitan,1,2024,Sydney - Northern Beaches,Greater Sydney,0.7740,0.7494,0.8540,0.7176,0.8093,0.6813,0.3956,0.7198,0.6929,0.7561,0.6107,H75,HC,HA,Northern Beaches
114011277,North Nowra - Bomaderry,NSW,Inner regional,2,2024,Southern Highlands and Shoalhaven,Rest of NSW,0.6772,0.5988,0.6913,0.5779,0.7356,0.6371,0.6124,0.5997,0.6080,0.5873,0.5053,M50,HC,MA,Shoalhaven
125041489,North Parramatta,NSW,Metropolitan,1,2024,Sydney - Parramatta,Greater Sydney,0.5731,0.4899,0.5591,0.3922,0.6204,0.3795,0.5735,0.7151,0.6841,0.2403,0.4802,M50,MC,MA,Parramatta
503021040,North Perth,WA,Metropolitan,1,2024,Perth - Inner,Greater Perth,0.5842,0.6237,0.6603,0.5820,0.7533,0.1360,0.3127,0.8955,0.6484,0.5751,0.6925,M50,MC,MA,Vincent
125041490,North Rocks,NSW,Metropolitan,1,2024,Sydney - Parramatta,Greater Sydney,0.6024,0.6090,0.6590,0.5802,0.8286,0.1801,0.5651,0.7156,0.6408,0.5571,0.5248,M50,MC,MA,The Hills; Parramatta
126021501,North Ryde - East Ryde,NSW,Metropolitan,1,2024,Sydney - Ryde,Greater Sydney,0.7270,0.6365,0.7460,0.5509,0.7089,0.5947,0.4556,0.7176,0.7309,0.4685,0.6495,H75,HC,MA,Ryde
301021550,North Stradbroke Island,QLD,Remote,4,2024,Brisbane - East,Greater Brisbane,0.5302,0.5666,0.5929,0.7163,0.7000,0.5987,0.3915,0.1302,0.5908,0.5486,0.6474,M50,MC,MA,Redland
121041417,North Sydney - Lavender Bay,NSW,Metropolitan,1,2024,Sydney - North Sydney and Hornsby,Greater Sydney,0.5913,0.8244,0.8072,0.5502,0.5828,0.2980,0.4610,0.7379,0.8042,0.7254,0.6637,H75,MC,HA,North Sydney
317011454,North Toowoomba - Harlaxton,QLD,Inner regional,2,2024,Toowoomba,Rest of Qld,0.4460,0.5449,0.5385,0.3623,0.6770,0.3114,0.4577,0.5966,0.6362,0.4337,0.3432,M50,LC,MA,Toowoomba
604031094,North West,TAS,Outer regional,3,2024,West and North West,Rest of Tas.,0.3590,0.5933,0.5360,0.7462,0.4998,0.1824,0.5024,0.0043,0.6794,0.4642,0.5979,M50,LC,MA,Waratah-Wynyard; Circular Head
401051017,Norwood (SA),SA,Metropolitan,1,2024,Adelaide - Central and Hills,Greater Adelaide,0.7026,0.7354,0.8029,0.4628,0.7477,0.3631,0.6063,0.7160,0.8711,0.4313,0.7671,H75,HC,HA,Norwood Payneham and St Peters
602011043,Norwood (Tas.),TAS,Inner regional,2,2024,Launceston and North East,Rest of Tas.,0.6295,0.7025,0.7398,0.5168,0.7526,0.3914,0.9029,0.4031,0.7093,0.6370,0.7104,H75,MC,HA,Launceston
114011278,Nowra,NSW,Inner regional,2,2024,Southern Highlands and Shoalhaven,Rest of NSW,0.5886,0.4719,0.5541,0.4483,0.6468,0.5825,0.6157,0.5997,0.5592,0.4033,0.4506,M50,MC,LA,Shoalhaven
302031039,Nudgee - Banyo,QLD,Metropolitan,1,2024,Brisbane - North,Greater Brisbane,0.6294,0.6327,0.6899,0.5857,0.8141,0.3144,0.4422,0.6180,0.6822,0.5399,0.6870,M50,MC,MA,Brisbane
216021413,Numurkah,VIC,Inner regional,2,2024,Shepparton,Rest of Vic.,0.4945,0.5508,0.5648,0.6535,0.5758,0.1101,0.5307,0.5643,0.5697,0.5487,0.7839,M50,MC,MA,Moira
211041271,Nunawading,VIC,Metropolitan,1,2024,Melbourne - Outer East,Greater Melbourne,0.6631,0.5993,0.6840,0.4807,0.8265,0.2120,0.5527,0.7526,0.7105,0.4258,0.7368,M50,HC,MA,Whitehorse; Manningham
302031040,Nundah,QLD,Metropolitan,1,2024,Brisbane - North,Greater Brisbane,0.5684,0.5471,0.5977,0.4958,0.6457,0.3312,0.4433,0.6180,0.6881,0.3544,0.6878,M50,MC,MA,Brisbane
405011114,Nuriootpa,SA,Inner regional,2,2024,Barossa - Yorke - Mid North,Rest of SA,0.6975,0.6576,0.7445,0.5816,0.6235,0.4962,0.4951,0.6505,0.7343,0.5058,0.8861,H75,HC,HA,Light; Barossa
105011095,Nyngan - Warren,NSW,Outer regional,3,2024,Far West and Orana,Rest of NSW,0.4058,0.4787,0.4737,0.6666,0.5390,0.3982,0.6368,0.0892,0.5284,0.4640,0.3857,L25,LC,MA,Lachlan; Brewarrina; Warren; Bogan
212051326,Oakleigh - Huntingdale,VIC,Metropolitan,1,2024,Melbourne - South East,Greater Melbourne,0.6016,0.6477,0.6863,0.4411,0.8174,0.1625,0.5540,0.7443,0.8205,0.3388,0.6459,M50,MC,HA,Monash
210031537,Oak Park,VIC,Metropolitan,1,2024,Melbourne - North West,Greater Melbourne,0.5677,0.4639,0.5379,0.5157,0.6531,0.1689,0.4480,0.8025,0.5576,0.3892,0.6839,M50,MC,LA,Merri-bek
125021478,Oatlands - Dundas Valley,NSW,Metropolitan,1,2024,Sydney - Parramatta,Greater Sydney,0.6411,0.4754,0.5838,0.4608,0.6267,0.5318,0.5232,0.7151,0.6455,0.2737,0.5314,M50,MC,MA,Parramatta
119031371,Oatley - Hurstville Grove,NSW,Metropolitan,1,2024,Sydney - Inner South West,Greater Sydney,0.7198,0.5182,0.6574,0.6271,0.8027,0.6185,0.3746,0.6727,0.5314,0.5400,0.6361,M50,HC,MA,Georges River
103011061,Oberon,NSW,Inner regional,2,2024,Central West,Rest of NSW,0.6547,0.6480,0.7143,0.6654,0.6029,0.6139,0.6242,0.5980,0.6638,0.5999,0.5314,H75,MC,HA,Oberon
203031490,Ocean Grove,VIC,Inner regional,2,2024,Geelong,Rest of Vic.,0.8430,0.7099,0.8678,0.7215,0.7601,0.6665,0.5617,0.7116,0.6262,0.7807,0.7227,H75,HC,HA,Greater Geelong
505011080,Ocean Reef,WA,Metropolitan,1,2024,Perth - North West,Greater Perth,0.7485,0.5789,0.7172,0.7188,0.8740,0.7136,0.2330,0.7590,0.4704,0.7492,0.6043,H75,HC,MA,Joondalup
801051058,O'Connor (ACT),ACT,Metropolitan,1,2024,Australian Capital Territory,Australian Capital Territory,0.3984,0.9133,0.7809,0.5688,0.5702,0.0589,0.2662,0.5987,0.9374,0.6735,0.8008,H75,LC,HA,Unincorporated ACT
108051168,Old Bar - Manning Point - Red Head,NSW,Inner regional,2,2024,Mid North Coast,Rest of NSW,0.5506,0.5590,0.5974,0.6049,0.6357,0.3422,0.5958,0.5484,0.5211,0.6372,0.5172,M50,MC,MA,Mid-Coast
601011003,Old Beach - Otago,TAS,Inner regional,2,2024,Hobart,Greater Hobart,0.4679,0.5067,0.5210,0.6863,0.6821,0.2337,0.4734,0.4031,0.4453,0.6409,0.5567,L25,LC,MA,Brighton; Clarence
801091107,O'Malley,ACT,Metropolitan,1,2024,Australian Capital Territory,Australian Capital Territory,0.4751,0.5735,0.5720,0.7283,0.5757,0.2134,0.2799,0.5987,0.5135,0.6771,0.6508,M50,MC,MA,Unincorporated ACT
402021033,One Tree Hill,SA,Metropolitan,1,2024,Adelaide - North,Greater Adelaide,0.6721,0.5944,0.6854,0.9387,0.8419,0.4824,0.5043,0.6544,0.5948,0.5987,0.3398,M50,HC,MA,Playford
318021487,Oonoonba,QLD,Outer regional,3,2024,Townsville,Rest of Qld,0.5220,0.5984,0.6117,0.5631,0.6216,0.6113,0.4706,0.5966,0.6668,0.4948,0.2991,M50,MC,MA,Townsville
312021350,Ooralea - Bakers Creek,QLD,Inner regional,2,2024,Mackay,Rest of Qld,0.6215,0.5125,0.6000,0.6088,0.7491,0.6516,0.4305,0.5966,0.5238,0.5397,0.4458,M50,MC,MA,Mackay
103041077,Orange,NSW,Inner regional,2,2024,Central West,Rest of NSW,0.6655,0.5814,0.6725,0.4844,0.7160,0.5815,0.6391,0.6614,0.6012,0.5628,0.4786,M50,HC,MA,Orange
103041078,Orange - North,NSW,Inner regional,2,2024,Central West,Rest of NSW,0.6567,0.6449,0.7131,0.5934,0.6544,0.6412,0.6363,0.6614,0.6431,0.6258,0.4174,H75,MC,MA,Orange; Cabonne
103041079,Orange Surrounds,NSW,Inner regional,2,2024,Central West,Rest of NSW,0.7576,0.7582,0.8506,0.8978,0.7303,0.6043,0.6276,0.6247,0.7258,0.7216,0.5552,H75,HC,HA,Orange; Dubbo; Cabonne
127011729,Oran Park,NSW,Metropolitan,1,2024,Sydney - South West,Greater Sydney,0.3544,0.3108,0.3324,0.4937,0.5107,0.1535,0.4195,0.7161,0.4693,0.2012,0.2207,L25,LC,LA,Camden
205021085,Orbost,VIC,Outer regional,3,2024,Latrobe - Gippsland,Rest of Vic.,0.4304,0.5589,0.5416,0.6251,0.5924,0.2551,0.5778,0.1237,0.6206,0.4871,0.6530,M50,LC,MA,Unincorporated Vic; East Gippsland
309071552,Ormeau (East) - Stapylton,QLD,Metropolitan,1,2024,Gold Coast,Rest of Qld,0.6274,0.6477,0.6996,0.5112,0.7592,0.7293,0.3940,0.6066,0.6696,0.5901,0.4895,M50,MC,HA,Gold Coast
309071553,Ormeau (West) - Yatala,QLD,Metropolitan,1,2024,Gold Coast,Rest of Qld,0.6645,0.6535,0.7235,0.6251,0.8221,0.7607,0.3940,0.6066,0.6730,0.5965,0.4596,H75,HC,HA,Gold Coast
301021008,Ormiston,QLD,Metropolitan,1,2024,Brisbane - East,Greater Brisbane,0.7061,0.6293,0.7291,0.6096,0.8673,0.5984,0.3762,0.5997,0.5619,0.7174,0.6641,H75,HC,MA,Redland
208021182,Ormond - Glen Huntly,VIC,Metropolitan,1,2024,Melbourne - Inner South,Greater Melbourne,0.5999,0.5739,0.6327,0.4940,0.7321,0.1498,0.4286,0.8169,0.6889,0.4088,0.7862,M50,MC,MA,Glen Eira
217031476,Otway,VIC,Inner regional,2,2024,Warrnambool and South West,Rest of Vic.,0.5856,0.5245,0.5901,0.7353,0.6558,0.5512,0.5595,0.1562,0.5915,0.4619,0.7459,M50,MC,MA,Colac Otway
102021051,Ourimbah - Fountaindale,NSW,Metropolitan,1,2024,Central Coast,Greater Sydney,0.8299,0.6320,0.8040,0.7371,0.8675,0.7669,0.5913,0.6443,0.6271,0.6247,0.5763,H75,HC,MA,Central Coast (NSW)
406021141,Outback,SA,Remote,4,2024,South Australia - Outback,Rest of SA,0.4468,0.4426,0.4658,0.9250,0.6818,0.4151,0.3343,0.1004,0.5469,0.3613,0.4603,L25,LC,LA,Unincorporated SA
309071256,Oxenford - Maudsland,QLD,Metropolitan,1,2024,Gold Coast,Rest of Qld,0.6342,0.5897,0.6617,0.5693,0.7414,0.7096,0.3946,0.6066,0.6386,0.5215,0.5006,M50,MC,MA,Gold Coast
801071086,Oxley (ACT),ACT,Metropolitan,1,2024,Australian Capital Territory,Australian Capital Territory,0.4793,0.6755,0.6468,0.6875,0.5202,0.2420,0.2440,0.5987,0.6716,0.6427,0.7546,M50,MC,HA,Unincorporated ACT
310011275,Oxley (Qld),QLD,Metropolitan,1,2024,Ipswich,Greater Brisbane,0.6561,0.5663,0.6567,0.5017,0.7201,0.5201,0.4545,0.6180,0.6211,0.5013,0.6875,M50,MC,MA,Brisbane
128021536,Oyster Bay - Como - Jannali,NSW,Metropolitan,1,2024,Sydney - Sutherland,Greater Sydney,0.7310,0.7083,0.7996,0.7466,0.8187,0.4555,0.3637,0.7151,0.6080,0.8050,0.6909,H75,HC,HA,Sutherland
309061249,Pacific Pines - Gaven,QLD,Metropolitan,1,2024,Gold Coast,Rest of Qld,0.6196,0.5490,0.6250,0.5043,0.6839,0.8902,0.3953,0.6066,0.6379,0.4394,0.4571,M50,MC,MA,Gold Coast
505011081,Padbury,WA,Metropolitan,1,2024,Perth - North West,Greater Perth,0.5155,0.5029,0.5405,0.6650,0.7904,0.1274,0.2330,0.7590,0.4889,0.5714,0.6168,M50,MC,MA,Joondalup
305041135,Paddington - Milton,QLD,Metropolitan,1,2024,Brisbane Inner City,Greater Brisbane,0.6125,0.7553,0.7687,0.6153,0.6987,0.3051,0.4673,0.6180,0.7540,0.6703,0.7495,H75,MC,HA,Brisbane
118011345,Paddington - Moore Park,NSW,Metropolitan,1,2024,Sydney - Eastern Suburbs,Greater Sydney,0.6467,0.8264,0.8374,0.5926,0.6104,0.5638,0.3352,0.7302,0.7632,0.7962,0.6569,H75,MC,HA,Woollahra; Sydney
119011358,Padstow,NSW,Metropolitan,1,2024,Sydney - Inner South West,Greater Sydney,0.5870,0.5347,0.5982,0.5067,0.7658,0.5988,0.3785,0.6172,0.6808,0.3406,0.4291,M50,MC,MA,Canterbury-Bankstown
801011023,Page,ACT,Metropolitan,1,2024,Australian Capital Territory,Australian Capital Territory,0.3367,0.5136,0.4700,0.2719,0.4647,0.1026,0.2695,0.5987,0.5445,0.5111,0.8131,L25,LC,MA,Unincorporated ACT
117011323,Pagewood - Hillsdale - Daceyville,NSW,Metropolitan,1,2024,Sydney - City and Inner South,Greater Sydney,0.5219,0.4902,0.5344,0.3916,0.6227,0.3083,0.5693,0.6846,0.6659,0.2715,0.4384,M50,MC,MA,Bayside (NSW)
212011549,Pakenham - North East,VIC,Metropolitan,1,2024,Melbourne - South East,Greater Melbourne,0.7194,0.5381,0.6714,0.4500,0.6638,0.6887,0.4979,0.7731,0.6685,0.3678,0.6130,M50,HC,MA,Cardinia
212011550,Pakenham - North West,VIC,Metropolitan,1,2024,Melbourne - South East,Greater Melbourne,0.6403,0.6085,0.6784,0.4724,0.6043,0.5679,0.5000,0.7731,0.6822,0.4907,0.4883,M50,MC,MA,Cardinia
212011551,Pakenham - South East,VIC,Metropolitan,1,2024,Melbourne - South East,Greater Melbourne,0.6588,0.5811,0.6687,0.3404,0.6329,0.6465,0.4989,0.7731,0.6475,0.4901,0.6224,M50,MC,MA,Cardinia
212011552,Pakenham - South West,VIC,Metropolitan,1,2024,Melbourne - South East,Greater Melbourne,0.7143,0.5307,0.6633,0.4316,0.6457,0.7240,0.4989,0.7731,0.6414,0.3963,0.6286,M50,HC,MA,Cardinia
303051074,Pallara - Willawong,QLD,Metropolitan,1,2024,Brisbane - South,Greater Brisbane,0.5419,0.6226,0.6385,0.5077,0.6539,0.7477,0.4166,0.6180,0.7621,0.3876,0.3115,M50,MC,MA,Brisbane
309021234,Palm Beach,QLD,Metropolitan,1,2024,Gold Coast,Rest of Qld,0.5232,0.6427,0.6439,0.5840,0.7417,0.2082,0.4076,0.6066,0.6914,0.5454,0.6041,M50,MC,MA,Gold Coast
801041048,Palmerston,ACT,Metropolitan,1,2024,Australian Capital Territory,Australian Capital Territory,0.4564,0.7006,0.6543,0.5407,0.5180,0.2436,0.2377,0.5987,0.7850,0.5090,0.7977,M50,LC,HA,Unincorporated ACT
701041041,Palmerston - North,NT,Outer regional,3,2024,Darwin,Greater Darwin,0.3668,0.3395,0.3579,0.5009,0.6289,0.1354,0.4396,0.5792,0.3323,0.4591,0.3168,L25,LC,LA,Palmerston
701041042,Palmerston - South,NT,Outer regional,3,2024,Darwin,Greater Darwin,0.2555,0.3114,0.2944,0.4937,0.3634,0.1001,0.4373,0.5792,0.3793,0.3356,0.1847,L25,LC,LA,Palmerston
318011466,Palm Island,QLD,Remote,4,2024,Townsville,Rest of Qld,0.1232,0.1427,0.1283,0.2180,0.2008,0.4496,0.4158,0.0213,0.1342,0.3114,0.0643,L25,LC,LA,Palm Island
316061444,Palmwoods,QLD,Metropolitan,1,2024,Sunshine Coast,Rest of Qld,0.7075,0.6911,0.7740,0.6898,0.8006,0.6133,0.4223,0.5994,0.6526,0.7033,0.6352,H75,HC,HA,Sunshine Coast
119011657,Panania (North) - Milperra,NSW,Metropolitan,1,2024,Sydney - Inner South West,Greater Sydney,0.4400,0.4747,0.4857,0.5717,0.7409,0.1555,0.3796,0.6172,0.6534,0.2591,0.4031,L25,LC,MA,Canterbury-Bankstown
119011658,Panania (South) - Picnic Point,NSW,Metropolitan,1,2024,Sydney - Inner South West,Greater Sydney,0.5899,0.4522,0.5407,0.5947,0.7020,0.6036,0.3776,0.6172,0.6230,0.2613,0.4374,M50,MC,LA,Canterbury-Bankstown
403031070,Panorama,SA,Metropolitan,1,2024,Adelaide - South,Greater Adelaide,0.6972,0.6365,0.7293,0.5134,0.8078,0.2463,0.5352,0.7787,0.7071,0.5075,0.7547,H75,HC,MA,Mitcham
209031212,Panton Hill - St Andrews,VIC,Metropolitan,1,2024,Melbourne - North East,Greater Melbourne,0.8128,0.7610,0.8856,0.9167,0.8132,0.2534,0.5362,0.8445,0.7343,0.7136,0.7803,H75,HC,HA,Nillumbik
401041015,Paradise - Newton,SA,Metropolitan,1,2024,Adelaide - Central and Hills,Greater Adelaide,0.6491,0.5131,0.6150,0.3970,0.7824,0.3447,0.5822,0.6820,0.6383,0.3646,0.6993,M50,MC,MA,Campbelltown (SA)
309031239,Paradise Point - Hollywell,QLD,Metropolitan,1,2024,Gold Coast,Rest of Qld,0.6112,0.6658,0.7041,0.6324,0.7869,0.4135,0.3992,0.6066,0.6846,0.6027,0.5366,M50,MC,HA,Gold Coast
402041043,Parafield Gardens,SA,Metropolitan,1,2024,Adelaide - North,Greater Adelaide,0.5245,0.5788,0.5989,0.3166,0.6576,0.5261,0.5066,0.6485,0.7834,0.2588,0.3967,M50,MC,MA,Salisbury
402041041,Para Hills,SA,Metropolitan,1,2024,Adelaide - North,Greater Adelaide,0.6034,0.5763,0.6362,0.4460,0.8160,0.3532,0.5073,0.6524,0.7037,0.3895,0.5070,M50,MC,MA,Tea Tree Gully; Salisbury
402041044,Paralowie,SA,Metropolitan,1,2024,Adelaide - North,Greater Adelaide,0.5467,0.6307,0.6467,0.3325,0.6995,0.5517,0.5068,0.6485,0.8298,0.2865,0.4012,M50,MC,MA,Salisbury
701011007,Parap,NT,Outer regional,3,2024,Darwin,Greater Darwin,0.3832,0.5144,0.4896,0.5150,0.5445,0.1108,0.5232,0.5772,0.5313,0.5323,0.4118,L25,LC,MA,Darwin
308031214,Park Avenue,QLD,Inner regional,2,2024,Fitzroy,Rest of Qld,0.4927,0.4682,0.5050,0.4105,0.7200,0.2443,0.4531,0.5935,0.5145,0.4634,0.5257,L25,MC,LA,Rockhampton
103021067,Parkes (NSW),NSW,Outer regional,3,2024,Central West,Rest of NSW,0.5321,0.5665,0.5938,0.5295,0.6993,0.3554,0.6103,0.5566,0.5624,0.5913,0.4112,M50,MC,MA,Parkes
103021068,Parkes Surrounds,NSW,Outer regional,3,2024,Central West,Rest of NSW,0.3878,0.5966,0.5502,0.7114,0.4239,0.3686,0.6029,0.1043,0.6012,0.5931,0.4453,M50,LC,MA,Parkes; Cabonne; Forbes
308031215,Parkhurst - Kawana,QLD,Inner regional,2,2024,Fitzroy,Rest of Qld,0.5575,0.4405,0.5162,0.4686,0.7192,0.3958,0.4523,0.5935,0.5208,0.3969,0.4894,L25,MC,LA,Rockhampton
303051075,Parkinson - Drewvale,QLD,Metropolitan,1,2024,Brisbane - South,Greater Brisbane,0.6591,0.5584,0.6527,0.4647,0.7436,0.8492,0.4179,0.6180,0.6343,0.4647,0.5284,M50,MC,MA,Brisbane
604011078,Parklands - Camdale,TAS,Outer regional,3,2024,West and North West,Rest of Tas.,0.4572,0.4157,0.4512,0.4314,0.6746,0.1807,0.6679,0.3928,0.5208,0.3451,0.6851,L25,LC,LA,Burnie
206041124,Parkville,VIC,Metropolitan,1,2024,Melbourne - Inner,Greater Melbourne,0.6509,0.5918,0.6721,0.3587,0.5706,0.2843,0.6211,1.0000,0.7459,0.3510,0.6572,M50,MC,MA,Melbourne
309091265,Parkwood,QLD,Metropolitan,1,2024,Gold Coast,Rest of Qld,0.7010,0.5749,0.6874,0.5121,0.7443,1.0000,0.4163,0.6066,0.6957,0.3997,0.5782,M50,HC,MA,Gold Coast
506031128,Parkwood - Ferndale - Lynwood,WA,Metropolitan,1,2024,Perth - South East,Greater Perth,0.4562,0.4421,0.4696,0.4901,0.7878,0.1207,0.2923,0.7360,0.5067,0.4213,0.4846,L25,LC,LA,Canning
507031174,Parmelia - Orelia,WA,Metropolitan,1,2024,Perth - South West,Greater Perth,0.5010,0.2856,0.3784,0.3121,0.7217,0.5427,0.2534,0.7387,0.3766,0.2850,0.4201,L25,MC,LA,Kwinana
125041717,Parramatta - North,NSW,Metropolitan,1,2024,Sydney - Parramatta,Greater Sydney,0.4074,0.5551,0.5290,0.4257,0.4240,0.2041,0.5703,0.7151,0.6920,0.3648,0.3399,M50,LC,MA,Parramatta
125041718,Parramatta - South,NSW,Metropolitan,1,2024,Sydney - Parramatta,Greater Sydney,0.4786,0.5888,0.5846,0.3668,0.4906,0.3690,0.5676,0.7151,0.7222,0.3847,0.3754,M50,MC,MA,Parramatta
316021423,Parrearra - Warana,QLD,Metropolitan,1,2024,Sunshine Coast,Rest of Qld,0.6824,0.6338,0.7192,0.5503,0.7933,0.5786,0.4402,0.5994,0.5841,0.6934,0.6388,H75,HC,MA,Sunshine Coast
210031538,Pascoe Vale,VIC,Metropolitan,1,2024,Melbourne - North West,Greater Melbourne,0.6090,0.4723,0.5648,0.4820,0.7276,0.2046,0.4528,0.8025,0.5733,0.3824,0.6971,M50,MC,LA,Merri-bek
206011109,Pascoe Vale South,VIC,Metropolitan,1,2024,Melbourne - Inner,Greater Melbourne,0.7425,0.6489,0.7637,0.5847,0.8277,0.2118,0.5779,0.8025,0.6983,0.5468,0.7914,H75,HC,HA,Merri-bek
401051018,Payneham - Felixstow,SA,Metropolitan,1,2024,Adelaide - Central and Hills,Greater Adelaide,0.6635,0.6367,0.7109,0.3943,0.7958,0.3069,0.6041,0.7160,0.7847,0.3782,0.7576,M50,HC,MA,Norwood Payneham and St Peters
205021086,Paynesville,VIC,Outer regional,3,2024,Latrobe - Gippsland,Rest of Vic.,0.6538,0.6456,0.7120,0.5515,0.6455,0.6206,0.5706,0.5890,0.6316,0.6449,0.6017,H75,MC,HA,East Gippsland
119031372,Peakhurst - Lugarno,NSW,Metropolitan,1,2024,Sydney - Inner South West,Greater Sydney,0.5907,0.5493,0.6105,0.6028,0.8731,0.2252,0.3704,0.6727,0.5955,0.5064,0.6166,M50,MC,MA,Georges River
801091108,Pearce,ACT,Metropolitan,1,2024,Australian Capital Territory,Australian Capital Territory,0.4408,0.7713,0.6978,0.6606,0.6468,0.0610,0.2759,0.5987,0.7132,0.7673,0.8186,M50,LC,HA,Unincorporated ACT
212031308,Pearcedale - Tooradin,VIC,Metropolitan,1,2024,Melbourne - South East,Greater Melbourne,0.8105,0.5925,0.7639,0.7553,0.7515,0.6899,0.4411,0.7825,0.6175,0.5600,0.6099,H75,HC,MA,Casey
501031020,Pemberton,WA,Outer regional,3,2024,Bunbury,Rest of WA,0.4007,0.5306,0.5086,0.7522,0.5681,0.3331,0.2496,0.1163,0.5062,0.6020,0.7345,L25,LC,MA,Nannup; Augusta Margaret River; Manjimup
125031715,Pemulwuy - Greystanes (North),NSW,Metropolitan,1,2024,Sydney - Parramatta,Greater Sydney,0.6349,0.4115,0.5348,0.5743,0.7642,0.4911,0.5258,0.6464,0.5931,0.2227,0.4315,M50,MC,LA,Cumberland
125041588,Pendle Hill - Girraween,NSW,Metropolitan,1,2024,Sydney - Parramatta,Greater Sydney,0.5645,0.5213,0.5773,0.4184,0.6865,0.4478,0.5735,0.6464,0.7212,0.2444,0.4061,M50,MC,MA,Cumberland
604011079,Penguin - Sulphur Creek,TAS,Outer regional,3,2024,West and North West,Rest of Tas.,0.5114,0.5075,0.5418,0.6848,0.7290,0.2483,0.6277,0.1781,0.5548,0.4831,0.7156,M50,MC,MA,Central Coast (Tas.)
126011496,Pennant Hills - Cheltenham,NSW,Metropolitan,1,2024,Sydney - Ryde,Greater Sydney,0.7412,0.6375,0.7549,0.6121,0.7717,0.4792,0.4306,0.7151,0.5959,0.6831,0.7338,H75,HC,MA,Hornsby
407021156,Penola,SA,Outer regional,3,2024,South Australia - South East,Rest of SA,0.5018,0.5877,0.5945,0.7055,0.5826,0.3749,0.5011,0.1578,0.6526,0.4954,0.8050,M50,MC,MA,Wattle Range
124031464,Penrith,NSW,Metropolitan,1,2024,Sydney - Outer West and Blue Mountains,Greater Sydney,0.5380,0.4014,0.4787,0.3537,0.5870,0.4194,0.6074,0.6750,0.5788,0.2240,0.4397,L25,MC,LA,Penrith
119031667,Penshurst,NSW,Metropolitan,1,2024,Sydney - Inner South West,Greater Sydney,0.5313,0.3979,0.4730,0.4054,0.5636,0.4489,0.3761,0.6727,0.5163,0.3146,0.5199,L25,MC,LA,Georges River
316051543,Peregian Beach - Marcus Beach,QLD,Metropolitan,1,2024,Sunshine Coast,Rest of Qld,0.6478,0.6791,0.7328,0.6929,0.8006,0.4144,0.4314,0.5957,0.6811,0.6348,0.6064,H75,MC,HA,Noosa
316051544,Peregian Springs,QLD,Metropolitan,1,2024,Sunshine Coast,Rest of Qld,0.5730,0.5916,0.6317,0.5319,0.5805,0.7533,0.4316,0.5994,0.5795,0.6161,0.4410,M50,MC,MA,Sunshine Coast
602031062,Perth - Evandale,TAS,Inner regional,2,2024,Launceston and North East,Rest of Tas.,0.6367,0.5730,0.6512,0.7470,0.7651,0.5422,0.6941,0.0887,0.5998,0.5479,0.6899,M50,MC,MA,Northern Midlands
503021296,Perth (North) - Highgate,WA,Metropolitan,1,2024,Perth - Inner,Greater Perth,0.5011,0.6173,0.6153,0.5174,0.6372,0.1117,0.3107,0.8955,0.6161,0.6120,0.6084,M50,MC,MA,Vincent
503021297,Perth (West) - Northbridge,WA,Metropolitan,1,2024,Perth - Inner,Greater Perth,0.4487,0.6301,0.6005,0.4898,0.5694,0.1012,0.3107,0.8901,0.6569,0.5745,0.5194,M50,LC,MA,Perth
405031121,Peterborough - Mount Remarkable,SA,Outer regional,3,2024,Barossa - Yorke - Mid North,Rest of SA,0.3844,0.4815,0.4666,0.6451,0.4488,0.1689,0.4991,0.0944,0.5535,0.4319,0.8346,L25,LC,MA,Orroroo Carrieton; Peterborough; Mount Remarkable
702011050,Petermann - Simpson,NT,Very remote,5,2024,Northern Territory - Outback,Rest of NT,0.1289,0.3821,0.3011,0.5098,0.2621,0.1342,0.2108,0.0569,0.4056,0.4447,0.2513,L25,LC,LA,MacDonnell; Unincorporated NT
117021327,Petersham - Stanmore,NSW,Metropolitan,1,2024,Sydney - City and Inner South,Greater Sydney,0.7708,0.6604,0.7886,0.5766,0.6705,0.5286,0.5798,0.7266,0.7089,0.5531,0.8140,H75,HC,HA,Inner West
314031393,Petrie,QLD,Metropolitan,1,2024,Moreton Bay - South,Greater Brisbane,0.6037,0.5357,0.6073,0.5945,0.7805,0.3789,0.3585,0.6039,0.5511,0.5460,0.6508,M50,MC,MA,Moreton Bay
801091109,Phillip,ACT,Metropolitan,1,2024,Australian Capital Territory,Australian Capital Territory,0.3926,0.5228,0.4996,0.4510,0.4784,0.1869,0.2799,0.5987,0.6806,0.3159,0.6649,L25,LC,MA,Unincorporated ACT
205031091,Phillip Island,VIC,Inner regional,2,2024,Latrobe - Gippsland,Rest of Vic.,0.7219,0.5574,0.6866,0.5891,0.6848,0.6442,0.5625,0.6448,0.5836,0.5409,0.6456,M50,HC,MA,Bass Coast
319041518,Pialba - Eli Waters,QLD,Inner regional,2,2024,Wide Bay,Rest of Qld,0.4703,0.4170,0.4581,0.2732,0.5968,0.5855,0.4443,0.5520,0.4171,0.4999,0.4635,L25,LC,LA,Fraser Coast
506011308,Piara Waters - Forrestdale,WA,Metropolitan,1,2024,Perth - South East,Greater Perth,0.4643,0.3801,0.4290,0.5275,0.6482,0.3689,0.2858,0.7501,0.4306,0.4049,0.2817,L25,LC,LA,Armadale
123031447,Picton - Tahmoor - Buxton,NSW,Inner regional,2,2024,Sydney - Outer South West,Greater Sydney,0.7414,0.5388,0.6845,0.6861,0.7224,0.5850,0.5392,0.7078,0.5523,0.5504,0.5420,M50,HC,MA,Wollondilly; Wingecarribee
309071554,Pimpama - North,QLD,Metropolitan,1,2024,Gold Coast,Rest of Qld,0.4665,0.5825,0.5746,0.4487,0.5554,0.5375,0.3937,0.6066,0.6972,0.4130,0.3281,M50,LC,MA,Gold Coast
309071555,Pimpama - South,QLD,Metropolitan,1,2024,Gold Coast,Rest of Qld,0.3087,0.6229,0.5371,0.3387,0.3342,0.2532,0.3937,0.6066,0.6657,0.5463,0.2881,M50,LC,MA,Gold Coast
502011029,Pinjarra,WA,Metropolitan,1,2024,Mandurah,Greater Perth,0.5570,0.4113,0.4950,0.5412,0.6663,0.5915,0.2578,0.6320,0.4520,0.4382,0.5571,L25,MC,LA,Murray
304021091,Pinjarra Hills - Pullenvale,QLD,Metropolitan,1,2024,Brisbane - West,Greater Brisbane,0.7312,0.8707,0.9157,0.7941,0.8679,0.7770,0.2370,0.6180,0.7255,0.9424,0.6911,H75,HC,HA,Brisbane
312021351,Pioneer Valley,QLD,Outer regional,3,2024,Mackay,Rest of Qld,0.4132,0.6013,0.5644,0.7309,0.6254,0.4515,0.4354,0.1283,0.6614,0.5092,0.3786,M50,LC,MA,Mackay
307021182,Pittsworth,QLD,Inner regional,2,2024,Darling Downs - Maranoa,Rest of Qld,0.4754,0.4986,0.5187,0.6408,0.5908,0.3528,0.3553,0.5966,0.5108,0.5306,0.3638,L25,MC,MA,Toowoomba
115041301,Pitt Town - McGraths Hill,NSW,Metropolitan,1,2024,Sydney - Baulkham Hills and Hawkesbury,Greater Sydney,0.6093,0.6638,0.7017,0.7775,0.7458,0.5410,0.1930,0.7024,0.6535,0.6475,0.5431,M50,MC,HA,The Hills; Hawkesbury
509011234,Plantagenet,WA,Outer regional,3,2024,Western Australia - Wheat Belt,Rest of WA,0.2956,0.5564,0.4845,0.6703,0.5088,0.1221,0.2690,0.1204,0.5743,0.5531,0.6669,L25,LC,MA,Plantagenet
209031213,Plenty - Yarrambat,VIC,Metropolitan,1,2024,Melbourne - North East,Greater Melbourne,0.8589,0.6784,0.8554,0.7722,0.8743,0.3507,0.5358,0.8445,0.6304,0.7121,0.7485,H75,HC,HA,Nillumbik
404031107,Plympton,SA,Metropolitan,1,2024,Adelaide - West,Greater Adelaide,0.6136,0.6284,0.6787,0.4229,0.7357,0.2662,0.5669,0.7083,0.7820,0.3658,0.6893,M50,MC,MA,West Torrens; Holdfast Bay
102011037,Point Clare - Koolewong,NSW,Metropolitan,1,2024,Central Coast,Greater Sydney,0.7541,0.6005,0.7359,0.6040,0.7336,0.6779,0.6078,0.6443,0.6162,0.5781,0.6266,H75,HC,MA,Central Coast (NSW)
213051464,Point Cook - East,VIC,Metropolitan,1,2024,Melbourne - West,Greater Melbourne,0.5910,0.6511,0.6832,0.4260,0.5954,0.7269,0.4759,0.8025,0.7562,0.4564,0.3349,M50,MC,HA,Wyndham
213051580,Point Cook - North East,VIC,Metropolitan,1,2024,Melbourne - West,Greater Melbourne,0.7952,0.5213,0.7037,0.4984,0.8044,0.8026,0.4788,0.8025,0.6438,0.3728,0.5476,M50,HC,MA,Wyndham
213051581,Point Cook - North West,VIC,Metropolitan,1,2024,Melbourne - West,Greater Melbourne,0.6620,0.5125,0.6214,0.4399,0.6207,0.7683,0.4808,0.8025,0.6347,0.3691,0.4571,M50,HC,MA,Wyndham
213051466,Point Cook - South,VIC,Metropolitan,1,2024,Melbourne - West,Greater Melbourne,0.5629,0.5956,0.6295,0.4043,0.5112,0.7319,0.4788,0.8025,0.7129,0.4141,0.3384,M50,MC,MA,Wyndham
203031052,Point Lonsdale - Queenscliff,VIC,Inner regional,2,2024,Geelong,Rest of Vic.,0.6380,0.6507,0.7073,0.6789,0.7377,0.1858,0.5614,0.6689,0.6320,0.6545,0.8065,M50,MC,HA,Queenscliffe; Greater Geelong
214021383,Point Nepean,VIC,Metropolitan,1,2024,Mornington Peninsula,Greater Melbourne,0.6039,0.5559,0.6219,0.7095,0.7756,0.0967,0.5450,0.7001,0.6011,0.5113,0.7013,M50,MC,MA,Mornington Peninsula
319041519,Point Vernon,QLD,Inner regional,2,2024,Wide Bay,Rest of Qld,0.3812,0.4375,0.4338,0.3439,0.5243,0.2065,0.4426,0.5520,0.4526,0.4909,0.4730,L25,LC,LA,Fraser Coast
402041172,Pooraka - Cavan,SA,Metropolitan,1,2024,Adelaide - North,Greater Adelaide,0.5989,0.5497,0.6149,0.3640,0.7772,0.4950,0.5073,0.6485,0.7257,0.2970,0.4684,M50,MC,MA,Salisbury
404021101,Port Adelaide,SA,Metropolitan,1,2024,Adelaide - West,Greater Adelaide,0.5949,0.4995,0.5770,0.4107,0.7801,0.3564,0.5182,0.6668,0.7145,0.2090,0.4994,M50,MC,MA,Port Adelaide Enfield
203031051,Portarlington,VIC,Inner regional,2,2024,Geelong,Rest of Vic.,0.7502,0.6616,0.7773,0.5945,0.7172,0.4930,0.5595,0.7116,0.6870,0.5906,0.6905,H75,HC,HA,Greater Geelong
406021142,Port Augusta,SA,Outer regional,3,2024,South Australia - Outback,Rest of SA,0.4513,0.4419,0.4673,0.4831,0.6830,0.3369,0.4669,0.5579,0.5050,0.4234,0.3049,L25,LC,LA,Port Augusta
306041165,Port Douglas,QLD,Outer regional,3,2024,Cairns,Rest of Qld,0.4954,0.4603,0.5006,0.6164,0.5279,0.6816,0.3961,0.5499,0.5651,0.3701,0.3253,L25,MC,LA,Douglas
510021269,Port Hedland,WA,Remote,4,2024,,Rest of WA,0.4570,0.3697,0.4183,0.7426,0.4524,0.5622,0.2884,0.6520,0.3399,0.5104,0.2732,L25,LC,LA,Port Hedland
107011546,Port Kembla - Warrawong,NSW,Metropolitan,1,2024,Illawarra,Rest of NSW,0.5738,0.3545,0.4628,0.3085,0.6986,0.4894,0.5822,0.6798,0.5259,0.2075,0.4670,L25,MC,LA,Wollongong
507051187,Port Kennedy,WA,Metropolitan,1,2024,Perth - South West,Greater Perth,0.6341,0.4050,0.5297,0.4830,0.7958,0.8053,0.2634,0.7253,0.4200,0.4712,0.4764,M50,MC,LA,Rockingham
217011422,Portland,VIC,Outer regional,3,2024,Warrnambool and South West,Rest of Vic.,0.5601,0.5350,0.5849,0.5283,0.7165,0.1839,0.5902,0.5876,0.5517,0.5439,0.7579,M50,MC,MA,Glenelg
406011133,Port Lincoln,SA,Remote,4,2024,South Australia - Outback,Rest of SA,0.5922,0.5433,0.6069,0.6019,0.7129,0.4384,0.5605,0.5494,0.5712,0.5311,0.4947,M50,MC,MA,Port Lincoln; Unincorporated SA; Lower Eyre Peninsula
108041619,Port Macquarie - East,NSW,Inner regional,2,2024,Mid North Coast,Rest of NSW,0.6314,0.6001,0.6677,0.5963,0.6552,0.4450,0.6120,0.5914,0.5655,0.6540,0.5978,M50,MC,MA,Port Macquarie-Hastings
108041620,Port Macquarie - South,NSW,Inner regional,2,2024,Mid North Coast,Rest of NSW,0.6456,0.6202,0.6896,0.5365,0.6218,0.6076,0.6085,0.5914,0.6013,0.6405,0.5924,M50,MC,MA,Port Macquarie-Hastings
108041165,Port Macquarie Surrounds,NSW,Inner regional,2,2024,Mid North Coast,Rest of NSW,0.5897,0.7209,0.7325,0.8153,0.6173,0.3173,0.6011,0.5914,0.7328,0.6361,0.5149,H75,MC,HA,Port Macquarie-Hastings; Mid-Coast
108041164,Port Macquarie - West,NSW,Inner regional,2,2024,Mid North Coast,Rest of NSW,0.5605,0.5865,0.6219,0.3779,0.5904,0.4987,0.6170,0.5914,0.6076,0.5632,0.5562,M50,MC,MA,Port Macquarie-Hastings
206051130,Port Melbourne,VIC,Metropolitan,1,2024,Melbourne - Inner,Greater Melbourne,0.6876,0.8023,0.8424,0.5504,0.7093,0.2256,0.5654,0.8856,0.8609,0.5854,0.7015,H75,HC,HA,Port Phillip
206051511,Port Melbourne Industrial,VIC,Metropolitan,1,2024,Melbourne - Inner,Greater Melbourne,0.5483,0.6400,0.6541,0.5282,0.6205,0.1386,0.5605,0.8856,0.8927,0.1908,0.4986,M50,MC,MA,Port Phillip; Melbourne
405031122,Port Pirie,SA,Outer regional,3,2024,Barossa - Yorke - Mid North,Rest of SA,0.5042,0.3660,0.4373,0.4061,0.6307,0.3442,0.5014,0.5540,0.4184,0.3932,0.5464,L25,MC,LA,Port Pirie
405031123,Port Pirie Surrounds,SA,Outer regional,3,2024,Barossa - Yorke - Mid North,Rest of SA,0.5490,0.4729,0.5351,0.7042,0.6333,0.3051,0.4991,0.5540,0.5346,0.4428,0.5738,M50,MC,LA,Port Pirie
604021089,Port Sorell,TAS,Outer regional,3,2024,West and North West,Rest of Tas.,0.5737,0.5688,0.6158,0.6644,0.7131,0.5534,0.6293,0.0098,0.5935,0.5489,0.6525,M50,MC,MA,Latrobe (Tas.)
117031333,Potts Point - Woolloomooloo,NSW,Metropolitan,1,2024,Sydney - City and Inner South,Greater Sydney,0.6057,0.7922,0.7915,0.5531,0.5789,0.2945,0.6308,0.7389,0.8675,0.5535,0.5822,H75,MC,HA,Sydney
112031253,Pottsville,NSW,Metropolitan,1,2024,Richmond - Tweed,Rest of NSW,0.6962,0.6717,0.7538,0.6457,0.7228,0.6451,0.5863,0.5963,0.7174,0.5620,0.5455,H75,HC,HA,Tweed
206061136,Prahran - Windsor,VIC,Metropolitan,1,2024,Melbourne - Inner,Greater Melbourne,0.6490,0.7026,0.7502,0.5158,0.6639,0.1479,0.6053,0.9121,0.7623,0.5510,0.7355,H75,MC,HA,Stonnington
209021428,Preston - East,VIC,Metropolitan,1,2024,Melbourne - North East,Greater Melbourne,0.5985,0.5656,0.6260,0.4273,0.7833,0.1533,0.5345,0.7670,0.7583,0.2746,0.7057,M50,MC,MA,Darebin
127031733,Prestons,NSW,Metropolitan,1,2024,Sydney - South West,Greater Sydney,0.5839,0.4652,0.5469,0.4938,0.8425,0.6658,0.4718,0.6363,0.6011,0.3238,0.2598,M50,MC,LA,Liverpool
209021429,Preston - West,VIC,Metropolitan,1,2024,Melbourne - North East,Greater Melbourne,0.6202,0.5352,0.6155,0.4780,0.7110,0.2023,0.5345,0.7670,0.6529,0.3869,0.7533,M50,MC,MA,Darebin
312031361,Proserpine,QLD,Outer regional,3,2024,Mackay,Rest of Qld,0.4988,0.5202,0.5449,0.6842,0.7698,0.5333,0.4358,0.1193,0.5760,0.4770,0.4804,M50,MC,MA,Whitsunday
401061021,Prospect,SA,Metropolitan,1,2024,Adelaide - Central and Hills,Greater Adelaide,0.6834,0.6234,0.7123,0.5399,0.7837,0.2255,0.5949,0.7787,0.6922,0.5048,0.6697,H75,HC,MA,Prospect
602011044,Prospect Vale - Blackstone,TAS,Inner regional,2,2024,Launceston and North East,Rest of Tas.,0.6920,0.6043,0.7034,0.5600,0.7089,0.5818,0.8862,0.3954,0.6351,0.5567,0.7638,M50,HC,MA,West Tamar; Meander Valley
119021366,Punchbowl,NSW,Metropolitan,1,2024,Sydney - Inner South West,Greater Sydney,0.4445,0.4277,0.4542,0.3007,0.7214,0.5478,0.3739,0.6172,0.6535,0.1577,0.2659,L25,LC,LA,Canterbury-Bankstown
126021590,Putney,NSW,Metropolitan,1,2024,Sydney - Ryde,Greater Sydney,0.8151,0.8101,0.9221,0.7357,0.8138,0.6660,0.4576,0.7176,0.8013,0.7019,0.6460,H75,HC,HA,Ryde
121031409,Pymble,NSW,Metropolitan,1,2024,Sydney - North Sydney and Hornsby,Greater Sydney,0.7087,0.7709,0.8316,0.6018,0.6521,0.5465,0.4586,0.7182,0.6987,0.7893,0.6823,H75,HC,HA,Ku-ring-gai
117031641,Pyrmont,NSW,Metropolitan,1,2024,Sydney - City and Inner South,Greater Sydney,0.5670,0.7961,0.7747,0.4727,0.5764,0.3415,0.6214,0.7389,0.8486,0.5940,0.4521,H75,MC,HA,Sydney
116021563,Quakers Hill,NSW,Metropolitan,1,2024,Sydney - Blacktown,Greater Sydney,0.6253,0.5087,0.5992,0.5137,0.6709,0.6301,0.4954,0.7082,0.5804,0.4465,0.4030,M50,MC,MA,Blacktown
101021009,Queanbeyan,NSW,Metropolitan,1,2024,Capital Region,Rest of NSW,0.6261,0.5212,0.6085,0.4590,0.6076,0.5039,0.5771,0.7166,0.6244,0.4035,0.5028,M50,MC,MA,Queanbeyan-Palerang
101021010,Queanbeyan - East,NSW,Metropolitan,1,2024,Capital Region,Rest of NSW,0.6385,0.5257,0.6183,0.5456,0.6315,0.4677,0.5755,0.7166,0.6602,0.3555,0.4826,M50,MC,MA,Queanbeyan-Palerang
101021611,Queanbeyan Surrounds,NSW,Metropolitan,1,2024,Capital Region,Rest of NSW,0.4553,0.5594,0.5530,0.9056,0.6603,0.2786,0.5756,0.1991,0.7253,0.3179,0.4351,M50,LC,MA,Goulburn Mulwaree; Snowy Monaro; Queanbeyan-Palerang
101021012,Queanbeyan West - Jerrabomberra,NSW,Metropolitan,1,2024,Capital Region,Rest of NSW,0.7245,0.6729,0.7706,0.7550,0.6437,0.7532,0.5706,0.7166,0.6030,0.7427,0.4500,H75,HC,HA,Queanbeyan-Palerang
110041201,Quirindi,NSW,Inner regional,2,2024,New England and North West,Rest of NSW,0.5903,0.5828,0.6341,0.6114,0.4658,0.6585,0.6344,0.5289,0.6094,0.5528,0.5530,M50,MC,MA,Liverpool Plains
604021090,Quoiba - Spreyton,TAS,Outer regional,3,2024,West and North West,Rest of Tas.,0.6103,0.5020,0.5867,0.7275,0.8465,0.4001,0.6353,0.3926,0.5346,0.5023,0.5241,M50,MC,MA,Devonport; Latrobe (Tas.)
406021140,Quorn - Lake Gilles,SA,Outer regional,3,2024,South Australia - Outback,Rest of SA,0.3866,0.5691,0.5301,0.7029,0.6522,0.2271,0.4657,0.0923,0.6049,0.5320,0.5139,M50,LC,MA,Port Augusta; Unincorporated SA; Flinders Ranges
310031293,Raceview,QLD,Metropolitan,1,2024,Ipswich,Greater Brisbane,0.5500,0.4444,0.5153,0.4836,0.7339,0.7163,0.4595,0.6058,0.5040,0.4300,0.2790,L25,MC,LA,Ipswich
118021569,Randwick - North,NSW,Metropolitan,1,2024,Sydney - Eastern Suburbs,Greater Sydney,0.5115,0.6242,0.6252,0.5243,0.6721,0.1574,0.3665,0.7166,0.6442,0.5826,0.6640,M50,MC,MA,Randwick
118021570,Randwick - South,NSW,Metropolitan,1,2024,Sydney - Eastern Suburbs,Greater Sydney,0.4946,0.5719,0.5799,0.4840,0.6428,0.1517,0.3692,0.7166,0.5797,0.5763,0.6719,M50,MC,MA,Randwick
317011455,Rangeville,QLD,Inner regional,2,2024,Toowoomba,Rest of Qld,0.5583,0.7217,0.7174,0.5016,0.6998,0.5211,0.4573,0.5966,0.6599,0.7526,0.4049,H75,MC,HA,Toowoomba
701021026,Rapid Creek,NT,Outer regional,3,2024,Darwin,Greater Darwin,0.4001,0.4723,0.4667,0.5304,0.6011,0.0839,0.5321,0.5772,0.5265,0.4538,0.4617,L25,LC,LA,Darwin
602011045,Ravenswood,TAS,Inner regional,2,2024,Launceston and North East,Rest of Tas.,0.4343,0.3372,0.3850,0.1424,0.5732,0.4264,0.9029,0.4031,0.5767,0.0868,0.5939,L25,LC,LA,Launceston
106031122,Raymond Terrace,NSW,Metropolitan,1,2024,Hunter Valley exc Newcastle,Rest of NSW,0.6407,0.4154,0.5407,0.4186,0.7513,0.5888,0.5357,0.6031,0.5097,0.3614,0.5715,M50,MC,LA,Port Stephens
310041302,Redbank Plains,QLD,Metropolitan,1,2024,Ipswich,Greater Brisbane,0.3502,0.4109,0.4022,0.2363,0.4606,0.7301,0.4411,0.6058,0.5631,0.2695,0.1228,L25,LC,LA,Ipswich
313051379,Redcliffe,QLD,Metropolitan,1,2024,Moreton Bay - North,Greater Brisbane,0.4926,0.3537,0.4231,0.3551,0.6778,0.2578,0.4352,0.6039,0.4606,0.3057,0.6389,L25,MC,LA,Moreton Bay
215021399,Red Cliffs,VIC,Outer regional,3,2024,North West,Rest of Vic.,0.4738,0.6857,0.6516,0.5419,0.6616,0.1401,0.5842,0.6091,0.7408,0.5525,0.4943,M50,MC,HA,Mildura
117031642,Redfern,NSW,Metropolitan,1,2024,Sydney - City and Inner South,Greater Sydney,0.6443,0.7483,0.7804,0.4872,0.5800,0.4085,0.6214,0.7389,0.7904,0.5966,0.6185,H75,MC,HA,Sydney
111011211,Redhead,NSW,Metropolitan,1,2024,Newcastle and Lake Macquarie,Rest of NSW,0.8405,0.6300,0.8092,0.6307,0.7952,0.7686,0.6117,0.6548,0.5661,0.7126,0.7225,H75,HC,MA,Lake Macquarie
801061069,Red Hill (ACT),ACT,Metropolitan,1,2024,Australian Capital Territory,Australian Capital Territory,0.4273,0.7964,0.7099,0.6398,0.6884,0.0367,0.2729,0.5987,0.7717,0.7232,0.7852,M50,LC,HA,Unincorporated ACT
305041136,Red Hill (Qld),QLD,Metropolitan,1,2024,Brisbane Inner City,Greater Brisbane,0.6469,0.7618,0.7913,0.6108,0.6865,0.3712,0.4673,0.6180,0.7903,0.6238,0.8103,H75,MC,HA,Brisbane
301021009,Redland Bay,QLD,Metropolitan,1,2024,Brisbane - East,Greater Brisbane,0.6291,0.5971,0.6644,0.6662,0.7063,0.6193,0.3739,0.5997,0.5846,0.6194,0.5462,M50,MC,MA,Redland
306011141,Redlynch,QLD,Outer regional,3,2024,Cairns,Rest of Qld,0.5611,0.5965,0.6294,0.6122,0.7413,0.7151,0.4514,0.5949,0.5760,0.6311,0.2550,M50,MC,MA,Cairns
402051054,Redwood Park,SA,Metropolitan,1,2024,Adelaide - North,Greater Adelaide,0.7450,0.5257,0.6772,0.7463,0.8361,0.3315,0.5218,0.7008,0.4988,0.6029,0.7348,M50,HC,MA,Tea Tree Gully
309051245,Reedy Creek - Andrews,QLD,Metropolitan,1,2024,Gold Coast,Rest of Qld,0.6604,0.5590,0.6538,0.5858,0.7361,0.8702,0.3972,0.6066,0.5599,0.5800,0.4949,M50,MC,MA,Gold Coast
125011587,Regents Park,NSW,Metropolitan,1,2024,Sydney - Parramatta,Greater Sydney,0.5472,0.5638,0.5991,0.3054,0.7485,0.5934,0.5438,0.6423,0.7863,0.2215,0.3678,M50,MC,MA,Canterbury-Bankstown; Cumberland
311031319,Regents Park - Heritage Park,QLD,Metropolitan,1,2024,Logan - Beaudesert,Greater Brisbane,0.5797,0.4329,0.5218,0.4345,0.7598,0.8544,0.4120,0.5997,0.4851,0.4344,0.3532,M50,MC,LA,Logan
801051127,Reid,ACT,Metropolitan,1,2024,Australian Capital Territory,Australian Capital Territory,0.3859,0.5143,0.4907,0.6413,0.4248,0.0460,0.2650,0.5987,0.6146,0.4048,0.8772,L25,LC,MA,Unincorporated ACT
407031167,Renmark,SA,Outer regional,3,2024,South Australia - South East,Rest of SA,0.4885,0.4402,0.4830,0.2805,0.5791,0.4279,0.4938,0.5659,0.5789,0.3066,0.6100,L25,MC,LA,Renmark Paringa
407031168,Renmark Surrounds,SA,Outer regional,3,2024,South Australia - South East,Rest of SA,0.5045,0.5513,0.5698,0.7201,0.6211,0.5246,0.4913,0.1242,0.6051,0.4956,0.5898,M50,MC,MA,Renmark Paringa
209031214,Research - North Warrandyte,VIC,Metropolitan,1,2024,Melbourne - North East,Greater Melbourne,0.9854,0.7582,0.9967,0.8495,0.9285,0.5147,0.5327,0.8445,0.6847,0.7862,0.7991,H75,HC,HA,Nillumbik
209021523,Reservoir - North East,VIC,Metropolitan,1,2024,Melbourne - North East,Greater Melbourne,0.5193,0.5297,0.5614,0.3777,0.6003,0.1889,0.5327,0.7670,0.6785,0.3339,0.6209,M50,MC,MA,Darebin
209021524,Reservoir - North West,VIC,Metropolitan,1,2024,Melbourne - North East,Greater Melbourne,0.6071,0.5217,0.5991,0.3963,0.8031,0.2272,0.5319,0.7670,0.6788,0.3165,0.6074,M50,MC,MA,Darebin
209021525,Reservoir - South East,VIC,Metropolitan,1,2024,Melbourne - North East,Greater Melbourne,0.5579,0.5341,0.5832,0.3780,0.7171,0.1872,0.5369,0.7670,0.6863,0.3303,0.6259,M50,MC,MA,Darebin
209021526,Reservoir - South West,VIC,Metropolitan,1,2024,Melbourne - North East,Greater Melbourne,0.6046,0.6248,0.6714,0.4532,0.7788,0.1621,0.5345,0.7670,0.7939,0.3375,0.6717,M50,MC,MA,Darebin
119011360,Revesby,NSW,Metropolitan,1,2024,Sydney - Inner South West,Greater Sydney,0.5205,0.4131,0.4787,0.4647,0.6446,0.6055,0.3796,0.6172,0.5557,0.2859,0.3638,L25,MC,LA,Canterbury-Bankstown
403041086,Reynella,SA,Metropolitan,1,2024,Adelaide - South,Greater Adelaide,0.7052,0.4674,0.6129,0.5637,0.7340,0.4488,0.5109,0.6754,0.5299,0.4385,0.7025,M50,HC,LA,Marion; Onkaparinga
120011673,Rhodes,NSW,Metropolitan,1,2024,Sydney - Inner West,Greater Sydney,0.5070,0.6110,0.6136,0.4026,0.4796,0.4119,0.4896,0.7146,0.6228,0.5892,0.4415,M50,MC,MA,Canada Bay
801071087,Richardson,ACT,Metropolitan,1,2024,Australian Capital Territory,Australian Capital Territory,0.3942,0.5371,0.5105,0.5439,0.5606,0.1091,0.2438,0.5987,0.5785,0.5076,0.7359,L25,LC,MA,Unincorporated ACT
124041466,Richmond - Clarendon,NSW,Metropolitan,1,2024,Sydney - Outer West and Blue Mountains,Greater Sydney,0.7284,0.5979,0.7193,0.5028,0.7624,0.4590,0.6003,0.6998,0.7245,0.3998,0.6484,H75,HC,MA,Hawkesbury
206071518,Richmond - North,VIC,Metropolitan,1,2024,Melbourne - Inner,Greater Melbourne,0.6104,0.7345,0.7528,0.4077,0.6025,0.1889,0.6128,0.9765,0.8242,0.5114,0.6224,H75,MC,HA,Yarra
404031108,Richmond (SA),SA,Metropolitan,1,2024,Adelaide - West,Greater Adelaide,0.6413,0.5798,0.6584,0.4313,0.7890,0.2739,0.5669,0.7083,0.7688,0.2865,0.7152,M50,MC,MA,West Torrens
206071517,Richmond (South) - Cremorne,VIC,Metropolitan,1,2024,Melbourne - Inner,Greater Melbourne,0.7303,0.7468,0.8266,0.6365,0.6985,0.1648,0.6128,0.9765,0.8331,0.5210,0.7351,H75,HC,HA,Yarra
210021234,Riddells Creek,VIC,Inner regional,2,2024,Melbourne - North West,Greater Melbourne,0.8123,0.7447,0.8737,0.8202,0.8042,0.4654,0.4519,0.7498,0.7051,0.7277,0.7509,H75,HC,HA,Macedon Ranges
211031266,Ringwood,VIC,Metropolitan,1,2024,Melbourne - Outer East,Greater Melbourne,0.6212,0.5468,0.6243,0.4284,0.7638,0.1869,0.5579,0.7956,0.6635,0.3940,0.6995,M50,MC,MA,Maroondah
211031267,Ringwood East,VIC,Metropolitan,1,2024,Melbourne - Outer East,Greater Melbourne,0.6565,0.5635,0.6549,0.5571,0.7588,0.1476,0.5579,0.7956,0.5869,0.5482,0.7651,M50,MC,MA,Maroondah
211031268,Ringwood North,VIC,Metropolitan,1,2024,Melbourne - Outer East,Greater Melbourne,0.7555,0.7226,0.8240,0.6924,0.8488,0.2347,0.5550,0.7956,0.6559,0.7605,0.7219,H75,HC,HA,Maroondah
310031294,Ripley,QLD,Metropolitan,1,2024,Ipswich,Greater Brisbane,0.3749,0.4597,0.4471,0.5346,0.4535,0.5651,0.4570,0.6058,0.5561,0.3828,0.0476,L25,LC,LA,Ipswich
601021010,Risdon Vale,TAS,Inner regional,2,2024,Hobart,Greater Hobart,0.4592,0.3952,0.4375,0.3807,0.5090,0.2747,0.8292,0.4082,0.5209,0.3020,0.6471,L25,LC,LA,Clarence
304011083,Riverhills,QLD,Metropolitan,1,2024,Brisbane - West,Greater Brisbane,0.5581,0.5418,0.5888,0.5932,0.8306,0.3226,0.2379,0.6180,0.5389,0.5764,0.6639,M50,MC,MA,Brisbane
602011046,Riverside,TAS,Inner regional,2,2024,Launceston and North East,Rest of Tas.,0.6363,0.6412,0.6996,0.5951,0.6836,0.3903,0.8925,0.4009,0.6644,0.5851,0.7682,M50,MC,MA,West Tamar
116021630,Riverstone,NSW,Metropolitan,1,2024,Sydney - Blacktown,Greater Sydney,0.5844,0.5711,0.6228,0.5049,0.6811,0.5803,0.4928,0.7082,0.6784,0.4201,0.3198,M50,MC,MA,Blacktown; Hawkesbury
506031129,Riverton - Shelley - Rossmoyne,WA,Metropolitan,1,2024,Perth - South East,Greater Perth,0.4459,0.5383,0.5337,0.5145,0.7468,0.1258,0.2928,0.7360,0.5751,0.5151,0.4583,M50,LC,MA,Canning
506021311,Rivervale,WA,Metropolitan,1,2024,Perth - South East,Greater Perth,0.3773,0.4456,0.4380,0.4611,0.6304,0.1189,0.2870,0.7227,0.5419,0.3753,0.3800,L25,LC,LA,Belmont
310031295,Riverview,QLD,Metropolitan,1,2024,Ipswich,Greater Brisbane,0.3215,0.3210,0.3265,0.1255,0.6504,0.3819,0.4564,0.6058,0.4673,0.2261,0.2008,L25,LC,LA,Ipswich
119031373,Riverwood,NSW,Metropolitan,1,2024,Sydney - Inner South West,Greater Sydney,0.4632,0.3130,0.3806,0.2797,0.5440,0.5059,0.3722,0.6423,0.5454,0.0846,0.4532,L25,LC,LA,Canterbury-Bankstown; Georges River
801081095,Rivett,ACT,Metropolitan,1,2024,Australian Capital Territory,Australian Capital Territory,0.4472,0.5571,0.5477,0.6130,0.6038,0.1002,0.2620,0.5987,0.5756,0.5524,0.8769,M50,LC,MA,Unincorporated ACT
303041069,Robertson,QLD,Metropolitan,1,2024,Brisbane - South,Greater Brisbane,0.5767,0.7078,0.7165,0.3518,0.7430,0.5063,0.4423,0.6180,0.7703,0.5483,0.5354,H75,MC,HA,Brisbane
114021288,Robertson - Fitzroy Falls,NSW,Inner regional,2,2024,Southern Highlands and Shoalhaven,Rest of NSW,0.8094,0.7825,0.8988,0.9084,0.7687,0.6758,0.5975,0.6363,0.7616,0.7121,0.6137,H75,HC,HA,Wingecarribee; Kiama
309081559,Robina - East,QLD,Metropolitan,1,2024,Gold Coast,Rest of Qld,0.6889,0.5697,0.6769,0.4961,0.7741,0.8859,0.4121,0.6066,0.6534,0.4574,0.5830,M50,HC,MA,Gold Coast
309081560,Robina - West,QLD,Metropolitan,1,2024,Gold Coast,Rest of Qld,0.5806,0.5602,0.6131,0.3724,0.6763,0.6817,0.4157,0.6066,0.6494,0.4441,0.5304,M50,MC,MA,Gold Coast
215031403,Robinvale,VIC,Outer regional,3,2024,North West,Rest of Vic.,0.3341,0.5599,0.5020,0.2774,0.4376,0.1954,0.5564,0.4693,0.6505,0.4419,0.4796,L25,LC,MA,Swan Hill
303031064,Rochedale - Burbank,QLD,Metropolitan,1,2024,Brisbane - South,Greater Brisbane,0.6046,0.7321,0.7480,0.4959,0.7378,0.7532,0.4338,0.6180,0.8031,0.5425,0.3969,H75,MC,HA,Brisbane
311061332,Rochedale South - Priestdale,QLD,Metropolitan,1,2024,Logan - Beaudesert,Greater Brisbane,0.5715,0.5589,0.6077,0.5814,0.7179,0.4002,0.4387,0.5997,0.6010,0.5174,0.4756,M50,MC,MA,Logan
216011409,Rochester,VIC,Inner regional,2,2024,Shepparton,Rest of Vic.,0.5186,0.5783,0.5957,0.5591,0.5816,0.1544,0.5579,0.6215,0.5838,0.5828,0.7439,M50,MC,MA,Campaspe
213041359,Rockbank - Mount Cottrell,VIC,Metropolitan,1,2024,Melbourne - West,Greater Melbourne,0.5106,0.4199,0.4788,0.4996,0.6035,0.5404,0.4684,0.7731,0.6798,0.0948,0.1688,L25,MC,LA,Melton
119041381,Rockdale - Banksia,NSW,Metropolitan,1,2024,Sydney - Inner South West,Greater Sydney,0.5365,0.4059,0.4812,0.3726,0.6986,0.4647,0.3970,0.6846,0.5714,0.2457,0.3971,L25,MC,LA,Bayside (NSW)
308031217,Rockhampton City,QLD,Inner regional,2,2024,Fitzroy,Rest of Qld,0.4575,0.4215,0.4556,0.3164,0.6966,0.2708,0.4538,0.5935,0.5425,0.3241,0.4659,L25,LC,LA,Rockhampton
308031218,Rockhampton Surrounds - East,QLD,Inner regional,2,2024,Fitzroy,Rest of Qld,0.6279,0.5899,0.6586,0.8689,0.6933,0.4691,0.4454,0.5941,0.6179,0.5542,0.4824,M50,MC,MA,Livingstone
308031219,Rockhampton Surrounds - North,QLD,Outer regional,3,2024,Fitzroy,Rest of Qld,0.5382,0.5869,0.6113,0.8487,0.7519,0.6148,0.4473,0.1268,0.6315,0.5269,0.4765,M50,MC,MA,Livingstone
308031220,Rockhampton Surrounds - West,QLD,Inner regional,2,2024,Fitzroy,Rest of Qld,0.5067,0.6198,0.6198,0.9796,0.6214,0.1917,0.4468,0.5409,0.6323,0.5923,0.5023,M50,MC,MA,Rockhampton
308031216,Rockhampton - West,QLD,Inner regional,2,2024,Fitzroy,Rest of Qld,0.4656,0.5550,0.5545,0.4829,0.6674,0.1658,0.4547,0.5935,0.5631,0.5671,0.5670,M50,LC,MA,Rockhampton
507051188,Rockingham,WA,Metropolitan,1,2024,Perth - South West,Greater Perth,0.5548,0.2958,0.4115,0.4436,0.7121,0.5232,0.2636,0.6759,0.3578,0.3332,0.5220,L25,MC,LA,Cockburn; Rockingham
303051076,Rocklea - Acacia Ridge,QLD,Metropolitan,1,2024,Brisbane - South,Greater Brisbane,0.5211,0.5094,0.5478,0.2861,0.7408,0.3910,0.4169,0.6180,0.7286,0.2061,0.5668,M50,MC,MA,Brisbane
510031273,Roebourne,WA,Remote,4,2024,,Rest of WA,0.2493,0.2981,0.2826,0.7511,0.3998,0.1298,0.3065,0.1949,0.2833,0.4403,0.3654,L25,LC,LA,Karratha
510011266,Roebuck,WA,Remote,4,2024,,Rest of WA,0.0973,0.2606,0.2043,0.4931,0.3996,0.1323,0.2416,0.1404,0.3286,0.3002,0.0000,L25,LC,LA,Broome; Derby-West Kimberley
601021011,Rokeby,TAS,Inner regional,2,2024,Hobart,Greater Hobart,0.5338,0.3835,0.4639,0.3372,0.6411,0.4648,0.8468,0.4082,0.5489,0.2333,0.6199,L25,MC,LA,Clarence
506011116,Roleystone,WA,Metropolitan,1,2024,Perth - South East,Greater Perth,0.7512,0.5832,0.7219,0.8139,0.8676,0.6622,0.2867,0.7501,0.4955,0.7223,0.5523,H75,HC,MA,Armadale
307011176,Roma,QLD,Outer regional,3,2024,Darling Downs - Maranoa,Rest of Qld,0.5863,0.4496,0.5370,0.5756,0.6960,0.5529,0.3918,0.5687,0.4854,0.4683,0.5295,M50,MC,LA,Maranoa
604011080,Romaine - Havenview,TAS,Outer regional,3,2024,West and North West,Rest of Tas.,0.4322,0.4212,0.4441,0.5147,0.7266,0.2011,0.6554,0.0469,0.5056,0.3796,0.6607,L25,LC,LA,Burnie
307011177,Roma Surrounds,QLD,Remote,4,2024,Darling Downs - Maranoa,Rest of Qld,0.4559,0.4901,0.5038,0.8766,0.4583,0.5664,0.3883,0.1116,0.5400,0.4700,0.5814,L25,LC,MA,Maranoa
210021235,Romsey,VIC,Metropolitan,1,2024,Melbourne - North West,Greater Melbourne,0.7270,0.6911,0.7850,0.7991,0.7580,0.3689,0.4489,0.7498,0.7328,0.5763,0.6587,H75,HC,HA,Macedon Ranges
116031319,Rooty Hill - Minchinbury,NSW,Metropolitan,1,2024,Sydney - Blacktown,Greater Sydney,0.6116,0.4312,0.5368,0.4303,0.7294,0.6493,0.5239,0.7082,0.5303,0.3630,0.3486,M50,MC,LA,Blacktown
118011346,Rose Bay - Vaucluse - Watsons Bay,NSW,Metropolitan,1,2024,Sydney - Eastern Suburbs,Greater Sydney,0.6120,0.7918,0.7945,0.6345,0.7022,0.3370,0.3284,0.7266,0.7250,0.7891,0.6592,H75,MC,HA,Woollahra; Unincorporated NSW
117031643,Rosebery - Beaconsfield,NSW,Metropolitan,1,2024,Sydney - City and Inner South,Greater Sydney,0.5964,0.8255,0.8105,0.5203,0.5892,0.4376,0.6130,0.7389,0.9129,0.5409,0.4118,H75,MC,HA,Sydney
701041043,Rosebery - Bellamack,NT,Outer regional,3,2024,Darwin,Greater Darwin,0.3069,0.3313,0.3281,0.4993,0.3589,0.1436,0.4380,0.5792,0.3733,0.3854,0.3001,L25,LC,LA,Palmerston
214021384,Rosebud - McCrae,VIC,Metropolitan,1,2024,Mornington Peninsula,Greater Melbourne,0.5591,0.4715,0.5391,0.4402,0.6980,0.1521,0.5499,0.7001,0.5380,0.4349,0.7568,M50,MC,LA,Mornington Peninsula
205051102,Rosedale,VIC,Inner regional,2,2024,Latrobe - Gippsland,Rest of Vic.,0.5376,0.6070,0.6253,0.7931,0.5760,0.1587,0.5682,0.6466,0.6420,0.5512,0.6048,M50,MC,MA,Wellington
125041719,Rosehill - Harris Park,NSW,Metropolitan,1,2024,Sydney - Parramatta,Greater Sydney,0.5025,0.6074,0.6089,0.3553,0.5646,0.3849,0.5703,0.7151,0.7452,0.3847,0.3726,M50,MC,MA,Parramatta
119021367,Roselands,NSW,Metropolitan,1,2024,Sydney - Inner South West,Greater Sydney,0.5353,0.4224,0.4924,0.4537,0.7770,0.5777,0.3739,0.6172,0.5566,0.3040,0.3397,L25,MC,LA,Canterbury-Bankstown
123021444,Rosemeadow - Glen Alpine,NSW,Metropolitan,1,2024,Sydney - Outer South West,Greater Sydney,0.6030,0.4711,0.5609,0.4671,0.6818,0.7139,0.5696,0.6592,0.5797,0.3700,0.3498,M50,MC,LA,Campbelltown (NSW)
310021282,Rosewood,QLD,Metropolitan,1,2024,Ipswich,Greater Brisbane,0.4821,0.4604,0.4945,0.6396,0.7535,0.3454,0.4232,0.6058,0.5166,0.4442,0.2473,L25,MC,LA,Ipswich
702011051,Ross,NT,Remote,4,2024,Northern Territory - Outback,Rest of NT,0.2620,0.3954,0.3568,0.6754,0.5772,0.0797,0.5207,0.4457,0.4284,0.4396,0.0642,L25,LC,LA,Alice Springs
401041016,Rostrevor - Magill,SA,Metropolitan,1,2024,Adelaide - Central and Hills,Greater Adelaide,0.6297,0.5449,0.6274,0.4485,0.7082,0.3105,0.5833,0.6820,0.6501,0.4116,0.7137,M50,MC,MA,Campbelltown (SA); Adelaide Hills
313051380,Rothwell - Kippa-Ring,QLD,Metropolitan,1,2024,Moreton Bay - North,Greater Brisbane,0.5735,0.4023,0.4968,0.3227,0.7132,0.5855,0.4336,0.6039,0.4853,0.3707,0.5925,L25,MC,LA,Moreton Bay
115041625,Rouse Hill - Beaumont Hills,NSW,Metropolitan,1,2024,Sydney - Baulkham Hills and Hawkesbury,Greater Sydney,0.6268,0.6620,0.7095,0.6165,0.7719,0.6147,0.1905,0.7209,0.6182,0.6982,0.5814,M50,MC,HA,The Hills
211011256,Rowville - Central,VIC,Metropolitan,1,2024,Melbourne - Outer East,Greater Melbourne,0.7271,0.6365,0.7461,0.5783,0.9044,0.3111,0.5457,0.7416,0.7043,0.5120,0.6205,H75,HC,MA,Knox
211011257,Rowville - North,VIC,Metropolitan,1,2024,Melbourne - Outer East,Greater Melbourne,0.8667,0.6565,0.8446,0.6485,0.9376,0.5608,0.5449,0.7416,0.6881,0.5785,0.6347,H75,HC,HA,Knox
211011258,Rowville - South,VIC,Metropolitan,1,2024,Melbourne - Outer East,Greater Melbourne,0.8001,0.6687,0.8120,0.6672,0.9062,0.4352,0.5465,0.7416,0.6725,0.6277,0.6080,H75,HC,HA,Knox
210051545,Roxburgh Park - North,VIC,Metropolitan,1,2024,Melbourne - North West,Greater Melbourne,0.4626,0.4243,0.4598,0.2548,0.5795,0.7538,0.4422,0.7024,0.5714,0.2847,0.2511,L25,LC,LA,Hume
210051544,Roxburgh Park (South) - Somerton,VIC,Metropolitan,1,2024,Melbourne - North West,Greater Melbourne,0.6256,0.5564,0.6335,0.3348,0.8424,0.8385,0.4435,0.7024,0.7257,0.3110,0.3715,M50,MC,MA,Hume
406021143,Roxby Downs,SA,Remote,4,2024,South Australia - Outback,Rest of SA,0.6324,0.4478,0.5595,0.6359,0.4099,0.7850,0.4721,0.7267,0.5434,0.3776,0.5212,M50,MC,LA,Roxby Downs; Unincorporated SA
404011094,Royal Park - Hendon - Albert Park,SA,Metropolitan,1,2024,Adelaide - West,Greater Adelaide,0.6189,0.4969,0.5875,0.4266,0.7810,0.3385,0.5583,0.6710,0.6917,0.2423,0.5744,M50,MC,MA,Charles Sturt
309031240,Runaway Bay,QLD,Metropolitan,1,2024,Gold Coast,Rest of Qld,0.6367,0.6242,0.6877,0.4601,0.8251,0.5587,0.4000,0.6066,0.6385,0.5914,0.5869,M50,MC,MA,Gold Coast
303061078,Runcorn,QLD,Metropolitan,1,2024,Brisbane - South,Greater Brisbane,0.5992,0.4802,0.5654,0.3831,0.6972,0.6559,0.4237,0.6180,0.6670,0.2484,0.5527,M50,MC,MA,Brisbane
216011410,Rushworth,VIC,Inner regional,2,2024,Shepparton,Rest of Vic.,0.5377,0.5786,0.6051,0.6193,0.5589,0.2102,0.5505,0.6215,0.6233,0.5229,0.6899,M50,MC,MA,Campaspe
106021615,Rutherford (North) - Aberglasslyn,NSW,Metropolitan,1,2024,Hunter Valley exc Newcastle,Rest of NSW,0.6376,0.6561,0.7110,0.5522,0.6108,0.5640,0.5611,0.6774,0.6404,0.6525,0.4874,M50,MC,HA,Cessnock; Maitland
106021616,Rutherford (South) - Telarah,NSW,Metropolitan,1,2024,Hunter Valley exc Newcastle,Rest of NSW,0.6737,0.5956,0.6871,0.4625,0.7053,0.6503,0.5610,0.6774,0.5732,0.6335,0.5050,M50,HC,MA,Cessnock; Maitland
204021065,Rutherglen,VIC,Inner regional,2,2024,Hume,Rest of Vic.,0.6286,0.5808,0.6524,0.7066,0.6678,0.1288,0.5702,0.6871,0.5750,0.6010,0.9299,M50,MC,MA,Indigo
126021724,Ryde - North,NSW,Metropolitan,1,2024,Sydney - Ryde,Greater Sydney,0.6793,0.5328,0.6454,0.4570,0.6959,0.5095,0.4556,0.7176,0.6601,0.3705,0.6312,M50,HC,MA,Ryde
126021725,Ryde - South,NSW,Metropolitan,1,2024,Sydney - Ryde,Greater Sydney,0.5455,0.6253,0.6423,0.4381,0.5228,0.4707,0.4517,0.7176,0.7513,0.4114,0.4581,M50,MC,MA,Ryde
507051190,Safety Bay - Shoalwater,WA,Metropolitan,1,2024,Perth - South West,Greater Perth,0.4883,0.4386,0.4818,0.5820,0.7561,0.1710,0.2637,0.7253,0.4620,0.4799,0.5348,L25,MC,LA,Rockingham
205051103,Sale,VIC,Inner regional,2,2024,Latrobe - Gippsland,Rest of Vic.,0.5579,0.5966,0.6278,0.4922,0.6877,0.2029,0.5800,0.6466,0.5644,0.6487,0.6703,M50,MC,MA,Wellington
402041046,Salisbury,SA,Metropolitan,1,2024,Adelaide - North,Greater Adelaide,0.4424,0.4976,0.5032,0.1849,0.6599,0.3787,0.5077,0.6485,0.7189,0.1974,0.4159,L25,LC,MA,Salisbury
402041047,Salisbury East,SA,Metropolitan,1,2024,Adelaide - North,Greater Adelaide,0.6207,0.5456,0.6232,0.4290,0.7981,0.4193,0.5073,0.6505,0.6724,0.3771,0.5089,M50,MC,MA,Tea Tree Gully; Salisbury
303041070,Salisbury - Nathan,QLD,Metropolitan,1,2024,Brisbane - South,Greater Brisbane,0.6731,0.6190,0.7035,0.5480,0.8581,0.3766,0.4406,0.6180,0.7095,0.4678,0.7609,M50,HC,MA,Brisbane
402041048,Salisbury North,SA,Metropolitan,1,2024,Adelaide - North,Greater Adelaide,0.5004,0.5580,0.5726,0.2429,0.6850,0.5354,0.5071,0.6485,0.7679,0.2417,0.4011,M50,MC,MA,Salisbury
314011387,Samford Valley,QLD,Metropolitan,1,2024,Moreton Bay - South,Greater Brisbane,0.7203,0.7643,0.8335,0.8585,0.9039,0.5865,0.3475,0.6039,0.6218,0.8938,0.5768,H75,HC,HA,Moreton Bay
302041044,Sandgate - Shorncliffe,QLD,Metropolitan,1,2024,Brisbane - North,Greater Brisbane,0.6422,0.5951,0.6698,0.5975,0.8165,0.2842,0.4389,0.6180,0.6513,0.5126,0.8198,M50,MC,MA,Brisbane
702011052,Sandover - Plenty,NT,Remote,4,2024,Northern Territory - Outback,Rest of NT,0.0893,0.2309,0.1807,0.4099,0.1451,0.1022,0.3500,0.0218,0.3122,0.2604,0.1580,L25,LC,LA,Central Desert; Barkly; MacDonnell
208011173,Sandringham - Black Rock,VIC,Metropolitan,1,2024,Melbourne - Inner South,Greater Melbourne,0.6796,0.7829,0.8241,0.6532,0.7636,0.2427,0.4351,0.7825,0.6936,0.8210,0.7821,H75,HC,HA,Bayside (Vic.)
601051031,Sandy Bay,TAS,Inner regional,2,2024,Hobart,Greater Hobart,0.5699,0.7351,0.7327,0.4582,0.6940,0.2657,0.9617,0.4194,0.8182,0.5228,0.7455,H75,MC,HA,Hobart
119041382,Sans Souci - Ramsgate,NSW,Metropolitan,1,2024,Sydney - Inner South West,Greater Sydney,0.6176,0.4464,0.5508,0.5275,0.7450,0.4121,0.3986,0.6822,0.5072,0.4293,0.5061,M50,MC,LA,Bayside (NSW); Georges River
102011038,Saratoga - Davistown,NSW,Metropolitan,1,2024,Central Coast,Greater Sydney,0.6193,0.6729,0.7134,0.7228,0.7709,0.2291,0.6021,0.6443,0.6490,0.6727,0.5746,H75,MC,HA,Central Coast (NSW)
312021352,Sarina,QLD,Outer regional,3,2024,Mackay,Rest of Qld,0.4818,0.5418,0.5525,0.6530,0.6727,0.6376,0.4397,0.1770,0.6072,0.4729,0.4455,M50,MC,MA,Mackay
104021089,Sawtell - Boambee,NSW,Inner regional,2,2024,Coffs Harbour - Grafton,Rest of NSW,0.6617,0.5877,0.6750,0.5533,0.7169,0.5858,0.6342,0.6118,0.5945,0.5856,0.4954,M50,HC,MA,Coffs Harbour
505021092,Scarborough,WA,Metropolitan,1,2024,Perth - North West,Greater Perth,0.5828,0.5359,0.5969,0.5756,0.6774,0.4662,0.2261,0.7444,0.5575,0.5368,0.5923,M50,MC,MA,Stirling
313051575,Scarborough - Newport,QLD,Metropolitan,1,2024,Moreton Bay - North,Greater Brisbane,0.6141,0.5172,0.5995,0.5683,0.6966,0.4595,0.4346,0.6039,0.5434,0.5202,0.5968,M50,MC,MA,Moreton Bay
116021632,Schofields - East,NSW,Metropolitan,1,2024,Sydney - Blacktown,Greater Sydney,0.3314,0.4021,0.3883,0.4768,0.4883,0.1202,0.4928,0.7082,0.5842,0.2169,0.1777,L25,LC,LA,Blacktown
116021631,Schofields (West) - Colebee,NSW,Metropolitan,1,2024,Sydney - Blacktown,Greater Sydney,0.3723,0.5397,0.5031,0.5731,0.5048,0.1817,0.4948,0.7082,0.7015,0.3166,0.1709,L25,LC,MA,Blacktown
106041128,Scone,NSW,Inner regional,2,2024,Hunter Valley exc Newcastle,Rest of NSW,0.6635,0.5891,0.6770,0.5269,0.7095,0.5411,0.5543,0.5898,0.5808,0.6092,0.6250,M50,HC,MA,Upper Hunter
106041129,Scone Surrounds,NSW,Inner regional,2,2024,Hunter Valley exc Newcastle,Rest of NSW,0.6650,0.5671,0.6620,0.7390,0.5440,0.6672,0.5462,0.5898,0.6191,0.5060,0.6259,M50,HC,MA,Upper Hunter; Liverpool Plains
602031100,Scottsdale - Bridport,TAS,Outer regional,3,2024,Launceston and North East,Rest of Tas.,0.4345,0.4789,0.4863,0.6206,0.5259,0.3337,0.5681,0.0030,0.6168,0.3276,0.6945,L25,LC,MA,Launceston; Dorset; Break O'Day
801011024,Scullin,ACT,Metropolitan,1,2024,Australian Capital Territory,Australian Capital Territory,0.3825,0.5552,0.5185,0.5376,0.4892,0.0745,0.2688,0.5987,0.6145,0.4890,0.8092,L25,LC,MA,Unincorporated ACT
213021345,Seabrook,VIC,Metropolitan,1,2024,Melbourne - West,Greater Melbourne,0.8142,0.6418,0.8013,0.5011,0.8842,0.8045,0.4784,0.7211,0.7642,0.4238,0.6209,H75,HC,MA,Hobsons Bay
403041178,Seaford Rise - Moana,SA,Metropolitan,1,2024,Adelaide - South,Greater Adelaide,0.7139,0.5895,0.7051,0.6073,0.6858,0.5750,0.5100,0.6754,0.6837,0.4493,0.6380,M50,HC,MA,Onkaparinga
403041177,Seaford - Seaford Meadows,SA,Metropolitan,1,2024,Adelaide - South,Greater Adelaide,0.6537,0.5057,0.6121,0.5477,0.6025,0.5600,0.5109,0.6754,0.5732,0.4515,0.5939,M50,MC,MA,Onkaparinga
214011375,Seaford (Vic.),VIC,Metropolitan,1,2024,Mornington Peninsula,Greater Melbourne,0.6712,0.5170,0.6296,0.5662,0.7869,0.2679,0.5643,0.7337,0.6524,0.3500,0.6251,M50,HC,MA,Frankston
312021353,Seaforth - Calen,QLD,Outer regional,3,2024,Mackay,Rest of Qld,0.5014,0.5898,0.5958,0.8494,0.7572,0.4255,0.4358,0.1511,0.6450,0.5116,0.4831,M50,MC,MA,Mackay
106031123,Seaham - Woodville,NSW,Metropolitan,1,2024,Hunter Valley exc Newcastle,Rest of NSW,0.7900,0.6807,0.8144,0.8870,0.8537,0.6661,0.5530,0.6031,0.6227,0.7283,0.5627,H75,HC,HA,Port Stephens
404011095,Seaton - Grange,SA,Metropolitan,1,2024,Adelaide - West,Greater Adelaide,0.6424,0.5410,0.6313,0.4763,0.7556,0.3579,0.5592,0.6710,0.7005,0.3210,0.5977,M50,MC,MA,Charles Sturt
201011484,Sebastopol - Redan,VIC,Inner regional,2,2024,Ballarat,Rest of Vic.,0.6286,0.6627,0.7110,0.2864,0.6314,0.5680,0.6028,0.7024,0.6954,0.5794,0.6899,M50,MC,HA,Ballarat
213031350,Seddon - Kingsville,VIC,Metropolitan,1,2024,Melbourne - West,Greater Melbourne,0.5525,0.6344,0.6522,0.5659,0.6167,0.1040,0.5130,0.8025,0.7445,0.4418,0.6635,M50,MC,MA,Maribyrnong
506061144,Serpentine - Jarrahdale,WA,Metropolitan,1,2024,Perth - South East,Greater Perth,0.4926,0.4417,0.4860,0.8239,0.7179,0.6659,0.2307,0.2371,0.3927,0.5839,0.5359,L25,MC,LA,Serpentine-Jarrahdale; Murray
116011626,Seven Hills - Prospect,NSW,Metropolitan,1,2024,Sydney - Blacktown,Greater Sydney,0.6564,0.4606,0.5813,0.4876,0.7898,0.5009,0.5316,0.7082,0.6166,0.2893,0.4257,M50,MC,LA,Blacktown
304011084,Seventeen Mile Rocks - Sinnamon Park,QLD,Metropolitan,1,2024,Brisbane - West,Greater Brisbane,0.7244,0.7402,0.8186,0.5942,0.8979,0.8451,0.2396,0.6180,0.7176,0.6989,0.7323,H75,HC,HA,Brisbane
506011117,Seville Grove,WA,Metropolitan,1,2024,Perth - South East,Greater Perth,0.5761,0.3365,0.4511,0.3896,0.6621,0.7819,0.2878,0.7501,0.4067,0.3487,0.4444,L25,MC,LA,Armadale
204011059,Seymour,VIC,Inner regional,2,2024,Hume,Rest of Vic.,0.5837,0.4848,0.5608,0.4219,0.7167,0.1794,0.5729,0.7163,0.5494,0.4448,0.7600,M50,MC,MA,Mitchell
204011060,Seymour Surrounds,VIC,Inner regional,2,2024,Hume,Rest of Vic.,0.7576,0.5684,0.7151,0.8441,0.5587,0.6571,0.5626,0.7163,0.5681,0.5866,0.6588,H75,HC,MA,Mitchell
311051327,Shailer Park,QLD,Metropolitan,1,2024,Logan - Beaudesert,Greater Brisbane,0.6666,0.5836,0.6747,0.6371,0.8628,0.6321,0.4449,0.5997,0.5739,0.6084,0.4384,M50,HC,MA,Logan
604021091,Sheffield - Railton,TAS,Outer regional,3,2024,West and North West,Rest of Tas.,0.4944,0.4911,0.5221,0.6965,0.6829,0.3395,0.6089,0.0057,0.5717,0.4236,0.6596,M50,MC,MA,Central Coast (Tas.); Kentish; Latrobe (Tas.)
403021063,Sheidow Park - Trott Park,SA,Metropolitan,1,2024,Adelaide - South,Greater Adelaide,0.7794,0.5975,0.7487,0.6814,0.7811,0.6412,0.5125,0.7033,0.6223,0.5627,0.5826,H75,HC,MA,Marion
301021011,Sheldon - Mount Cotton,QLD,Metropolitan,1,2024,Brisbane - East,Greater Brisbane,0.6564,0.6647,0.7272,0.7620,0.8391,0.4677,0.3743,0.5997,0.5683,0.7779,0.5628,H75,MC,HA,Redland
107031141,Shellharbour - Flinders,NSW,Metropolitan,1,2024,Illawarra,Rest of NSW,0.6612,0.6207,0.6983,0.6814,0.7156,0.5686,0.5852,0.6423,0.5834,0.6684,0.4262,M50,MC,MA,Shellharbour
107031142,Shellharbour - Oak Flats,NSW,Metropolitan,1,2024,Illawarra,Rest of NSW,0.6283,0.5266,0.6136,0.5246,0.7804,0.4264,0.5872,0.6423,0.5227,0.5698,0.4500,M50,MC,MA,Shellharbour
216031416,Shepparton - North,VIC,Inner regional,2,2024,Shepparton,Rest of Vic.,0.5724,0.5256,0.5843,0.4654,0.6778,0.2672,0.5758,0.6538,0.6213,0.4175,0.6286,M50,MC,MA,Greater Shepparton
216031594,Shepparton - South East,VIC,Inner regional,2,2024,Shepparton,Rest of Vic.,0.4740,0.6312,0.6127,0.2742,0.6554,0.2475,0.5710,0.6538,0.6689,0.5579,0.5234,M50,MC,MA,Greater Shepparton
216031418,Shepparton Surrounds - East,VIC,Inner regional,2,2024,Shepparton,Rest of Vic.,0.6680,0.7182,0.7716,0.8440,0.6832,0.3235,0.5635,0.6538,0.7125,0.6633,0.6387,H75,HC,HA,Greater Shepparton
216031419,Shepparton Surrounds - West,VIC,Inner regional,2,2024,Shepparton,Rest of Vic.,0.7306,0.6479,0.7562,0.6824,0.6765,0.5917,0.5681,0.6538,0.6750,0.5819,0.6425,H75,HC,HA,Greater Shepparton
304031095,Sherwood,QLD,Metropolitan,1,2024,Brisbane - West,Greater Brisbane,0.5383,0.7572,0.7330,0.5424,0.7693,0.3122,0.2416,0.6180,0.7478,0.6843,0.7298,H75,MC,HA,Brisbane
312021354,Shoal Point - Bucasia,QLD,Inner regional,2,2024,Mackay,Rest of Qld,0.5930,0.5598,0.6191,0.6343,0.6769,0.6293,0.4288,0.5966,0.6050,0.5131,0.4219,M50,MC,MA,Mackay
111031231,Shortland - Jesmond,NSW,Metropolitan,1,2024,Newcastle and Lake Macquarie,Rest of NSW,0.5809,0.6859,0.7030,0.3112,0.5777,0.4738,0.6397,0.7098,0.6937,0.6287,0.5603,M50,MC,HA,Newcastle
125011709,Silverwater - Newington,NSW,Metropolitan,1,2024,Sydney - Parramatta,Greater Sydney,0.7144,0.5303,0.6631,0.5919,0.8229,0.6262,0.5402,0.7151,0.7417,0.2282,0.4093,M50,HC,MA,Parramatta
106011112,Singleton,NSW,Inner regional,2,2024,Hunter Valley exc Newcastle,Rest of NSW,0.6609,0.5811,0.6698,0.5750,0.5888,0.6169,0.5565,0.6636,0.5727,0.6051,0.5710,M50,MC,MA,Singleton
507051191,Singleton - Golden Bay - Secret Harbour,WA,Metropolitan,1,2024,Perth - South West,Greater Perth,0.5777,0.4976,0.5669,0.5877,0.6723,0.7036,0.2625,0.7253,0.4578,0.6051,0.4088,M50,MC,MA,Rockingham
106011113,Singleton Surrounds,NSW,Inner regional,2,2024,Hunter Valley exc Newcastle,Rest of NSW,0.6821,0.6141,0.7050,0.8136,0.5805,0.6265,0.5500,0.6636,0.5933,0.6404,0.5230,M50,HC,MA,Singleton
316011416,Sippy Downs,QLD,Metropolitan,1,2024,Sunshine Coast,Rest of Qld,0.6200,0.5918,0.6558,0.4174,0.6529,0.6955,0.4341,0.5994,0.6162,0.5606,0.6712,M50,MC,MA,Sunshine Coast
214011376,Skye - Sandhurst,VIC,Metropolitan,1,2024,Mornington Peninsula,Greater Melbourne,0.8067,0.6675,0.8151,0.6394,0.7974,0.8082,0.5594,0.7337,0.7075,0.5695,0.5173,H75,HC,HA,Frankston
311061333,Slacks Creek,QLD,Metropolitan,1,2024,Logan - Beaudesert,Greater Brisbane,0.4706,0.5067,0.5223,0.2627,0.7464,0.4308,0.4395,0.5997,0.6619,0.3130,0.3853,M50,LC,MA,Logan
312021355,Slade Point,QLD,Inner regional,2,2024,Mackay,Rest of Qld,0.5843,0.4854,0.5616,0.4762,0.8027,0.4199,0.4293,0.5966,0.5296,0.4759,0.5010,M50,MC,MA,Mackay
402021034,Smithfield - Elizabeth North,SA,Metropolitan,1,2024,Adelaide - North,Greater Adelaide,0.3533,0.2466,0.2861,0.1191,0.5710,0.3456,0.5200,0.6544,0.4657,0.0650,0.3214,L25,LC,LA,Playford
127021519,Smithfield - Wetherill Park,NSW,Metropolitan,1,2024,Sydney - South West,Greater Sydney,0.2808,0.3707,0.3462,0.2292,0.6627,0.2150,0.4486,0.5525,0.6027,0.1179,0.1385,L25,LC,LA,Fairfield
604031095,Smithton,TAS,Outer regional,3,2024,West and North West,Rest of Tas.,0.4910,0.4896,0.5194,0.5375,0.6070,0.3155,0.5377,0.3899,0.5809,0.4063,0.6793,L25,MC,MA,Circular Head
201011007,Smythes Creek,VIC,Inner regional,2,2024,Ballarat,Rest of Vic.,0.9399,0.7385,0.9513,0.8645,0.7379,0.7436,0.5873,0.7611,0.7556,0.6342,0.8376,H75,HC,HA,Golden Plains
604011081,Somerset,TAS,Outer regional,3,2024,West and North West,Rest of Tas.,0.4630,0.4212,0.4578,0.4464,0.6719,0.1894,0.6554,0.3895,0.5119,0.3700,0.6964,L25,LC,LA,Waratah-Wynyard
214021385,Somerville,VIC,Metropolitan,1,2024,Mornington Peninsula,Greater Melbourne,0.6764,0.5965,0.6893,0.7327,0.8245,0.1728,0.5456,0.7001,0.6440,0.5270,0.7616,M50,HC,MA,Mornington Peninsula
601061035,Sorell - Richmond,TAS,Inner regional,2,2024,Hobart,Greater Hobart,0.5492,0.5454,0.5870,0.5848,0.7483,0.5150,0.5417,0.0115,0.6016,0.4889,0.6641,M50,MC,MA,Sorell; Glamorgan-Spring Bay; Clarence
505011082,Sorrento - Marmion,WA,Metropolitan,1,2024,Perth - North West,Greater Perth,0.5942,0.6161,0.6599,0.8146,0.8894,0.1583,0.2334,0.7590,0.5064,0.7718,0.6501,M50,MC,MA,Joondalup
601021012,South Arm,TAS,Inner regional,2,2024,Hobart,Greater Hobart,0.6172,0.6818,0.7187,0.9491,0.7675,0.2318,0.7558,0.4082,0.6616,0.6708,0.6447,H75,MC,HA,Clarence
206041509,Southbank - East,VIC,Metropolitan,1,2024,Melbourne - Inner,Greater Melbourne,0.5388,0.7909,0.7573,0.4209,0.4685,0.2157,0.6039,1.0000,0.9322,0.4355,0.4095,H75,MC,HA,Melbourne
206041508,Southbank (West) - South Wharf,VIC,Metropolitan,1,2024,Melbourne - Inner,Greater Melbourne,0.5936,0.8026,0.7928,0.4470,0.5843,0.2521,0.6039,1.0000,0.9275,0.4680,0.4070,H75,MC,HA,Melbourne
305011110,South Brisbane,QLD,Metropolitan,1,2024,Brisbane Inner City,Greater Brisbane,0.4220,0.5944,0.5633,0.3459,0.4979,0.2178,0.4729,0.6180,0.7483,0.3526,0.5565,M50,LC,MA,Brisbane
501021253,South Bunbury - Bunbury,WA,Inner regional,2,2024,Bunbury,Rest of WA,0.4650,0.5425,0.5453,0.5446,0.7712,0.1706,0.2529,0.6355,0.4654,0.6841,0.6001,M50,LC,MA,Bunbury
118021654,South Coogee,NSW,Metropolitan,1,2024,Sydney - Eastern Suburbs,Greater Sydney,0.6609,0.5424,0.6422,0.5125,0.6895,0.5072,0.3588,0.7166,0.6109,0.4684,0.7101,M50,MC,MA,Randwick
307031185,Southern Downs - East,QLD,Inner regional,2,2024,Darling Downs - Maranoa,Rest of Qld,0.3605,0.5255,0.4882,0.7540,0.5762,0.3674,0.3869,0.0955,0.5294,0.5577,0.3468,L25,LC,MA,Southern Downs
307031186,Southern Downs - West,QLD,Inner regional,2,2024,Darling Downs - Maranoa,Rest of Qld,0.4367,0.5235,0.5191,0.6748,0.5190,0.3308,0.3805,0.5434,0.5319,0.5501,0.3483,L25,LC,MA,Southern Downs; Toowoomba
217011423,Southern Grampians,VIC,Inner regional,2,2024,Warrnambool and South West,Rest of Vic.,0.5296,0.6284,0.6368,0.8581,0.5200,0.1303,0.5827,0.5111,0.6406,0.5967,0.8231,M50,MC,MA,Southern Grampians; Glenelg; Moyne
114021289,Southern Highlands,NSW,Inner regional,2,2024,Southern Highlands and Shoalhaven,Rest of NSW,0.7853,0.7724,0.8771,0.7603,0.7626,0.6438,0.5915,0.6343,0.7540,0.7044,0.6467,H75,HC,HA,Wingecarribee
603011067,Southern Midlands,TAS,Inner regional,2,2024,South East,Rest of Tas.,0.3024,0.5229,0.4631,0.7027,0.6306,0.1678,0.1604,0.0064,0.6063,0.4356,0.6914,L25,LC,MA,Southern Midlands; Glamorgan-Spring Bay
301021551,Southern Moreton Bay Islands,QLD,Inner regional,2,2024,Brisbane - East,Greater Brisbane,0.3669,0.4086,0.4073,0.2979,0.5280,0.1780,0.3463,0.5997,0.5618,0.2665,0.5459,L25,LC,LA,Redland
510021270,South Hedland,WA,Remote,4,2024,,Rest of WA,0.3749,0.3510,0.3695,0.5110,0.3994,0.5568,0.2933,0.6520,0.3550,0.4515,0.1873,L25,LC,LA,Port Hedland
601051032,South Hobart - Fern Tree,TAS,Inner regional,2,2024,Hobart,Greater Hobart,0.6501,0.7192,0.7627,0.5575,0.6937,0.3649,0.9858,0.4194,0.7395,0.6219,0.8067,H75,MC,HA,Kingborough; Hobart
119031374,South Hurstville - Blakehurst,NSW,Metropolitan,1,2024,Sydney - Inner South West,Greater Sydney,0.5894,0.3807,0.4893,0.4309,0.7076,0.4775,0.3761,0.6727,0.5238,0.2667,0.5010,L25,MC,LA,Georges River
507011159,South Lake - Cockburn Central,WA,Metropolitan,1,2024,Perth - South West,Greater Perth,0.6612,0.4069,0.5455,0.4995,0.8266,0.6114,0.2595,0.7590,0.4846,0.3812,0.5621,M50,MC,LA,Cockburn
602011047,South Launceston,TAS,Inner regional,2,2024,Launceston and North East,Rest of Tas.,0.6444,0.5432,0.6339,0.4004,0.6550,0.7254,0.9193,0.4031,0.6870,0.3481,0.6961,M50,MC,MA,Launceston
312021356,South Mackay,QLD,Inner regional,2,2024,Mackay,Rest of Qld,0.5700,0.4656,0.5403,0.4702,0.7694,0.3707,0.4312,0.5966,0.5516,0.4018,0.5381,M50,MC,LA,Mackay
206051512,South Melbourne,VIC,Metropolitan,1,2024,Melbourne - Inner,Greater Melbourne,0.6148,0.7293,0.7513,0.4677,0.6600,0.1576,0.5667,0.8856,0.8406,0.4724,0.7150,H75,MC,HA,Port Phillip
209041435,South Morang - North,VIC,Metropolitan,1,2024,Melbourne - North East,Greater Melbourne,0.7090,0.5696,0.6881,0.5475,0.7174,0.7500,0.5288,0.7337,0.6818,0.4114,0.4508,M50,HC,MA,Whittlesea
209041436,South Morang - South,VIC,Metropolitan,1,2024,Melbourne - North East,Greater Melbourne,0.7440,0.4533,0.6250,0.4912,0.7073,0.7269,0.5301,0.7337,0.5324,0.4057,0.5798,M50,HC,LA,Whittlesea
506071147,South Perth - Kensington,WA,Metropolitan,1,2024,Perth - South East,Greater Perth,0.5173,0.5481,0.5735,0.6197,0.7702,0.1277,0.2931,0.7950,0.5258,0.6085,0.5544,M50,MC,MA,Victoria Park; South Perth
309091540,Southport - North,QLD,Metropolitan,1,2024,Gold Coast,Rest of Qld,0.3963,0.5687,0.5339,0.2450,0.4856,0.2754,0.4211,0.6066,0.6387,0.4787,0.5439,M50,LC,MA,Gold Coast
309091541,Southport - South,QLD,Metropolitan,1,2024,Gold Coast,Rest of Qld,0.5109,0.6423,0.6378,0.3430,0.6398,0.3652,0.4211,0.6066,0.7303,0.4814,0.5662,M50,MC,MA,Gold Coast
318021488,South Townsville - Railway Estate,QLD,Outer regional,3,2024,Townsville,Rest of Qld,0.5748,0.5664,0.6146,0.5463,0.7677,0.5255,0.4717,0.5966,0.6502,0.4557,0.3621,M50,MC,MA,Townsville
125031716,South Wentworthville,NSW,Metropolitan,1,2024,Sydney - Parramatta,Greater Sydney,0.5278,0.5042,0.5472,0.4204,0.6400,0.4698,0.5315,0.6464,0.7128,0.2222,0.3554,M50,MC,MA,Cumberland
108021160,South West Rocks,NSW,Inner regional,2,2024,Mid North Coast,Rest of NSW,0.4832,0.5313,0.5456,0.5031,0.7027,0.5800,0.6018,0.1066,0.5282,0.5712,0.4607,M50,MC,MA,Kempsey
206061515,South Yarra - North,VIC,Metropolitan,1,2024,Melbourne - Inner,Greater Melbourne,0.5848,0.7630,0.7601,0.4818,0.5181,0.1666,0.6006,0.9121,0.7991,0.6115,0.6695,H75,MC,HA,Stonnington
206061516,South Yarra - South,VIC,Metropolitan,1,2024,Melbourne - Inner,Greater Melbourne,0.6270,0.7724,0.7884,0.4322,0.6345,0.1982,0.6006,0.9121,0.8008,0.6275,0.6965,H75,MC,HA,Stonnington
206041125,South Yarra - West,VIC,Metropolitan,1,2024,Melbourne - Inner,Greater Melbourne,0.6568,0.9142,0.9055,0.5088,0.6609,0.2048,0.6289,1.0000,0.8992,0.7422,0.5434,H75,MC,HA,Melbourne
507011160,Spearwood,WA,Metropolitan,1,2024,Perth - South West,Greater Perth,0.4004,0.4376,0.4420,0.4501,0.6309,0.0959,0.2587,0.7590,0.5444,0.3548,0.5288,L25,LC,LA,Cockburn
801011025,Spence,ACT,Metropolitan,1,2024,Australian Capital Territory,Australian Capital Territory,0.4463,0.7956,0.7177,0.6759,0.5592,0.0850,0.2680,0.5987,0.7905,0.6908,0.8829,H75,LC,HA,Unincorporated ACT
123011702,Spring Farm,NSW,Metropolitan,1,2024,Sydney - Outer South West,Greater Sydney,0.5842,0.5717,0.6231,0.5759,0.5805,0.6465,0.5509,0.7161,0.6207,0.5129,0.2999,M50,MC,MA,Camden
310041303,Springfield,QLD,Metropolitan,1,2024,Ipswich,Greater Brisbane,0.5215,0.4359,0.4955,0.4626,0.7373,0.8036,0.4414,0.6058,0.4689,0.4642,0.1889,L25,MC,LA,Ipswich
310041304,Springfield Lakes,QLD,Metropolitan,1,2024,Ipswich,Greater Brisbane,0.4190,0.4431,0.4540,0.4537,0.5201,0.7521,0.4408,0.6058,0.5260,0.3943,0.1008,L25,LC,LA,Ipswich
305011111,Spring Hill,QLD,Metropolitan,1,2024,Brisbane Inner City,Greater Brisbane,0.5509,0.6385,0.6543,0.4358,0.5671,0.3975,0.4773,0.6180,0.7687,0.4093,0.6468,M50,MC,MA,Brisbane
212041317,Springvale,VIC,Metropolitan,1,2024,Melbourne - South East,Greater Melbourne,0.3521,0.6104,0.5453,0.2314,0.6621,0.2147,0.5338,0.6466,0.8230,0.2555,0.2312,M50,LC,MA,Greater Dandenong
212041318,Springvale South,VIC,Metropolitan,1,2024,Melbourne - South East,Greater Melbourne,0.3243,0.6187,0.5402,0.2354,0.5934,0.1740,0.5338,0.6466,0.8371,0.2480,0.2318,M50,LC,MA,Greater Dandenong
311061334,Springwood,QLD,Metropolitan,1,2024,Logan - Beaudesert,Greater Brisbane,0.5949,0.4817,0.5642,0.4970,0.8435,0.4449,0.4392,0.5997,0.5178,0.4858,0.4617,M50,MC,MA,Logan
124011454,Springwood - Winmalee,NSW,Metropolitan,1,2024,Sydney - Outer West and Blue Mountains,Greater Sydney,0.8568,0.5842,0.7868,0.7572,0.7764,0.5517,0.5892,0.7078,0.4873,0.7361,0.8225,H75,HC,MA,Blue Mountains
302021032,Stafford,QLD,Metropolitan,1,2024,Brisbane - North,Greater Brisbane,0.5555,0.5816,0.6159,0.5304,0.7183,0.2327,0.4557,0.6180,0.7181,0.3765,0.6972,M50,MC,MA,Brisbane
302021033,Stafford Heights,QLD,Metropolitan,1,2024,Brisbane - North,Greater Brisbane,0.5701,0.6061,0.6406,0.5845,0.7205,0.2185,0.4573,0.6180,0.6553,0.5285,0.7497,M50,MC,MA,Brisbane
402051055,St Agnes - Ridgehaven,SA,Metropolitan,1,2024,Adelaide - North,Greater Adelaide,0.7161,0.5185,0.6556,0.5790,0.8246,0.3338,0.5225,0.7008,0.5233,0.5525,0.7529,M50,HC,MA,Tea Tree Gully
213011334,St Albans - North,VIC,Metropolitan,1,2024,Melbourne - West,Greater Melbourne,0.2882,0.4696,0.4196,0.1654,0.5763,0.1256,0.4977,0.6556,0.7199,0.1345,0.2898,L25,LC,LA,Brimbank
213011335,St Albans - South,VIC,Metropolitan,1,2024,Melbourne - West,Greater Melbourne,0.3646,0.4969,0.4694,0.1762,0.6321,0.2752,0.5016,0.6556,0.7033,0.2227,0.3008,L25,LC,MA,Brimbank
116021633,Stanhope Gardens - Parklea,NSW,Metropolitan,1,2024,Sydney - Blacktown,Greater Sydney,0.6972,0.4831,0.6197,0.6304,0.7269,0.7897,0.4969,0.7082,0.5306,0.4697,0.4080,M50,HC,MA,Blacktown
307031187,Stanthorpe,QLD,Outer regional,3,2024,Darling Downs - Maranoa,Rest of Qld,0.4721,0.4244,0.4642,0.3923,0.6603,0.5004,0.4022,0.5420,0.4735,0.4340,0.3747,L25,LC,LA,Southern Downs
307031188,Stanthorpe Surrounds,QLD,Inner regional,2,2024,Darling Downs - Maranoa,Rest of Qld,0.3686,0.5053,0.4771,0.7273,0.5858,0.4569,0.3989,0.0955,0.5362,0.5068,0.3113,L25,LC,MA,Southern Downs
215011391,St Arnaud,VIC,Inner regional,2,2024,North West,Rest of Vic.,0.5232,0.6038,0.6162,0.6284,0.4561,0.1934,0.5742,0.6047,0.6431,0.5432,0.7884,M50,MC,MA,Yarriambiack; Northern Grampians
215011392,Stawell,VIC,Inner regional,2,2024,North West,Rest of Vic.,0.6139,0.6113,0.6665,0.5926,0.6665,0.2889,0.5685,0.6047,0.6287,0.5805,0.7713,M50,MC,MA,Northern Grampians
124051470,St Clair,NSW,Metropolitan,1,2024,Sydney - Outer West and Blue Mountains,Greater Sydney,0.5713,0.4718,0.5453,0.5591,0.7132,0.3272,0.5412,0.6750,0.5187,0.4643,0.4133,M50,MC,LA,Penrith
114011279,St Georges Basin - Erowal Bay,NSW,Inner regional,2,2024,Southern Highlands and Shoalhaven,Rest of NSW,0.5880,0.5044,0.5770,0.4511,0.6362,0.6773,0.5945,0.5997,0.5453,0.4912,0.4212,M50,MC,MA,Shoalhaven
602031064,St Helens - Scamander,TAS,Outer regional,3,2024,Launceston and North East,Rest of Tas.,0.5214,0.4875,0.5322,0.5674,0.6667,0.5063,0.5766,0.0021,0.6167,0.3456,0.6842,M50,MC,MA,Break O'Day; Dorset
801081096,Stirling,ACT,Metropolitan,1,2024,Australian Capital Territory,Australian Capital Territory,0.5040,0.5170,0.5451,0.4482,0.4761,0.4157,0.2622,0.5987,0.4314,0.6812,0.8961,M50,MC,MA,Unincorporated ACT
505021093,Stirling - Osborne Park,WA,Metropolitan,1,2024,Perth - North West,Greater Perth,0.5622,0.4618,0.5337,0.5634,0.8263,0.2560,0.2275,0.7444,0.5040,0.4658,0.6312,M50,MC,LA,Vincent; Stirling
121031410,St Ives,NSW,Metropolitan,1,2024,Sydney - North Sydney and Hornsby,Greater Sydney,0.5355,0.7926,0.7569,0.5573,0.6210,0.1735,0.4575,0.7182,0.7230,0.7940,0.6508,H75,MC,HA,Ku-ring-gai
127021520,St Johns Park - Wakeley,NSW,Metropolitan,1,2024,Sydney - South West,Greater Sydney,0.2909,0.3596,0.3421,0.3080,0.6917,0.1726,0.4458,0.5525,0.5279,0.2152,0.1379,L25,LC,LA,Fairfield
206051513,St Kilda - Central,VIC,Metropolitan,1,2024,Melbourne - Inner,Greater Melbourne,0.6216,0.7801,0.7911,0.4826,0.6296,0.1799,0.5667,0.8856,0.8462,0.5658,0.7252,H75,MC,HA,Port Phillip
206051134,St Kilda East,VIC,Metropolitan,1,2024,Melbourne - Inner,Greater Melbourne,0.6683,0.7125,0.7676,0.5312,0.6954,0.1662,0.5729,0.8856,0.8052,0.4989,0.7805,H75,HC,HA,Port Phillip
206051514,St Kilda - West,VIC,Metropolitan,1,2024,Melbourne - Inner,Greater Melbourne,0.6446,0.7522,0.7833,0.5006,0.6718,0.1832,0.5643,0.8856,0.8176,0.5584,0.7325,H75,MC,HA,Port Phillip
121011401,St Leonards - Naremburn,NSW,Metropolitan,1,2024,Sydney - North Sydney and Hornsby,Greater Sydney,0.6462,0.7132,0.7563,0.5627,0.5901,0.4331,0.4836,0.7227,0.7103,0.6570,0.6462,H75,MC,HA,Willoughby; North Sydney; Lane Cove
304031096,St Lucia,QLD,Metropolitan,1,2024,Brisbane - West,Greater Brisbane,0.4556,0.6436,0.6133,0.3951,0.5712,0.3139,0.2423,0.6180,0.6500,0.6125,0.7027,M50,LC,MA,Brisbane
124051581,St Marys - North St Marys,NSW,Metropolitan,1,2024,Sydney - Outer West and Blue Mountains,Greater Sydney,0.5340,0.3864,0.4661,0.3354,0.6398,0.5174,0.5425,0.6750,0.5822,0.1862,0.3821,L25,MC,LA,Penrith
111031232,Stockton - Fullerton Cove,NSW,Metropolitan,1,2024,Newcastle and Lake Macquarie,Rest of NSW,0.7313,0.7031,0.7961,0.6125,0.6516,0.6811,0.6134,0.6506,0.7058,0.6439,0.6326,H75,HC,HA,Newcastle; Port Stephens
401051019,St Peters - Marden,SA,Metropolitan,1,2024,Adelaide - Central and Hills,Greater Adelaide,0.7236,0.7387,0.8171,0.5540,0.8182,0.2969,0.6054,0.7160,0.8126,0.5397,0.7775,H75,HC,HA,Norwood Payneham and St Peters
407011146,Strathalbyn,SA,Inner regional,2,2024,South Australia - South East,Rest of SA,0.6990,0.5783,0.6887,0.5874,0.7116,0.5174,0.4944,0.5933,0.5873,0.5777,0.8444,M50,HC,MA,Alexandrina
407011147,Strathalbyn Surrounds,SA,Inner regional,2,2024,South Australia - South East,Rest of SA,0.7396,0.5965,0.7247,0.8494,0.6951,0.5878,0.4899,0.5933,0.6200,0.5642,0.7723,H75,HC,MA,Alexandrina; Victor Harbor; Yankalilla
120031680,Strathfield - East,NSW,Metropolitan,1,2024,Sydney - Inner West,Greater Sydney,0.5319,0.5088,0.5525,0.3715,0.5550,0.4365,0.4695,0.7110,0.5913,0.4300,0.4607,M50,MC,MA,Burwood; Strathfield; Canada Bay
202011024,Strathfieldsaye,VIC,Inner regional,2,2024,Bendigo,Rest of Vic.,0.8191,0.7262,0.8646,0.7762,0.7593,0.6921,0.6038,0.6788,0.6500,0.7766,0.6309,H75,HC,HA,Greater Bendigo
120031576,Strathfield South,NSW,Metropolitan,1,2024,Sydney - Inner West,Greater Sydney,0.7102,0.6232,0.7271,0.4754,0.8473,0.5841,0.4667,0.7146,0.7533,0.4038,0.5123,H75,HC,MA,Strathfield
120031681,Strathfield - West,NSW,Metropolitan,1,2024,Sydney - Inner West,Greater Sydney,0.5420,0.5509,0.5874,0.5541,0.7143,0.1701,0.4667,0.7146,0.6614,0.4058,0.5345,M50,MC,MA,Strathfield
210011231,Strathmore,VIC,Metropolitan,1,2024,Melbourne - North West,Greater Melbourne,0.7169,0.7152,0.7965,0.7030,0.8674,0.2662,0.4497,0.7582,0.6640,0.7334,0.7067,H75,HC,HA,Moonee Valley
801011143,Strathnairn,ACT,Metropolitan,1,2024,Australian Capital Territory,Australian Capital Territory,0.2935,0.2525,0.2666,0.5276,0.4894,0.1213,0.2667,0.5987,0.4963,0.0283,0.2828,L25,LC,LA,Unincorporated ACT
314031394,Strathpine - Brendale,QLD,Metropolitan,1,2024,Moreton Bay - South,Greater Brisbane,0.5597,0.5045,0.5629,0.4030,0.7604,0.4213,0.3602,0.6039,0.5975,0.4114,0.5928,M50,MC,MA,Moreton Bay
504031067,Stratton - Jane Brook,WA,Metropolitan,1,2024,Perth - North East,Greater Perth,0.6286,0.5192,0.6085,0.5594,0.6978,0.8038,0.2268,0.7227,0.5819,0.4659,0.5546,M50,MC,MA,Swan
701011008,Stuart Park,NT,Outer regional,3,2024,Darwin,Greater Darwin,0.3876,0.4833,0.4693,0.5557,0.6152,0.0729,0.5219,0.5772,0.4948,0.5232,0.4112,L25,LC,MA,Darwin
503021042,Subiaco - Shenton Park,WA,Metropolitan,1,2024,Perth - Inner,Greater Perth,0.4919,0.6519,0.6357,0.5610,0.6927,0.0712,0.3127,0.8334,0.6335,0.6546,0.6211,M50,MC,HA,Cambridge; Nedlands; Subiaco
507011161,Success - Hammond Park,WA,Metropolitan,1,2024,Perth - South West,Greater Perth,0.5720,0.4573,0.5354,0.5171,0.6664,0.5992,0.2585,0.7590,0.4635,0.5158,0.4542,M50,MC,LA,Cockburn
602011048,Summerhill - Prospect,TAS,Inner regional,2,2024,Launceston and North East,Rest of Tas.,0.6665,0.5212,0.6300,0.5061,0.7189,0.5501,0.9029,0.4031,0.6185,0.4128,0.7186,M50,HC,MA,Meander Valley; Launceston
102021052,Summerland Point - Gwandalan,NSW,Metropolitan,1,2024,Central Coast,Greater Sydney,0.6365,0.4213,0.5428,0.5872,0.6179,0.5961,0.5819,0.6443,0.5045,0.3817,0.4641,M50,MC,LA,Central Coast (NSW)
210041240,Sunbury,VIC,Metropolitan,1,2024,Melbourne - North West,Greater Melbourne,0.7422,0.6517,0.7656,0.6981,0.8220,0.5683,0.4492,0.7024,0.6780,0.5848,0.5330,H75,HC,HA,Hume
210041540,Sunbury - South,VIC,Metropolitan,1,2024,Melbourne - North West,Greater Melbourne,0.7331,0.5930,0.7185,0.5483,0.7861,0.6443,0.4501,0.7024,0.6088,0.5745,0.5775,H75,HC,MA,Hume
210041541,Sunbury - West,VIC,Metropolitan,1,2024,Melbourne - North West,Greater Melbourne,0.7624,0.6764,0.7950,0.6333,0.8038,0.7565,0.4481,0.7024,0.7047,0.5921,0.5456,H75,HC,HA,Hume
303061079,Sunnybank,QLD,Metropolitan,1,2024,Brisbane - South,Greater Brisbane,0.5147,0.5230,0.5544,0.2882,0.6497,0.4946,0.4257,0.6180,0.6825,0.3132,0.5246,M50,MC,MA,Brisbane
303061080,Sunnybank Hills,QLD,Metropolitan,1,2024,Brisbane - South,Greater Brisbane,0.5980,0.5175,0.5914,0.3530,0.7131,0.6994,0.4237,0.6180,0.7137,0.2490,0.5477,M50,MC,MA,Brisbane
213011336,Sunshine,VIC,Metropolitan,1,2024,Melbourne - West,Greater Melbourne,0.4276,0.4988,0.4975,0.3230,0.7210,0.1631,0.4977,0.6556,0.7407,0.1619,0.4128,L25,LC,MA,Brimbank
316051437,Sunshine Beach,QLD,Metropolitan,1,2024,Sunshine Coast,Rest of Qld,0.6740,0.6681,0.7391,0.6516,0.7792,0.6159,0.4323,0.5957,0.7263,0.5405,0.5643,H75,HC,HA,Noosa
213011337,Sunshine North,VIC,Metropolitan,1,2024,Melbourne - West,Greater Melbourne,0.3838,0.5383,0.5069,0.2609,0.7444,0.1632,0.5000,0.6556,0.7539,0.2240,0.3217,L25,LC,MA,Brimbank
213011338,Sunshine West,VIC,Metropolitan,1,2024,Melbourne - West,Greater Melbourne,0.4132,0.5196,0.5061,0.2918,0.8263,0.1391,0.4959,0.6556,0.7684,0.1577,0.3642,L25,LC,MA,Brimbank
309101561,Surfers Paradise - North,QLD,Metropolitan,1,2024,Gold Coast,Rest of Qld,0.4302,0.6619,0.6151,0.4180,0.6248,0.1935,0.4086,0.6066,0.6750,0.6101,0.4714,M50,LC,HA,Gold Coast
309101562,Surfers Paradise - South,QLD,Metropolitan,1,2024,Gold Coast,Rest of Qld,0.4354,0.6610,0.6167,0.3968,0.5744,0.2344,0.4092,0.6066,0.6707,0.6151,0.4844,M50,LC,HA,Gold Coast
207031167,Surrey Hills (East) - Mont Albert,VIC,Metropolitan,1,2024,Melbourne - Inner East,Greater Melbourne,0.6733,0.7774,0.8167,0.5801,0.8000,0.1687,0.5816,0.7554,0.7774,0.6761,0.7451,H75,HC,HA,Whitehorse
207011155,Surrey Hills (West) - Canterbury,VIC,Metropolitan,1,2024,Melbourne - Inner East,Greater Melbourne,0.7475,0.8159,0.8859,0.5945,0.8349,0.1976,0.5646,0.8244,0.7603,0.7803,0.8097,H75,HC,HA,Boroondara
117031336,Surry Hills,NSW,Metropolitan,1,2024,Sydney - City and Inner South,Greater Sydney,0.6749,0.8814,0.8918,0.5504,0.5723,0.4660,0.6308,0.7389,0.9431,0.5994,0.6034,H75,HC,HA,Sydney
114011280,Sussex Inlet - Berrara,NSW,Inner regional,2,2024,Southern Highlands and Shoalhaven,Rest of NSW,0.6185,0.5836,0.6492,0.4644,0.6699,0.5996,0.5887,0.5997,0.6152,0.5456,0.5111,M50,MC,MA,Shoalhaven
128021538,Sutherland - Kirrawee,NSW,Metropolitan,1,2024,Sydney - Sutherland,Greater Sydney,0.6850,0.5583,0.6667,0.5643,0.7792,0.4567,0.3662,0.7151,0.5906,0.5321,0.6681,M50,HC,MA,Sutherland
319011501,Svensson Heights - Norville,QLD,Inner regional,2,2024,Wide Bay,Rest of Qld,0.4804,0.4281,0.4707,0.3327,0.6752,0.3248,0.4411,0.5580,0.4983,0.4050,0.5505,L25,MC,LA,Bundaberg
503011036,Swanbourne - Mount Claremont,WA,Metropolitan,1,2024,Perth - Inner,Greater Perth,0.5510,0.7212,0.7134,0.7238,0.7424,0.1596,0.3112,0.8059,0.5725,0.8824,0.5545,H75,MC,HA,Nedlands; Claremont; Cambridge
215031404,Swan Hill,VIC,Outer regional,3,2024,North West,Rest of Vic.,0.4980,0.5970,0.5994,0.4548,0.7096,0.1381,0.5613,0.5988,0.6473,0.5227,0.6534,M50,MC,MA,Swan Hill
215031405,Swan Hill Surrounds,VIC,Outer regional,3,2024,North West,Rest of Vic.,0.4649,0.6318,0.6091,0.6470,0.5925,0.2187,0.5502,0.3825,0.6756,0.5486,0.6529,M50,LC,MA,Swan Hill; Gannawarra
111011212,Swansea - Caves Beach,NSW,Metropolitan,1,2024,Newcastle and Lake Macquarie,Rest of NSW,0.7668,0.5517,0.7086,0.6257,0.7496,0.6361,0.6098,0.6548,0.5099,0.6389,0.6305,M50,HC,MA,Lake Macquarie
504021054,Swan View - Greenmount - Midvale,WA,Metropolitan,1,2024,Perth - North East,Greater Perth,0.4932,0.3978,0.4549,0.5199,0.8281,0.1602,0.2201,0.7201,0.4344,0.4359,0.6133,L25,MC,LA,Swan; Mundaring
213011339,Sydenham,VIC,Metropolitan,1,2024,Melbourne - West,Greater Melbourne,0.5933,0.4777,0.5606,0.3802,0.7355,0.6767,0.5016,0.6556,0.6487,0.2732,0.3969,M50,MC,MA,Brimbank
117021328,Sydenham - Tempe - St Peters,NSW,Metropolitan,1,2024,Sydney - City and Inner South,Greater Sydney,0.8084,0.6353,0.7931,0.5542,0.7544,0.6170,0.5750,0.7266,0.7583,0.4203,0.7159,H75,HC,MA,Inner West; Sydney
117031644,Sydney (North) - Millers Point,NSW,Metropolitan,1,2024,Sydney - City and Inner South,Greater Sydney,0.5732,0.8975,0.8503,0.5435,0.5981,0.2901,0.6251,0.7389,0.9778,0.5690,0.4722,H75,MC,HA,Unincorporated NSW; Sydney
117031645,Sydney (South) - Haymarket,NSW,Metropolitan,1,2024,Sydney - City and Inner South,Greater Sydney,0.3840,0.7745,0.6757,0.2992,0.4277,0.2329,0.6214,0.7389,0.8513,0.5458,0.2761,M50,LC,HA,Sydney
128011531,Sylvania - Taren Point,NSW,Metropolitan,1,2024,Sydney - Sutherland,Greater Sydney,0.7345,0.6261,0.7429,0.5738,0.8763,0.5287,0.3912,0.7151,0.6395,0.5937,0.6134,H75,HC,MA,Sutherland
315011400,Tablelands,QLD,Remote,4,2024,Queensland - Outback,Rest of Qld,0.4184,0.3105,0.3590,0.6871,0.5508,0.6080,0.4466,0.0922,0.4752,0.1914,0.3837,L25,LC,LA,Mareeba
302041045,Taigum - Fitzgibbon,QLD,Metropolitan,1,2024,Brisbane - North,Greater Brisbane,0.5751,0.5158,0.5787,0.3634,0.6013,0.6178,0.4398,0.6180,0.6309,0.3822,0.6257,M50,MC,MA,Brisbane
309041242,Tamborine - Canungra,QLD,Metropolitan,1,2024,Gold Coast,Rest of Qld,0.5250,0.6435,0.6454,0.7316,0.8216,0.5143,0.3943,0.1257,0.6505,0.6116,0.5430,M50,MC,MA,Scenic Rim
110041202,Tamworth - East,NSW,Inner regional,2,2024,New England and North West,Rest of NSW,0.6260,0.5855,0.6545,0.4838,0.7181,0.4554,0.6158,0.6083,0.5807,0.6021,0.5288,M50,MC,MA,Tamworth
110041203,Tamworth - North,NSW,Inner regional,2,2024,New England and North West,Rest of NSW,0.6127,0.6011,0.6587,0.4387,0.6585,0.5582,0.6201,0.6083,0.5741,0.6431,0.5208,M50,MC,MA,Tamworth
110041205,Tamworth Surrounds,NSW,Inner regional,2,2024,New England and North West,Rest of NSW,0.6850,0.6568,0.7370,0.7395,0.6739,0.5977,0.6186,0.6083,0.6481,0.6419,0.5117,H75,HC,HA,Tamworth; Gwydir
110041204,Tamworth - West,NSW,Inner regional,2,2024,New England and North West,Rest of NSW,0.4509,0.3989,0.4365,0.2137,0.5817,0.5149,0.6165,0.6083,0.5457,0.2714,0.3627,L25,LC,LA,Tamworth
702011053,Tanami,NT,Very remote,5,2024,Northern Territory - Outback,Rest of NT,0.0329,0.2160,0.1531,0.2873,0.0567,0.1613,0.2218,0.0155,0.2837,0.2683,0.1020,L25,LC,LA,MacDonnell; Central Desert
405011115,Tanunda,SA,Inner regional,2,2024,Barossa - Yorke - Mid North,Rest of SA,0.7590,0.6762,0.7928,0.6929,0.7116,0.5055,0.4976,0.6485,0.7243,0.5599,0.9035,H75,HC,HA,Barossa
505031107,Tapping - Ashby - Sinagra,WA,Metropolitan,1,2024,Perth - North West,Greater Perth,0.6857,0.5680,0.6740,0.6008,0.8111,0.7085,0.2202,0.7530,0.5394,0.6283,0.5914,M50,HC,MA,Wanneroo
307011178,Tara,QLD,Outer regional,3,2024,Darling Downs - Maranoa,Rest of Qld,0.2880,0.3920,0.3641,0.5280,0.3808,0.4895,0.3861,0.1116,0.5007,0.3261,0.2801,L25,LC,LA,Western Downs; Goondiwindi
108051169,Taree,NSW,Inner regional,2,2024,Mid North Coast,Rest of NSW,0.5509,0.4397,0.5123,0.3292,0.6218,0.6049,0.6077,0.5484,0.4725,0.4669,0.5447,L25,MC,LA,Mid-Coast
108051170,Taree Surrounds,NSW,Inner regional,2,2024,Mid North Coast,Rest of NSW,0.6245,0.5843,0.6528,0.6632,0.5771,0.6607,0.5880,0.5484,0.5931,0.5808,0.5334,M50,MC,MA,Mid-Coast; Port Macquarie-Hastings
304031097,Taringa,QLD,Metropolitan,1,2024,Brisbane - West,Greater Brisbane,0.4963,0.6751,0.6543,0.4725,0.5853,0.3661,0.2427,0.6180,0.7439,0.5257,0.7425,M50,MC,HA,Brisbane
213051583,Tarneit - Central,VIC,Metropolitan,1,2024,Melbourne - West,Greater Melbourne,0.5830,0.6258,0.6611,0.3860,0.5788,0.7427,0.4772,0.8025,0.7743,0.3735,0.3507,M50,MC,MA,Wyndham
213051584,Tarneit - North,VIC,Metropolitan,1,2024,Melbourne - West,Greater Melbourne,0.3370,0.5494,0.4957,0.4107,0.4320,0.1729,0.4738,0.8025,0.8805,0.0117,0.1492,L25,LC,MA,Wyndham
213051585,Tarneit - South,VIC,Metropolitan,1,2024,Melbourne - West,Greater Melbourne,0.4942,0.5484,0.5629,0.3574,0.6213,0.2480,0.4779,0.8025,0.6802,0.3701,0.4208,M50,MC,MA,Wyndham
213051582,Tarneit (West) - Mount Cottrell,VIC,Metropolitan,1,2024,Melbourne - West,Greater Melbourne,0.3361,0.5268,0.4792,0.3948,0.4619,0.1666,0.4759,0.8025,0.8467,0.0268,0.1467,L25,LC,MA,Wyndham
601041026,Taroona - Bonnet Hill,TAS,Inner regional,2,2024,Hobart,Greater Hobart,0.6931,0.7206,0.7871,0.6475,0.7426,0.4387,0.7435,0.4110,0.6328,0.7917,0.8924,H75,HC,HA,Kingborough
303041071,Tarragindi,QLD,Metropolitan,1,2024,Brisbane - South,Greater Brisbane,0.5831,0.8049,0.7891,0.6824,0.8024,0.1799,0.4411,0.6180,0.7456,0.7821,0.7145,H75,MC,HA,Brisbane
407021157,Tatiara,SA,Outer regional,3,2024,South Australia - South East,Rest of SA,0.4659,0.5845,0.5757,0.6486,0.5309,0.3805,0.4999,0.1263,0.6537,0.4873,0.7693,M50,LC,MA,Tatiara
801041121,Taylor,ACT,Metropolitan,1,2024,Australian Capital Territory,Australian Capital Territory,0.2523,0.3520,0.3222,0.4365,0.3899,0.1004,0.2370,0.5987,0.6397,0.0112,0.3287,L25,LC,LA,Unincorporated ACT
213041360,Taylors Hill,VIC,Metropolitan,1,2024,Melbourne - West,Greater Melbourne,0.7293,0.4313,0.6008,0.5205,0.7826,0.7906,0.4733,0.7731,0.5330,0.3591,0.4351,M50,HC,LA,Melton
213011340,Taylors Lakes,VIC,Metropolitan,1,2024,Melbourne - West,Greater Melbourne,0.7772,0.5300,0.6992,0.6341,0.9679,0.7661,0.4988,0.6556,0.5981,0.4630,0.4452,M50,HC,MA,Brimbank
106031124,Tea Gardens - Hawks Nest,NSW,Inner regional,2,2024,Hunter Valley exc Newcastle,Rest of NSW,0.5556,0.5715,0.6088,0.4463,0.6305,0.5663,0.5506,0.4893,0.5688,0.5919,0.5690,M50,MC,MA,Mid-Coast
308051538,Telina - Toolooa,QLD,Inner regional,2,2024,Fitzroy,Rest of Qld,0.5723,0.4210,0.5096,0.5136,0.6247,0.6533,0.4435,0.5949,0.4505,0.4603,0.4547,L25,MC,LA,Gladstone
113031266,Temora,NSW,Outer regional,3,2024,Riverina,Rest of NSW,0.6540,0.4957,0.6052,0.6451,0.5349,0.6807,0.6496,0.5444,0.6507,0.3081,0.6248,M50,MC,MA,Coolamon; Temora
207021159,Templestowe,VIC,Metropolitan,1,2024,Melbourne - Inner East,Greater Melbourne,0.8013,0.6332,0.7873,0.5346,0.8003,0.6871,0.5415,0.7046,0.6712,0.5582,0.6619,H75,HC,MA,Manningham
207021160,Templestowe Lower,VIC,Metropolitan,1,2024,Melbourne - Inner East,Greater Melbourne,0.5875,0.5436,0.6047,0.4676,0.8115,0.1401,0.5443,0.7046,0.5751,0.5260,0.6989,M50,MC,MA,Manningham
106021617,Tenambit - East Maitland,NSW,Metropolitan,1,2024,Hunter Valley exc Newcastle,Rest of NSW,0.7184,0.6329,0.7385,0.5526,0.7280,0.5480,0.5684,0.6774,0.5966,0.6727,0.5932,H75,HC,MA,Maitland
702021056,Tennant Creek,NT,Very remote,5,2024,Northern Territory - Outback,Rest of NT,0.0918,0.4023,0.3038,0.4076,0.4106,0.0000,0.2561,0.4494,0.4403,0.4366,0.0059,L25,LC,LA,Barkly
110021194,Tenterfield,NSW,Inner regional,2,2024,New England and North West,Rest of NSW,0.4106,0.5467,0.5244,0.5303,0.5214,0.3960,0.5862,0.0804,0.5881,0.5124,0.5506,M50,LC,MA,Tenterfield
112031551,Terranora - North Tumbulgum,NSW,Metropolitan,1,2024,Richmond - Tweed,Rest of NSW,0.7267,0.6950,0.7876,0.7385,0.8013,0.7700,0.5909,0.5963,0.6892,0.6539,0.4427,H75,HC,HA,Tweed
122031432,Terrey Hills - Duffys Forest,NSW,Metropolitan,1,2024,Sydney - Northern Beaches,Greater Sydney,0.7522,0.7943,0.8732,0.7702,0.9408,0.3548,0.3931,0.7198,0.7433,0.7649,0.6775,H75,HC,HA,Northern Beaches
102011039,Terrigal - North Avoca,NSW,Metropolitan,1,2024,Central Coast,Greater Sydney,0.7208,0.6516,0.7533,0.6820,0.7482,0.6013,0.6069,0.6443,0.6334,0.6543,0.5154,H75,HC,HA,Central Coast (NSW)
316051438,Tewantin,QLD,Metropolitan,1,2024,Sunshine Coast,Rest of Qld,0.6334,0.6247,0.6863,0.4589,0.7384,0.5352,0.4337,0.5957,0.6592,0.5602,0.6721,M50,MC,MA,Noosa
702031059,Thamarrurr,NT,Remote,4,2024,Northern Territory - Outback,Rest of NT,0.0337,0.1275,0.0901,0.2480,0.1974,0.1869,0.0765,0.0194,0.1637,0.2411,0.1656,L25,LC,LA,West Daly
211011449,The Basin,VIC,Metropolitan,1,2024,Melbourne - Outer East,Greater Melbourne,0.7468,0.7360,0.8285,0.7423,0.7841,0.3083,0.5442,0.7416,0.7759,0.5959,0.7542,H75,HC,HA,Knox
407031169,The Coorong,SA,Inner regional,2,2024,South Australia - South East,Rest of SA,0.4308,0.5379,0.5268,0.6882,0.4434,0.3042,0.4868,0.1134,0.6133,0.4553,0.8097,M50,LC,MA,Southern Mallee; Murray Bridge; Unincorporated SA; Coorong
102021053,The Entrance,NSW,Metropolitan,1,2024,Central Coast,Greater Sydney,0.6169,0.4390,0.5451,0.4514,0.6256,0.5647,0.5956,0.6443,0.5786,0.3044,0.5099,M50,MC,LA,Central Coast (NSW)
304041103,The Gap,QLD,Metropolitan,1,2024,Brisbane - West,Greater Brisbane,0.6384,0.7768,0.7976,0.6872,0.7956,0.5201,0.2407,0.6180,0.6794,0.8309,0.7318,H75,MC,HA,Brisbane
314011386,The Hills District,QLD,Metropolitan,1,2024,Moreton Bay - South,Greater Brisbane,0.6427,0.6274,0.6932,0.7101,0.8083,0.4069,0.3541,0.6039,0.5402,0.7453,0.6726,M50,MC,MA,Moreton Bay
123031448,The Oaks - Oakdale,NSW,Metropolitan,1,2024,Sydney - Outer South West,Greater Sydney,0.7515,0.6166,0.7459,0.7709,0.7424,0.6210,0.5403,0.7078,0.5783,0.6679,0.5046,H75,HC,MA,Wollondilly
801071088,Theodore,ACT,Metropolitan,1,2024,Australian Capital Territory,Australian Capital Territory,0.5126,0.6707,0.6589,0.6933,0.6520,0.2523,0.2433,0.5987,0.6635,0.6458,0.7538,M50,MC,HA,Unincorporated ACT
404021102,The Parks,SA,Metropolitan,1,2024,Adelaide - West,Greater Adelaide,0.4961,0.4640,0.5036,0.3020,0.6895,0.3266,0.5182,0.6668,0.7079,0.1434,0.4175,L25,MC,LA,Charles Sturt; Port Adelaide Enfield
308031222,The Range - Allenstown,QLD,Inner regional,2,2024,Fitzroy,Rest of Qld,0.5119,0.5465,0.5699,0.4816,0.6740,0.2530,0.4554,0.5935,0.5360,0.5903,0.5835,M50,MC,MA,Rockhampton
504031068,The Vines,WA,Metropolitan,1,2024,Perth - North East,Greater Perth,0.4658,0.6287,0.6073,0.6241,0.7260,0.2058,0.2239,0.7227,0.6053,0.6514,0.4603,M50,LC,MA,Swan
107041148,Thirroul - Austinmer - Coalcliff,NSW,Metropolitan,1,2024,Illawarra,Rest of NSW,0.6336,0.7304,0.7619,0.7934,0.7780,0.6313,0.6169,0.2353,0.6365,0.8055,0.5584,H75,MC,HA,Wollongong
209041223,Thomastown,VIC,Metropolitan,1,2024,Melbourne - North East,Greater Melbourne,0.4620,0.4562,0.4823,0.2618,0.8134,0.1345,0.5317,0.7337,0.7170,0.1099,0.4775,L25,LC,LA,Whittlesea
206021112,Thornbury,VIC,Metropolitan,1,2024,Melbourne - Inner,Greater Melbourne,0.6177,0.5752,0.6428,0.4921,0.7068,0.1615,0.5615,0.7670,0.6706,0.4411,0.7997,M50,MC,MA,Darebin
301011005,Thorneside,QLD,Metropolitan,1,2024,Brisbane - East,Greater Brisbane,0.5342,0.4266,0.4948,0.5855,0.7553,0.2375,0.3654,0.5997,0.5035,0.3939,0.6444,L25,MC,LA,Redland
301021012,Thornlands,QLD,Metropolitan,1,2024,Brisbane - East,Greater Brisbane,0.5857,0.6038,0.6468,0.6188,0.6760,0.4906,0.3762,0.5997,0.5603,0.6690,0.5372,M50,MC,MA,Redland
506041137,Thornlie,WA,Metropolitan,1,2024,Perth - South East,Greater Perth,0.4215,0.3684,0.4017,0.4471,0.7020,0.1499,0.2762,0.6982,0.3969,0.4288,0.4708,L25,LC,LA,Gosnells
106021618,Thornton - Millers Forest,NSW,Metropolitan,1,2024,Hunter Valley exc Newcastle,Rest of NSW,0.6645,0.5911,0.6789,0.5867,0.7021,0.6281,0.5574,0.6774,0.5798,0.6147,0.4312,M50,HC,MA,Maitland
801041122,Throsby,ACT,Metropolitan,1,2024,Australian Capital Territory,Australian Capital Territory,0.2873,0.4238,0.3866,0.5567,0.3892,0.1206,0.2370,0.5987,0.7297,0.0130,0.3605,L25,LC,LA,Unincorporated ACT
319051526,Tinana,QLD,Inner regional,2,2024,Wide Bay,Rest of Qld,0.6332,0.4325,0.5489,0.5559,0.7810,0.6641,0.4367,0.5520,0.4283,0.5155,0.5257,M50,MC,LA,Fraser Coast
301031018,Tingalpa,QLD,Metropolitan,1,2024,Brisbane - East,Greater Brisbane,0.6819,0.6488,0.7296,0.5949,0.9039,0.4575,0.3673,0.6180,0.6997,0.5444,0.6747,H75,HC,HA,Brisbane
701021027,Tiwi,NT,Outer regional,3,2024,Darwin,Greater Darwin,0.4116,0.3053,0.3523,0.3982,0.6692,0.1033,0.5363,0.5772,0.2758,0.4649,0.5005,L25,LC,LA,Darwin
702031060,Tiwi Islands,NT,Remote,4,2024,Northern Territory - Outback,Rest of NT,0.0903,0.0417,0.0458,0.3553,0.1999,0.1504,0.1926,0.0150,0.0000,0.2638,0.2487,L25,LC,LA,Tiwi Islands
109031185,Tocumwal - Finley - Jerilderie,NSW,Inner regional,2,2024,Murray,Rest of NSW,0.4977,0.5489,0.5649,0.6244,0.5798,0.5872,0.5028,0.0993,0.5724,0.5407,0.6228,M50,MC,MA,Murrumbidgee; Berrigan
114011281,Tomerong - Wandandian - Woollamia,NSW,Inner regional,2,2024,Southern Highlands and Shoalhaven,Rest of NSW,0.7531,0.6829,0.7942,0.8448,0.8451,0.7509,0.6005,0.5997,0.6519,0.6880,0.4102,H75,HC,HA,Shoalhaven
509021244,Toodyay,WA,Inner regional,2,2024,Western Australia - Wheat Belt,Rest of WA,0.4086,0.5690,0.5394,0.6908,0.7016,0.3587,0.2497,0.1404,0.5703,0.5844,0.6234,M50,LC,MA,Toodyay
125041493,Toongabbie - Constitution Hill,NSW,Metropolitan,1,2024,Sydney - Parramatta,Greater Sydney,0.6330,0.5946,0.6646,0.4799,0.7124,0.3590,0.5735,0.7151,0.7419,0.3636,0.5253,M50,MC,MA,Parramatta
116011627,Toongabbie - West,NSW,Metropolitan,1,2024,Sydney - Blacktown,Greater Sydney,0.5604,0.4607,0.5320,0.4250,0.6071,0.4863,0.5307,0.6896,0.6190,0.2857,0.4095,M50,MC,LA,Cumberland; Blacktown
206061138,Toorak,VIC,Metropolitan,1,2024,Melbourne - Inner,Greater Melbourne,0.6771,0.8174,0.8474,0.5425,0.7185,0.1810,0.6026,0.9121,0.8123,0.6981,0.6687,H75,HC,HA,Stonnington
401031013,Toorak Gardens,SA,Metropolitan,1,2024,Adelaide - Central and Hills,Greater Adelaide,0.7311,0.7640,0.8394,0.5072,0.7820,0.3352,0.6068,0.7528,0.7841,0.6385,0.7527,H75,HC,HA,Burnside
305041137,Toowong,QLD,Metropolitan,1,2024,Brisbane Inner City,Greater Brisbane,0.5692,0.6890,0.6994,0.4913,0.6580,0.2998,0.4680,0.6180,0.7611,0.5254,0.7261,M50,MC,HA,Brisbane
317011456,Toowoomba - Central,QLD,Inner regional,2,2024,Toowoomba,Rest of Qld,0.4671,0.5883,0.5790,0.3895,0.7084,0.2894,0.4573,0.5966,0.6311,0.5304,0.3827,M50,LC,MA,Toowoomba
317011457,Toowoomba - East,QLD,Inner regional,2,2024,Toowoomba,Rest of Qld,0.5318,0.7309,0.7111,0.5848,0.7210,0.3334,0.4582,0.5966,0.6582,0.7734,0.4106,H75,MC,HA,Toowoomba
317011458,Toowoomba - West,QLD,Inner regional,2,2024,Toowoomba,Rest of Qld,0.5571,0.6660,0.6770,0.5368,0.7384,0.6166,0.4541,0.5966,0.6757,0.6173,0.3204,M50,MC,HA,Toowoomba
111021219,Toronto - Awaba,NSW,Metropolitan,1,2024,Newcastle and Lake Macquarie,Rest of NSW,0.7654,0.5707,0.7212,0.5447,0.7851,0.6136,0.5920,0.6548,0.5400,0.6330,0.6573,H75,HC,MA,Lake Macquarie
203031053,Torquay,VIC,Metropolitan,1,2024,Geelong,Rest of Vic.,0.8785,0.6811,0.8698,0.7358,0.7522,0.6213,0.5627,0.7857,0.6077,0.7519,0.7265,H75,HC,HA,Surf Coast
319041520,Torquay - Scarness - Kawungan,QLD,Inner regional,2,2024,Wide Bay,Rest of Qld,0.4539,0.3968,0.4363,0.2737,0.5949,0.4391,0.4438,0.5520,0.4392,0.4269,0.4941,L25,LC,LA,Fraser Coast
801091110,Torrens,ACT,Metropolitan,1,2024,Australian Capital Territory,Australian Capital Territory,0.4158,0.7227,0.6522,0.6310,0.6096,0.0640,0.2759,0.5987,0.6752,0.7309,0.7533,M50,LC,HA,Unincorporated ACT
315011401,Torres,QLD,Very remote,5,2024,Queensland - Outback,Rest of Qld,0.2617,0.3234,0.3053,0.4799,0.3522,0.4225,0.4594,0.0621,0.4537,0.2518,0.2391,L25,LC,LA,Torres
315011402,Torres Strait Islands,QLD,Very remote,5,2024,Queensland - Outback,Rest of Qld,0.1816,0.2590,0.2307,0.3413,0.1753,0.4398,0.4456,0.0237,0.3857,0.2149,0.1802,L25,LC,LA,Torres Strait Island
102021054,Toukley - Norah Head,NSW,Metropolitan,1,2024,Central Coast,Greater Sydney,0.6524,0.4988,0.6065,0.4095,0.6836,0.7051,0.5901,0.6443,0.6098,0.3802,0.5186,M50,MC,MA,Central Coast (NSW)
318021490,Townsville City - North Ward,QLD,Outer regional,3,2024,Townsville,Rest of Qld,0.5650,0.6094,0.6404,0.5780,0.6924,0.5521,0.4713,0.5966,0.6094,0.6064,0.3727,M50,MC,MA,Townsville
318021489,Townsville - South,QLD,Outer regional,3,2024,Townsville,Rest of Qld,0.5021,0.7296,0.6960,0.8435,0.8097,0.6256,0.4579,0.1281,0.7380,0.6451,0.3023,M50,MC,HA,Townsville; Burdekin
204031072,Towong,VIC,Inner regional,2,2024,Hume,Rest of Vic.,0.4651,0.6536,0.6247,0.7980,0.5271,0.1647,0.5930,0.1331,0.6959,0.5603,0.8763,M50,LC,HA,Towong
205011078,Trafalgar (Vic.),VIC,Inner regional,2,2024,Latrobe - Gippsland,Rest of Vic.,0.7823,0.6537,0.7905,0.6943,0.7156,0.5891,0.5740,0.6871,0.6213,0.6769,0.6897,H75,HC,HA,South Gippsland; Baw Baw; Latrobe (Vic.)
205041493,Traralgon - East,VIC,Inner regional,2,2024,Latrobe - Gippsland,Rest of Vic.,0.5230,0.5481,0.5763,0.4907,0.7166,0.2468,0.5773,0.5918,0.5929,0.5080,0.5021,M50,MC,MA,Latrobe (Vic.)
205041494,Traralgon - West,VIC,Inner regional,2,2024,Latrobe - Gippsland,Rest of Vic.,0.5209,0.5539,0.5794,0.5837,0.6899,0.2045,0.5789,0.5918,0.5974,0.5128,0.5272,M50,MC,MA,Latrobe (Vic.)
602011049,Trevallyn,TAS,Inner regional,2,2024,Launceston and North East,Rest of Tas.,0.5842,0.7298,0.7360,0.6549,0.6355,0.2247,0.9029,0.4017,0.7278,0.6620,0.8025,H75,MC,HA,Launceston; West Tamar
603031074,Triabunna - Bicheno,TAS,Outer regional,3,2024,South East,Rest of Tas.,0.2898,0.5499,0.4776,0.6296,0.5923,0.1534,0.2188,0.0013,0.6342,0.4472,0.6661,L25,LC,MA,Glamorgan-Spring Bay
505021094,Trigg - North Beach - Watermans Bay,WA,Metropolitan,1,2024,Perth - North West,Greater Perth,0.5519,0.6150,0.6380,0.7523,0.8487,0.1401,0.2261,0.7444,0.5480,0.7095,0.6507,M50,MC,MA,Stirling; Joondalup
306011142,Trinity Beach - Smithfield,QLD,Outer regional,3,2024,Cairns,Rest of Qld,0.5206,0.5631,0.5858,0.5451,0.6467,0.7267,0.4512,0.5949,0.5866,0.5480,0.2540,M50,MC,MA,Cairns
213051586,Truganina - North,VIC,Metropolitan,1,2024,Melbourne - West,Greater Melbourne,0.3775,0.4535,0.4437,0.4521,0.5655,0.1792,0.4759,0.8025,0.7729,0.0000,0.1469,L25,LC,LA,Wyndham
213051587,Truganina - South East,VIC,Metropolitan,1,2024,Melbourne - West,Greater Melbourne,0.5651,0.6530,0.6717,0.4644,0.5775,0.7294,0.4797,0.8025,0.8124,0.3641,0.2497,M50,MC,HA,Wyndham
213051588,Truganina - South West,VIC,Metropolitan,1,2024,Melbourne - West,Greater Melbourne,0.4237,0.5417,0.5264,0.3467,0.5127,0.2481,0.4788,0.8025,0.7604,0.2198,0.3015,M50,LC,MA,Wyndham
505021095,Tuart Hill - Joondanna,WA,Metropolitan,1,2024,Perth - North West,Greater Perth,0.4991,0.4377,0.4861,0.4458,0.5970,0.3274,0.2275,0.7444,0.5490,0.3478,0.6514,L25,MC,LA,Stirling
102021055,Tuggerah - Kangy Angy,NSW,Metropolitan,1,2024,Central Coast,Greater Sydney,0.7495,0.5485,0.6961,0.5502,0.8516,0.6770,0.5907,0.6443,0.6000,0.4978,0.5326,M50,HC,MA,Central Coast (NSW)
210051250,Tullamarine,VIC,Metropolitan,1,2024,Melbourne - North West,Greater Melbourne,0.6725,0.5189,0.6317,0.4229,0.8228,0.6823,0.4451,0.7024,0.6957,0.2825,0.4714,M50,HC,MA,Hume
306031161,Tully,QLD,Outer regional,3,2024,Cairns,Rest of Qld,0.3849,0.5561,0.5201,0.5858,0.5603,0.5441,0.4455,0.0835,0.6181,0.4853,0.3649,L25,LC,MA,Cassowary Coast
113021260,Tumbarumba,NSW,Outer regional,3,2024,Riverina,Rest of NSW,0.4651,0.3854,0.4332,0.7963,0.5685,0.3891,0.6143,0.1148,0.5175,0.2866,0.5087,L25,LC,LA,Snowy Valleys; Greater Hume
113021261,Tumut,NSW,Inner regional,2,2024,Riverina,Rest of NSW,0.6261,0.3535,0.4889,0.5182,0.6910,0.5308,0.6150,0.5741,0.4637,0.3008,0.5369,L25,MC,LA,Snowy Valleys
113021262,Tumut Surrounds,NSW,Inner regional,2,2024,Riverina,Rest of NSW,0.5404,0.3981,0.4775,0.7866,0.6152,0.6456,0.6102,0.1148,0.5161,0.3154,0.5117,L25,MC,LA,Snowy Valleys; Snowy Monaro; Yass Valley
108011154,Tuncurry,NSW,Inner regional,2,2024,Mid North Coast,Rest of NSW,0.4656,0.4842,0.5039,0.2049,0.6216,0.4423,0.5937,0.5484,0.5023,0.5140,0.5513,L25,LC,MA,Mid-Coast
801051060,Turner,ACT,Metropolitan,1,2024,Australian Capital Territory,Australian Capital Territory,0.3630,0.6584,0.5841,0.5344,0.4400,0.0847,0.2659,0.5987,0.7723,0.4441,0.7543,M50,LC,HA,Unincorporated ACT
604021092,Turners Beach - Forth,TAS,Outer regional,3,2024,West and North West,Rest of Tas.,0.6445,0.5377,0.6301,0.7544,0.7871,0.6136,0.6257,0.0050,0.5521,0.5487,0.6792,M50,MC,MA,Kentish; Devonport; Central Coast (Tas.)
121031411,Turramurra,NSW,Metropolitan,1,2024,Sydney - North Sydney and Hornsby,Greater Sydney,0.6086,0.8215,0.8140,0.5993,0.6400,0.2585,0.4614,0.7182,0.7140,0.8647,0.7467,H75,MC,HA,Ku-ring-gai
112031254,Tweed Heads,NSW,Metropolitan,1,2024,Richmond - Tweed,Rest of NSW,0.6304,0.5883,0.6587,0.4616,0.6952,0.5151,0.6038,0.5926,0.6571,0.4895,0.5805,M50,MC,MA,Tweed
112031552,Tweed Heads South,NSW,Metropolitan,1,2024,Richmond - Tweed,Rest of NSW,0.5552,0.5156,0.5687,0.2146,0.6848,0.6597,0.6051,0.5963,0.5891,0.4474,0.5763,M50,MC,MA,Tweed
505031257,Two Rocks,WA,Inner regional,2,2024,Perth - North West,Greater Perth,0.5717,0.5075,0.5711,0.6114,0.6281,0.6209,0.2157,0.7530,0.5696,0.4607,0.4933,M50,MC,MA,Wanneroo
114011282,Ulladulla,NSW,Inner regional,2,2024,Southern Highlands and Shoalhaven,Rest of NSW,0.6462,0.5768,0.6588,0.5462,0.7248,0.5619,0.6157,0.5997,0.5947,0.5632,0.4882,M50,MC,MA,Shoalhaven
114011283,Ulladulla Surrounds,NSW,Inner regional,2,2024,Southern Highlands and Shoalhaven,Rest of NSW,0.6290,0.6830,0.7257,0.7613,0.6360,0.5407,0.6037,0.5997,0.6908,0.6275,0.4330,H75,MC,HA,Shoalhaven
117031646,Ultimo,NSW,Metropolitan,1,2024,Sydney - City and Inner South,Greater Sydney,0.4999,0.7047,0.6772,0.3122,0.5365,0.3395,0.6182,0.7389,0.7469,0.5806,0.4225,M50,MC,HA,Sydney
604011082,Ulverstone,TAS,Outer regional,3,2024,West and North West,Rest of Tas.,0.5262,0.4135,0.4817,0.4849,0.7347,0.2598,0.6250,0.3911,0.4844,0.3954,0.7545,L25,MC,LA,Central Coast (Tas.)
102011040,Umina - Booker Bay - Patonga,NSW,Metropolitan,1,2024,Central Coast,Greater Sydney,0.6505,0.5233,0.6230,0.4816,0.6475,0.5918,0.6098,0.6443,0.6284,0.4016,0.5438,M50,MC,MA,Central Coast (NSW)
107011134,Unanderra - Mount Kembla,NSW,Metropolitan,1,2024,Illawarra,Rest of NSW,0.8026,0.5459,0.7258,0.5922,0.8723,0.6994,0.5774,0.6798,0.5167,0.6176,0.5667,H75,HC,MA,Wollongong
311061335,Underwood,QLD,Metropolitan,1,2024,Logan - Beaudesert,Greater Brisbane,0.5664,0.5516,0.5999,0.4932,0.8083,0.5527,0.4389,0.5997,0.6799,0.3771,0.3508,M50,MC,MA,Logan
401071024,Unley - Parkside,SA,Metropolitan,1,2024,Adelaide - Central and Hills,Greater Adelaide,0.6840,0.7419,0.7973,0.4770,0.7976,0.2442,0.6076,0.7590,0.7884,0.5871,0.7486,H75,HC,HA,Unley
313041376,Upper Caboolture,QLD,Metropolitan,1,2024,Moreton Bay - North,Greater Brisbane,0.5597,0.5375,0.5865,0.7450,0.7932,0.2451,0.4221,0.6039,0.5814,0.5038,0.5101,M50,MC,MA,Moreton Bay
309071557,Upper Coomera - North,QLD,Metropolitan,1,2024,Gold Coast,Rest of Qld,0.5755,0.6478,0.6731,0.4534,0.6707,0.7807,0.3946,0.6066,0.6646,0.5981,0.4193,M50,MC,HA,Gold Coast
309071556,Upper Coomera (South) - Wongawallan,QLD,Metropolitan,1,2024,Gold Coast,Rest of Qld,0.5777,0.6687,0.6892,0.5998,0.6857,0.6601,0.3939,0.6066,0.6939,0.5939,0.3921,M50,MC,HA,Gold Coast
304041104,Upper Kedron - Ferny Grove,QLD,Metropolitan,1,2024,Brisbane - West,Greater Brisbane,0.6069,0.6805,0.7124,0.6758,0.6740,0.6916,0.2407,0.6180,0.6317,0.7143,0.6332,H75,MC,HA,Brisbane
303031065,Upper Mount Gravatt,QLD,Metropolitan,1,2024,Brisbane - South,Greater Brisbane,0.5129,0.5504,0.5731,0.3496,0.7191,0.2697,0.4367,0.6180,0.6829,0.3698,0.6393,M50,MC,MA,Brisbane
204011061,Upper Yarra Valley,VIC,Inner regional,2,2024,Hume,Rest of Vic.,0.3660,0.3925,0.3955,0.5080,0.5838,0.2659,0.5441,0.2202,0.5118,0.3102,0.4342,L25,LC,LA,Yarra Ranges
211051284,Upwey - Tecoma,VIC,Metropolitan,1,2024,Melbourne - Outer East,Greater Melbourne,0.7354,0.6606,0.7680,0.8065,0.7998,0.2026,0.5259,0.7498,0.6662,0.6212,0.8488,H75,HC,HA,Yarra Ranges
401021010,Uraidla - Summertown,SA,Metropolitan,1,2024,Adelaide - Central and Hills,Greater Adelaide,0.8843,0.7964,0.9559,0.7777,0.8395,0.4418,0.5808,0.7654,0.7368,0.7795,0.8516,H75,HC,HA,Adelaide Hills
319041521,Urangan - Wondunna,QLD,Inner regional,2,2024,Wide Bay,Rest of Qld,0.5215,0.4493,0.5050,0.4286,0.6586,0.5330,0.4424,0.5520,0.4812,0.4736,0.4430,L25,MC,LA,Fraser Coast
104021090,Urunga,NSW,Inner regional,2,2024,Coffs Harbour - Grafton,Rest of NSW,0.6596,0.5769,0.6661,0.5668,0.6421,0.5292,0.6221,0.5930,0.6147,0.5327,0.6377,M50,MC,MA,Bellingen
111011213,Valentine - Eleebana,NSW,Metropolitan,1,2024,Newcastle and Lake Macquarie,Rest of NSW,0.8242,0.6202,0.7920,0.7764,0.8160,0.6388,0.6145,0.6548,0.5089,0.7762,0.6317,H75,HC,MA,Lake Macquarie
402031176,Valley View - Gilles Plains,SA,Metropolitan,1,2024,Adelaide - North,Greater Adelaide,0.5951,0.4704,0.5563,0.4406,0.6691,0.3611,0.5369,0.6710,0.6433,0.2666,0.5569,M50,MC,LA,Port Adelaide Enfield; Salisbury; Tea Tree Gully
309081262,Varsity Lakes,QLD,Metropolitan,1,2024,Gold Coast,Rest of Qld,0.5961,0.5444,0.6097,0.4034,0.6888,0.6787,0.4121,0.6066,0.7125,0.3082,0.5371,M50,MC,MA,Gold Coast
211041272,Vermont,VIC,Metropolitan,1,2024,Melbourne - Outer East,Greater Melbourne,0.6943,0.6742,0.7546,0.5381,0.8514,0.2379,0.5511,0.7582,0.7319,0.5437,0.6814,H75,HC,HA,Whitehorse; Maroondah
211041273,Vermont South,VIC,Metropolitan,1,2024,Melbourne - Outer East,Greater Melbourne,0.6477,0.5693,0.6544,0.4777,0.8496,0.1938,0.5511,0.7554,0.6196,0.5097,0.6691,M50,MC,MA,Whitehorse
407011148,Victor Harbor,SA,Inner regional,2,2024,South Australia - South East,Rest of SA,0.5084,0.5376,0.5618,0.4129,0.6871,0.4944,0.4940,0.1680,0.5633,0.5316,0.8098,M50,MC,MA,Alexandrina; Victor Harbor
506021123,Victoria Park - Lathlain - Burswood,WA,Metropolitan,1,2024,Perth - South East,Greater Perth,0.4754,0.4198,0.4625,0.5525,0.6940,0.1415,0.2873,0.7950,0.4804,0.4143,0.5098,L25,MC,LA,Victoria Park
301021013,Victoria Point,QLD,Metropolitan,1,2024,Brisbane - East,Greater Brisbane,0.6863,0.5416,0.6555,0.5139,0.8142,0.7004,0.3749,0.5997,0.5330,0.5848,0.6937,M50,HC,MA,Redland
702051068,Victoria River,NT,Very remote,5,2024,Northern Territory - Outback,Rest of NT,0.0534,0.3889,0.2826,0.3359,0.1947,0.1122,0.1932,0.0333,0.4970,0.3253,0.1318,L25,LC,LA,Victoria Daly
209011203,Viewbank - Yallambie,VIC,Metropolitan,1,2024,Melbourne - North East,Greater Melbourne,0.7146,0.5734,0.6939,0.5947,0.7817,0.2480,0.5809,0.7700,0.5974,0.5522,0.7512,M50,HC,MA,Banyule
701031034,Virginia,NT,Outer regional,3,2024,Darwin,Greater Darwin,0.5572,0.4611,0.5307,0.6827,0.7048,0.3780,0.4751,0.5744,0.3984,0.6150,0.4340,M50,MC,LA,Litchfield
402021035,Virginia - Waterloo Corner,SA,Metropolitan,1,2024,Adelaide - North,Greater Adelaide,0.5470,0.5854,0.6144,0.5297,0.6901,0.5441,0.5155,0.6544,0.6601,0.4788,0.2648,M50,MC,MA,Playford; Salisbury
310011276,Wacol,QLD,Metropolitan,1,2024,Ipswich,Greater Brisbane,0.4867,0.4282,0.4736,0.3052,0.5930,0.4825,0.4529,0.6180,0.6086,0.2334,0.4233,L25,MC,LA,Brisbane
701021028,Wagaman,NT,Outer regional,3,2024,Darwin,Greater Darwin,0.3365,0.5351,0.4853,0.3722,0.5637,0.0876,0.5346,0.5772,0.6075,0.4588,0.3600,L25,LC,MA,Darwin
113031267,Wagga Wagga - East,NSW,Inner regional,2,2024,Riverina,Rest of NSW,0.7183,0.4962,0.6409,0.6016,0.7947,0.5228,0.6291,0.6750,0.6032,0.3853,0.4922,M50,HC,MA,Wagga Wagga
113031268,Wagga Wagga - North,NSW,Inner regional,2,2024,Riverina,Rest of NSW,0.6575,0.5293,0.6310,0.4587,0.6588,0.6386,0.6299,0.6750,0.6069,0.4478,0.4822,M50,MC,MA,Wagga Wagga
113031269,Wagga Wagga - South,NSW,Inner regional,2,2024,Riverina,Rest of NSW,0.6430,0.4980,0.6009,0.4631,0.7036,0.5637,0.6317,0.6750,0.6286,0.3486,0.4452,M50,MC,MA,Wagga Wagga
113031271,Wagga Wagga Surrounds,NSW,Inner regional,2,2024,Riverina,Rest of NSW,0.5511,0.5256,0.5738,0.7489,0.6214,0.6358,0.6247,0.1475,0.6691,0.3407,0.5404,M50,MC,MA,Coolamon; Greater Hume; Wagga Wagga; Lockhart; Junee
113031270,Wagga Wagga - West,NSW,Inner regional,2,2024,Riverina,Rest of NSW,0.6337,0.4506,0.5622,0.4077,0.6797,0.5440,0.6341,0.6750,0.6044,0.2879,0.4788,M50,MC,LA,Wagga Wagga
509031250,Wagin,WA,Outer regional,3,2024,Western Australia - Wheat Belt,Rest of WA,0.3245,0.4547,0.4231,0.8097,0.5313,0.1194,0.2638,0.1213,0.4697,0.5015,0.6892,L25,LC,LA,Williams; Cuballing; Wagin; Narrogin; West Arthur
121031412,Wahroonga (East) - Warrawee,NSW,Metropolitan,1,2024,Sydney - North Sydney and Hornsby,Greater Sydney,0.7055,0.7951,0.8472,0.6324,0.6491,0.4941,0.4614,0.7182,0.6780,0.8690,0.7059,H75,HC,HA,Ku-ring-gai
121021579,Wahroonga (West) - Waitara,NSW,Metropolitan,1,2024,Sydney - North Sydney and Hornsby,Greater Sydney,0.5824,0.5036,0.5736,0.3957,0.5867,0.4241,0.4613,0.7151,0.5781,0.4396,0.5906,M50,MC,MA,Hornsby; Ku-ring-gai
407031170,Waikerie,SA,Inner regional,2,2024,South Australia - South East,Rest of SA,0.4521,0.5371,0.5357,0.6117,0.5378,0.3579,0.4903,0.1044,0.6037,0.4689,0.7873,M50,LC,MA,Mid Murray; Loxton Waikerie
507051192,Waikiki,WA,Metropolitan,1,2024,Perth - South West,Greater Perth,0.6279,0.3533,0.4896,0.4927,0.7432,0.7590,0.2653,0.7253,0.3808,0.4205,0.5086,L25,MC,LA,Rockingham
405021119,Wakefield - Barunga West,SA,Inner regional,2,2024,Barossa - Yorke - Mid North,Rest of SA,0.4755,0.5871,0.5819,0.5831,0.5039,0.3760,0.4260,0.3405,0.6970,0.4229,0.8198,M50,MC,MA,Copper Coast; Port Pirie; Barunga West; Wakefield; Clare and Gilbert Valleys
301031019,Wakerley,QLD,Metropolitan,1,2024,Brisbane - East,Greater Brisbane,0.6990,0.7878,0.8383,0.6512,0.8173,0.8915,0.3670,0.6180,0.7061,0.8111,0.5023,H75,HC,HA,Brisbane
110011189,Walcha,NSW,Outer regional,3,2024,New England and North West,Rest of NSW,0.6393,0.6969,0.7410,0.8356,0.4016,0.6728,0.6327,0.5484,0.7663,0.5328,0.6179,H75,MC,HA,Tamworth; Walcha
105011096,Walgett - Lightning Ridge,NSW,Remote,4,2024,Far West and Orana,Rest of NSW,0.3183,0.4507,0.4178,0.5572,0.4481,0.3686,0.6331,0.0735,0.5428,0.3845,0.2627,L25,LC,LA,Walgett; Warren; Brewarrina; Coonamble
312021357,Walkerston - Eton,QLD,Inner regional,2,2024,Mackay,Rest of Qld,0.4971,0.5662,0.5770,0.7541,0.7696,0.4334,0.4327,0.2716,0.6158,0.5094,0.4434,M50,MC,MA,Mackay
319011502,Walkervale - Avenell Heights,QLD,Inner regional,2,2024,Wide Bay,Rest of Qld,0.5121,0.4607,0.5087,0.3134,0.6789,0.4841,0.4400,0.5580,0.5391,0.4109,0.5390,L25,MC,LA,Bundaberg
401061022,Walkerville,SA,Metropolitan,1,2024,Adelaide - Central and Hills,Greater Adelaide,0.6915,0.6267,0.7191,0.5251,0.7669,0.3190,0.5961,0.7322,0.6518,0.5758,0.6626,H75,HC,MA,Walkerville
209041224,Wallan,VIC,Metropolitan,1,2024,Melbourne - North East,Greater Melbourne,0.6643,0.6868,0.7471,0.5626,0.6210,0.6553,0.5284,0.7163,0.7777,0.4932,0.4817,H75,HC,HA,Mitchell
405041126,Wallaroo,SA,Outer regional,3,2024,Barossa - Yorke - Mid North,Rest of SA,0.4218,0.3547,0.3921,0.4499,0.4787,0.5196,0.4263,0.2099,0.4294,0.3539,0.6659,L25,LC,LA,Copper Coast
111031233,Wallsend - Elermore Vale,NSW,Metropolitan,1,2024,Newcastle and Lake Macquarie,Rest of NSW,0.6883,0.5845,0.6872,0.4185,0.6656,0.5670,0.6305,0.7098,0.6185,0.5423,0.6125,M50,HC,MA,Newcastle; Lake Macquarie
102011041,Wamberal - Forresters Beach,NSW,Metropolitan,1,2024,Central Coast,Greater Sydney,0.7211,0.6977,0.7864,0.7196,0.7560,0.6000,0.6069,0.6443,0.6420,0.7327,0.4936,H75,HC,HA,Central Coast (NSW)
307021183,Wambo,QLD,Inner regional,2,2024,Darling Downs - Maranoa,Rest of Qld,0.3413,0.5082,0.4680,0.5957,0.6214,0.2633,0.3613,0.2549,0.5144,0.5448,0.3667,L25,LC,MA,Toowoomba; Western Downs
313021369,Wamuran,QLD,Metropolitan,1,2024,Moreton Bay - North,Greater Brisbane,0.6471,0.5701,0.6546,0.6996,0.8166,0.4142,0.4290,0.6039,0.5670,0.5917,0.5691,M50,MC,MA,Moreton Bay
211051285,Wandin - Seville,VIC,Metropolitan,1,2024,Melbourne - Outer East,Greater Melbourne,0.7157,0.7545,0.8239,0.8150,0.7751,0.2313,0.5249,0.7498,0.7807,0.6251,0.7440,H75,HC,HA,Yarra Ranges
204021066,Wangaratta,VIC,Inner regional,2,2024,Hume,Rest of Vic.,0.5376,0.5314,0.5714,0.4751,0.6663,0.1424,0.5786,0.6538,0.5320,0.5658,0.7581,M50,MC,MA,Wangaratta
204021067,Wangaratta Surrounds,VIC,Inner regional,2,2024,Hume,Rest of Vic.,0.5001,0.6480,0.6368,0.8712,0.6653,0.2504,0.5684,0.1626,0.6343,0.6457,0.6957,M50,MC,HA,Wangaratta
111021220,Wangi Wangi - Rathmines,NSW,Metropolitan,1,2024,Newcastle and Lake Macquarie,Rest of NSW,0.7855,0.6131,0.7635,0.7039,0.7974,0.5784,0.5897,0.6548,0.5565,0.6933,0.6298,H75,HC,MA,Lake Macquarie
701021029,Wanguri,NT,Outer regional,3,2024,Darwin,Greater Darwin,0.4421,0.4360,0.4590,0.5631,0.6235,0.1126,0.5357,0.5772,0.5419,0.3553,0.5316,L25,LC,LA,Darwin
505031306,Wanneroo - Sinagra,WA,Metropolitan,1,2024,Perth - North West,Greater Perth,0.6446,0.4202,0.5462,0.5312,0.7762,0.5731,0.2188,0.7530,0.4748,0.4233,0.6074,M50,MC,LA,Wanneroo
801071090,Wanniassa,ACT,Metropolitan,1,2024,Australian Capital Territory,Australian Capital Territory,0.5272,0.6161,0.6269,0.6598,0.6617,0.2693,0.2444,0.5987,0.6244,0.5970,0.8130,M50,MC,MA,Unincorporated ACT
211011259,Wantirna,VIC,Metropolitan,1,2024,Melbourne - Outer East,Greater Melbourne,0.6511,0.6040,0.6809,0.5167,0.7997,0.2301,0.5514,0.7416,0.6821,0.4817,0.6342,M50,MC,MA,Knox
211011260,Wantirna South,VIC,Metropolitan,1,2024,Melbourne - Outer East,Greater Melbourne,0.8217,0.5570,0.7454,0.4861,0.8305,0.6439,0.5486,0.7416,0.6295,0.4692,0.6985,H75,HC,MA,Knox
801081097,Waramanga,ACT,Metropolitan,1,2024,Australian Capital Territory,Australian Capital Territory,0.4423,0.6366,0.6023,0.6263,0.5918,0.0825,0.2625,0.5987,0.5867,0.6950,0.8917,M50,LC,MA,Unincorporated ACT
604031096,Waratah,TAS,Outer regional,3,2024,West and North West,Rest of Tas.,0.4386,0.5935,0.5700,0.7607,0.7246,0.2332,0.4952,0.0040,0.6304,0.5422,0.5989,M50,LC,MA,Burnie; Waratah-Wynyard; Circular Head
111031234,Waratah - North Lambton,NSW,Metropolitan,1,2024,Newcastle and Lake Macquarie,Rest of NSW,0.6960,0.5925,0.6972,0.4526,0.6663,0.5285,0.6416,0.7098,0.6959,0.4358,0.6163,M50,HC,MA,Newcastle
107031143,Warilla,NSW,Metropolitan,1,2024,Illawarra,Rest of NSW,0.5446,0.5006,0.5527,0.4041,0.6262,0.4123,0.5885,0.6423,0.5806,0.4296,0.4241,M50,MC,MA,Shellharbour
507051193,Warnbro,WA,Metropolitan,1,2024,Perth - South West,Greater Perth,0.6129,0.3273,0.4632,0.4495,0.7354,0.7290,0.2644,0.7253,0.3704,0.3811,0.5155,L25,MC,LA,Rockingham
111011214,Warners Bay - Boolaroo,NSW,Metropolitan,1,2024,Newcastle and Lake Macquarie,Rest of NSW,0.7654,0.6123,0.7510,0.6107,0.7844,0.5354,0.6158,0.6548,0.5510,0.6997,0.6545,H75,HC,MA,Lake Macquarie
102021056,Warnervale - Wadalba,NSW,Metropolitan,1,2024,Central Coast,Greater Sydney,0.5023,0.5788,0.5884,0.5165,0.6453,0.2278,0.5956,0.6443,0.6321,0.5096,0.4257,M50,MC,MA,Central Coast (NSW)
501021016,Waroona,WA,Inner regional,2,2024,Bunbury,Rest of WA,0.2971,0.5482,0.4792,0.5499,0.6488,0.1284,0.2487,0.1356,0.5090,0.6333,0.6398,L25,LC,MA,Waroona
403021064,Warradale,SA,Metropolitan,1,2024,Adelaide - South,Greater Adelaide,0.6202,0.5025,0.5922,0.3751,0.6851,0.4020,0.5152,0.7033,0.6329,0.3513,0.6326,M50,MC,MA,Marion
124031465,Warragamba - Silverdale,NSW,Inner regional,2,2024,Sydney - Outer West and Blue Mountains,Greater Sydney,0.6887,0.6799,0.7556,0.7778,0.7223,0.4051,0.5955,0.7078,0.6984,0.6093,0.4747,H75,HC,HA,Wollondilly; Liverpool
205011079,Warragul,VIC,Inner regional,2,2024,Latrobe - Gippsland,Rest of Vic.,0.6109,0.6269,0.6762,0.5990,0.7336,0.1798,0.5806,0.6871,0.5879,0.6740,0.6959,M50,MC,MA,Baw Baw
211021262,Warrandyte - Wonga Park,VIC,Metropolitan,1,2024,Melbourne - Outer East,Greater Melbourne,0.7757,0.7534,0.8578,0.7828,0.9321,0.2810,0.5364,0.7069,0.6374,0.8491,0.7404,H75,HC,HA,Yarra Ranges; Manningham
217041479,Warrnambool - North,VIC,Inner regional,2,2024,Warrnambool and South West,Rest of Vic.,0.7627,0.5707,0.7197,0.6030,0.6904,0.6370,0.5959,0.6788,0.5535,0.6130,0.6727,H75,HC,MA,Moyne; Warrnambool
217041480,Warrnambool - South,VIC,Inner regional,2,2024,Warrnambool and South West,Rest of Vic.,0.7916,0.5534,0.7245,0.5486,0.7535,0.7132,0.5959,0.6676,0.5236,0.6224,0.7241,H75,HC,MA,Moyne; Warrnambool
307031189,Warwick,QLD,Inner regional,2,2024,Darling Downs - Maranoa,Rest of Qld,0.4584,0.4801,0.4977,0.4308,0.6970,0.3697,0.3831,0.5420,0.4883,0.5261,0.3750,L25,LC,MA,Southern Downs
127031601,Warwick Farm,NSW,Metropolitan,1,2024,Sydney - South West,Greater Sydney,0.3389,0.4825,0.4487,0.2212,0.4862,0.3384,0.4865,0.6363,0.6164,0.3357,0.2330,L25,LC,MA,Liverpool
311051328,Waterford West,QLD,Metropolitan,1,2024,Logan - Beaudesert,Greater Brisbane,0.4802,0.4000,0.4505,0.2521,0.6644,0.6365,0.4437,0.5997,0.5443,0.2758,0.3825,L25,MC,LA,Logan
117031647,Waterloo,NSW,Metropolitan,1,2024,Sydney - City and Inner South,Greater Sydney,0.4763,0.8038,0.7371,0.4107,0.4376,0.2642,0.6154,0.7389,0.8747,0.5645,0.4565,H75,MC,HA,Sydney
801051061,Watson,ACT,Metropolitan,1,2024,Australian Capital Territory,Australian Capital Territory,0.4474,0.8738,0.7740,0.5627,0.4917,0.2354,0.2645,0.5987,0.9563,0.5605,0.7275,H75,LC,HA,Unincorporated ACT
209011204,Watsonia,VIC,Metropolitan,1,2024,Melbourne - North East,Greater Melbourne,0.7114,0.5362,0.6656,0.5973,0.7979,0.2133,0.5777,0.7700,0.5773,0.5075,0.7812,M50,HC,MA,Banyule
209031215,Wattle Glen - Diamond Creek,VIC,Metropolitan,1,2024,Melbourne - North East,Greater Melbourne,0.8440,0.6718,0.8412,0.8105,0.8060,0.3618,0.5340,0.8445,0.6135,0.7245,0.7828,H75,HC,HA,Nillumbik
407021158,Wattle Range,SA,Outer regional,3,2024,South Australia - South East,Rest of SA,0.5161,0.5931,0.6052,0.8663,0.5524,0.4032,0.4995,0.1218,0.6632,0.4897,0.7773,M50,MC,MA,Grant; Wattle Range
108041166,Wauchope,NSW,Inner regional,2,2024,Mid North Coast,Rest of NSW,0.6443,0.6698,0.7243,0.5412,0.6938,0.5742,0.6157,0.5914,0.6780,0.6212,0.5190,H75,MC,HA,Port Macquarie-Hastings
302021034,Wavell Heights,QLD,Metropolitan,1,2024,Brisbane - North,Greater Brisbane,0.6234,0.7230,0.7513,0.6780,0.7344,0.3098,0.4557,0.6180,0.7285,0.6473,0.6969,H75,MC,HA,Brisbane
602011050,Waverley - St Leonards,TAS,Inner regional,2,2024,Launceston and North East,Rest of Tas.,0.5552,0.5751,0.6111,0.4791,0.6864,0.4857,0.8996,0.1602,0.7477,0.3130,0.6189,M50,MC,MA,Launceston
701031035,Weddell,NT,Outer regional,3,2024,Darwin,Greater Darwin,0.4380,0.4584,0.4732,0.7327,0.6829,0.4043,0.4409,0.1152,0.4553,0.5298,0.4348,L25,LC,LA,Litchfield
801011026,Weetangera,ACT,Metropolitan,1,2024,Australian Capital Territory,Australian Capital Territory,0.4179,1.0000,0.8512,0.7263,0.5610,0.0580,0.2691,0.5987,0.8908,0.9247,0.7585,H75,LC,HA,Unincorporated ACT
315011403,Weipa,QLD,Very remote,5,2024,Queensland - Outback,Rest of Qld,0.4995,0.3582,0.4296,0.6970,0.3780,0.7751,0.4605,0.5830,0.4644,0.3096,0.2945,L25,MC,LA,Cook; Weipa
507031169,Wellard (West) - Bertram,WA,Metropolitan,1,2024,Perth - South West,Greater Perth,0.5069,0.3273,0.4110,0.4486,0.5956,0.6605,0.2534,0.7387,0.3815,0.3655,0.3661,L25,MC,LA,Kwinana
105031106,Wellington,NSW,Outer regional,3,2024,Far West and Orana,Rest of NSW,0.5466,0.5211,0.5684,0.5640,0.6429,0.4024,0.6681,0.6285,0.5764,0.4782,0.3320,M50,MC,MA,Cabonne; Mid-Western; Dubbo
301011006,Wellington Point,QLD,Metropolitan,1,2024,Brisbane - East,Greater Brisbane,0.7079,0.5465,0.6710,0.6903,0.8145,0.6776,0.3665,0.5997,0.4860,0.6630,0.6473,M50,HC,MA,Redland
505021096,Wembley Downs - Churchlands - Woodlands,WA,Metropolitan,1,2024,Perth - North West,Greater Perth,0.5676,0.6100,0.6422,0.6341,0.7861,0.2613,0.2264,0.7444,0.4884,0.7853,0.6500,M50,MC,MA,Stirling; Cambridge
503021043,Wembley - West Leederville - Glendalough,WA,Metropolitan,1,2024,Perth - Inner,Greater Perth,0.4891,0.5776,0.5814,0.5247,0.7049,0.1124,0.3107,0.8096,0.6082,0.5443,0.5760,M50,MC,MA,Cambridge; Stirling
201011008,Wendouree - Miners Rest,VIC,Inner regional,2,2024,Ballarat,Rest of Vic.,0.6854,0.6216,0.7121,0.4146,0.7259,0.4193,0.6096,0.7024,0.6991,0.4901,0.6890,H75,HC,MA,Ballarat
109021179,Wentworth-Balranald Region,NSW,Outer regional,3,2024,Murray,Rest of NSW,0.4218,0.4718,0.4757,0.6413,0.5113,0.4017,0.5556,0.1018,0.5371,0.4367,0.5351,L25,LC,LA,Murray River; Balranald; Wentworth
109021178,Wentworth - Buronga,NSW,Outer regional,3,2024,Murray,Rest of NSW,0.5516,0.5139,0.5656,0.7120,0.7365,0.3822,0.5594,0.4716,0.5300,0.5332,0.4510,M50,MC,MA,Wentworth
124011455,Wentworth Falls,NSW,Metropolitan,1,2024,Sydney - Outer West and Blue Mountains,Greater Sydney,0.8447,0.4905,0.7122,0.6397,0.7543,0.6870,0.5874,0.7078,0.4128,0.6540,0.7651,H75,HC,MA,Blue Mountains
125011710,Wentworth Point - Sydney Olympic Park,NSW,Metropolitan,1,2024,Sydney - Parramatta,Greater Sydney,0.4220,0.4240,0.4417,0.4331,0.4956,0.2630,0.5402,0.7151,0.6407,0.1711,0.2727,L25,LC,LA,Parramatta
125041589,Wentworthville - Westmead,NSW,Metropolitan,1,2024,Sydney - Parramatta,Greater Sydney,0.4895,0.4726,0.5066,0.4021,0.5279,0.4004,0.5853,0.6485,0.6809,0.2086,0.3694,L25,MC,LA,Parramatta; Cumberland
213051467,Werribee - East,VIC,Metropolitan,1,2024,Melbourne - West,Greater Melbourne,0.6941,0.4635,0.6040,0.3069,0.7732,0.7251,0.4808,0.8025,0.6404,0.2567,0.5611,M50,HC,LA,Wyndham
213051368,Werribee - South,VIC,Metropolitan,1,2024,Melbourne - West,Greater Melbourne,0.7132,0.6343,0.7366,0.4381,0.7648,0.5449,0.4822,0.8025,0.7837,0.3750,0.5335,H75,HC,MA,Wyndham
213051468,Werribee - West,VIC,Metropolitan,1,2024,Melbourne - West,Greater Melbourne,0.5824,0.6902,0.7069,0.4513,0.6115,0.4015,0.4783,0.8025,0.8371,0.3982,0.4370,M50,MC,HA,Wyndham
702031061,West Arnhem,NT,Remote,4,2024,Northern Territory - Outback,Rest of NT,0.0000,0.1226,0.0770,0.3022,0.0321,0.0805,0.0861,0.0285,0.1293,0.2753,0.1865,L25,LC,LA,West Arnhem; East Arnhem
404031109,West Beach,SA,Metropolitan,1,2024,Adelaide - West,Greater Adelaide,0.7110,0.7302,0.8039,0.6461,0.8089,0.3579,0.5658,0.6843,0.7645,0.6030,0.6322,H75,HC,HA,Charles Sturt; West Torrens
602021057,Westbury,TAS,Inner regional,2,2024,Launceston and North East,Rest of Tas.,0.4650,0.5991,0.5857,0.7654,0.6550,0.1581,0.4858,0.3842,0.6544,0.5159,0.6666,M50,LC,MA,Northern Midlands; Meander Valley; West Tamar
406011134,West Coast (SA),SA,Very remote,5,2024,South Australia - Outback,Rest of SA,0.4374,0.5706,0.5531,0.8182,0.4885,0.3990,0.5378,0.1027,0.6581,0.4517,0.5274,M50,LC,MA,Ceduna; Unincorporated SA; Streaky Bay
604031097,West Coast (Tas.),TAS,Outer regional,3,2024,West and North West,Rest of Tas.,0.3297,0.4950,0.4539,0.4804,0.5192,0.1826,0.5008,0.0020,0.6136,0.3662,0.6594,L25,LC,MA,West Coast
306021154,Westcourt - Bungalow,QLD,Outer regional,3,2024,Cairns,Rest of Qld,0.4197,0.5223,0.5108,0.2545,0.6554,0.5382,0.4730,0.5949,0.6336,0.3912,0.2532,L25,LC,MA,Cairns
305011112,West End,QLD,Metropolitan,1,2024,Brisbane Inner City,Greater Brisbane,0.4796,0.6648,0.6393,0.4702,0.5606,0.1988,0.4694,0.6180,0.7933,0.4216,0.6694,M50,MC,HA,Brisbane
406011135,Western,SA,Very remote,5,2024,South Australia - Outback,Rest of SA,0.0468,0.1216,0.0897,0.7055,0.0000,0.0327,0.1316,0.0537,0.1550,0.2398,0.1323,L25,LC,LA,Maralinga Tjarutja; Unincorporated SA
213031351,West Footscray - Tottenham,VIC,Metropolitan,1,2024,Melbourne - West,Greater Melbourne,0.5708,0.5761,0.6196,0.4695,0.7690,0.1052,0.5111,0.8025,0.7637,0.2875,0.6030,M50,MC,MA,Maribyrnong
308051539,West Gladstone,QLD,Inner regional,2,2024,Fitzroy,Rest of Qld,0.5004,0.3286,0.4089,0.3707,0.7417,0.2927,0.4460,0.5949,0.3645,0.3923,0.4990,L25,MC,LA,Gladstone
601051033,West Hobart,TAS,Inner regional,2,2024,Hobart,Greater Hobart,0.5899,0.7372,0.7442,0.5801,0.6425,0.2122,0.9858,0.4194,0.7822,0.5877,0.8364,H75,MC,HA,Hobart
127011597,West Hoxton - Middleton Grange,NSW,Metropolitan,1,2024,Sydney - South West,Greater Sydney,0.4976,0.4135,0.4682,0.4973,0.6904,0.6834,0.4206,0.6363,0.5218,0.3392,0.1734,L25,MC,LA,Liverpool
304011085,Westlake,QLD,Metropolitan,1,2024,Brisbane - West,Greater Brisbane,0.7052,0.7887,0.8424,0.6920,0.8685,0.8349,0.2377,0.6180,0.7399,0.7594,0.6431,H75,HC,HA,Brisbane
404011096,West Lakes,SA,Metropolitan,1,2024,Adelaide - West,Greater Adelaide,0.6874,0.6101,0.7050,0.5311,0.7734,0.4017,0.5587,0.6710,0.6808,0.4962,0.6213,M50,HC,MA,Charles Sturt
602011051,West Launceston,TAS,Inner regional,2,2024,Launceston and North East,Rest of Tas.,0.6449,0.6022,0.6763,0.6117,0.6070,0.4957,0.9098,0.4031,0.6606,0.5122,0.7456,M50,MC,MA,Launceston
312021358,West Mackay,QLD,Inner regional,2,2024,Mackay,Rest of Qld,0.5787,0.5075,0.5745,0.5477,0.7325,0.3597,0.4322,0.5966,0.5157,0.5414,0.5727,M50,MC,MA,Mackay
206041510,West Melbourne - Residential,VIC,Metropolitan,1,2024,Melbourne - Inner,Greater Melbourne,0.5302,0.8047,0.7630,0.4390,0.5044,0.1380,0.6153,1.0000,0.9445,0.4412,0.4531,H75,MC,HA,Melbourne
601031021,West Moonah,TAS,Inner regional,2,2024,Hobart,Greater Hobart,0.4308,0.4303,0.4500,0.3906,0.5157,0.2148,0.7432,0.4004,0.5124,0.3884,0.6708,L25,LC,LA,Glenorchy
801081098,Weston,ACT,Metropolitan,1,2024,Australian Capital Territory,Australian Capital Territory,0.4823,0.6690,0.6435,0.5627,0.5839,0.2280,0.2625,0.5987,0.5779,0.7722,0.8186,M50,MC,HA,Unincorporated ACT
115011296,West Pennant Hills,NSW,Metropolitan,1,2024,Sydney - Baulkham Hills and Hawkesbury,Greater Sydney,0.6930,0.6977,0.7706,0.7152,0.7989,0.6412,0.2067,0.7209,0.6711,0.6876,0.6780,H75,HC,HA,The Hills
126021503,West Ryde - Meadowbank,NSW,Metropolitan,1,2024,Sydney - Ryde,Greater Sydney,0.6481,0.5668,0.6528,0.4594,0.6769,0.4379,0.4540,0.7176,0.7267,0.3312,0.6020,M50,MC,MA,Ryde
604011083,West Ulverstone,TAS,Outer regional,3,2024,West and North West,Rest of Tas.,0.5901,0.4158,0.5148,0.4286,0.7433,0.5312,0.6175,0.3911,0.5061,0.3676,0.6868,L25,MC,LA,Central Coast (Tas.)
111021221,West Wallsend - Barnsley - Killingworth,NSW,Metropolitan,1,2024,Newcastle and Lake Macquarie,Rest of NSW,0.7262,0.5756,0.7021,0.6240,0.7012,0.6362,0.5911,0.6548,0.5900,0.5680,0.5837,M50,HC,MA,Lake Macquarie
215011393,West Wimmera,VIC,Outer regional,3,2024,North West,Rest of Vic.,0.4218,0.6096,0.5741,0.7454,0.5230,0.1060,0.5672,0.1353,0.6735,0.5069,0.8574,M50,LC,MA,West Wimmera
204031073,West Wodonga,VIC,Inner regional,2,2024,Hume,Rest of Vic.,0.7580,0.5731,0.7186,0.5117,0.7235,0.6920,0.5842,0.7024,0.6375,0.4896,0.6249,H75,HC,MA,Wodonga
103021069,West Wyalong,NSW,Outer regional,3,2024,Central West,Rest of NSW,0.4538,0.5575,0.5510,0.7575,0.4947,0.4143,0.6023,0.1244,0.6329,0.4650,0.5453,M50,LC,MA,Bland
212051327,Wheelers Hill,VIC,Metropolitan,1,2024,Melbourne - South East,Greater Melbourne,0.6415,0.6606,0.7163,0.4929,0.8609,0.1705,0.5501,0.7443,0.7634,0.4638,0.6751,H75,MC,HA,Monash
202011025,White Hills - Ascot,VIC,Inner regional,2,2024,Bendigo,Rest of Vic.,0.7077,0.6514,0.7458,0.5565,0.6395,0.6181,0.6130,0.6788,0.6866,0.5707,0.6063,H75,HC,HA,Greater Bendigo
306021155,White Rock,QLD,Outer regional,3,2024,Cairns,Rest of Qld,0.3970,0.5225,0.5012,0.3242,0.5538,0.4834,0.4675,0.5949,0.6526,0.3611,0.2153,L25,LC,MA,Cairns
306021156,Whitfield - Edge Hill,QLD,Outer regional,3,2024,Cairns,Rest of Qld,0.5517,0.6219,0.6429,0.5366,0.6781,0.6847,0.4704,0.5949,0.6350,0.5922,0.3196,M50,MC,MA,Cairns
209041225,Whittlesea,VIC,Metropolitan,1,2024,Melbourne - North East,Greater Melbourne,0.7185,0.7051,0.7902,0.6063,0.6654,0.6417,0.5265,0.7337,0.7818,0.5237,0.5388,H75,HC,HA,Whittlesea
406011136,Whyalla,SA,Outer regional,3,2024,South Australia - Outback,Rest of SA,0.4447,0.3911,0.4281,0.4640,0.6317,0.2253,0.5563,0.5858,0.4641,0.3787,0.3753,L25,LC,LA,Whyalla; Unincorporated SA
111031235,Wickham - Carrington - Tighes Hill,NSW,Metropolitan,1,2024,Newcastle and Lake Macquarie,Rest of NSW,0.7640,0.6762,0.7958,0.5802,0.6988,0.6361,0.6278,0.7098,0.7099,0.5833,0.6125,H75,HC,HA,Newcastle
119021574,Wiley Park,NSW,Metropolitan,1,2024,Sydney - Inner South West,Greater Sydney,0.3469,0.4191,0.4066,0.2434,0.4820,0.5035,0.3739,0.6172,0.5525,0.3034,0.2211,L25,LC,LA,Canterbury-Bankstown
507041183,Willagee,WA,Metropolitan,1,2024,Perth - South West,Greater Perth,0.4413,0.3334,0.3854,0.4417,0.6762,0.1187,0.2753,0.7560,0.4037,0.3465,0.5917,L25,LC,LA,Melville
506031131,Willetton,WA,Metropolitan,1,2024,Perth - South East,Greater Perth,0.5993,0.4843,0.5684,0.5177,0.8041,0.5346,0.2928,0.7360,0.5306,0.4722,0.4173,M50,MC,MA,Canning
213021346,Williamstown,VIC,Metropolitan,1,2024,Melbourne - West,Greater Melbourne,0.7538,0.7062,0.8113,0.6775,0.8668,0.3259,0.4862,0.7211,0.6895,0.6759,0.7828,H75,HC,HA,Hobsons Bay
106031125,Williamtown - Medowie - Karuah,NSW,Metropolitan,1,2024,Hunter Valley exc Newcastle,Rest of NSW,0.7031,0.5793,0.6917,0.6715,0.7913,0.6025,0.5510,0.6031,0.5679,0.6088,0.5219,M50,HC,MA,Mid-Coast; Port Stephens
121011687,Willoughby,NSW,Metropolitan,1,2024,Sydney - North Sydney and Hornsby,Greater Sydney,0.7125,0.6645,0.7578,0.5503,0.6523,0.5987,0.4711,0.7176,0.6963,0.5817,0.6809,H75,HC,HA,Willoughby
309071558,Willow Vale - Pimpama (West),QLD,Metropolitan,1,2024,Gold Coast,Rest of Qld,0.5126,0.7390,0.7077,0.4595,0.5527,0.6724,0.3943,0.6066,0.7852,0.5865,0.3856,M50,MC,HA,Gold Coast
403041088,Willunga,SA,Metropolitan,1,2024,Adelaide - South,Greater Adelaide,0.8461,0.6710,0.8420,0.8718,0.8840,0.6039,0.5065,0.6754,0.7014,0.5865,0.6607,H75,HC,HA,Onkaparinga
317011459,Wilsonton,QLD,Inner regional,2,2024,Toowoomba,Rest of Qld,0.4363,0.5736,0.5547,0.2439,0.6863,0.4500,0.4582,0.5966,0.6043,0.5421,0.3296,M50,LC,MA,Toowoomba
305031129,Wilston,QLD,Metropolitan,1,2024,Brisbane Inner City,Greater Brisbane,0.6614,0.8524,0.8639,0.6634,0.6888,0.3995,0.4668,0.6180,0.7954,0.7951,0.7738,H75,HC,HA,Brisbane
203011036,Winchelsea,VIC,Metropolitan,1,2024,Geelong,Rest of Vic.,0.7498,0.6962,0.8018,0.8482,0.7686,0.2751,0.4714,0.7857,0.6085,0.7804,0.8027,H75,HC,HA,Surf Coast
107011547,Windang - Primbee,NSW,Metropolitan,1,2024,Illawarra,Rest of NSW,0.7170,0.5706,0.6933,0.4955,0.7511,0.7044,0.5774,0.6798,0.5932,0.5530,0.5222,M50,HC,MA,Wollongong
305031130,Windsor,QLD,Metropolitan,1,2024,Brisbane Inner City,Greater Brisbane,0.5871,0.6684,0.6937,0.5822,0.6302,0.3107,0.4681,0.6180,0.7613,0.4832,0.7409,M50,MC,HA,Brisbane
124041467,Windsor - Bligh Park,NSW,Metropolitan,1,2024,Sydney - Outer West and Blue Mountains,Greater Sydney,0.7780,0.5353,0.7034,0.5669,0.7641,0.6166,0.6021,0.6998,0.6627,0.3714,0.6167,M50,HC,MA,Hawkesbury
402031038,Windsor Gardens,SA,Metropolitan,1,2024,Adelaide - North,Greater Adelaide,0.5924,0.5113,0.5841,0.4320,0.6851,0.3954,0.5369,0.6668,0.6564,0.3314,0.4830,M50,MC,MA,Port Adelaide Enfield
108051171,Wingham,NSW,Inner regional,2,2024,Mid North Coast,Rest of NSW,0.6146,0.4721,0.5676,0.4658,0.6504,0.6517,0.6106,0.5484,0.5341,0.4419,0.5582,M50,MC,LA,Mid-Coast
125041494,Winston Hills,NSW,Metropolitan,1,2024,Sydney - Parramatta,Greater Sydney,0.6404,0.6145,0.6827,0.6426,0.8386,0.1933,0.5676,0.7151,0.5677,0.6794,0.5778,M50,MC,MA,Parramatta; The Hills
507041184,Winthrop,WA,Metropolitan,1,2024,Perth - South West,Greater Perth,0.7465,0.5174,0.6722,0.6760,0.8741,0.8099,0.2742,0.7560,0.5034,0.5795,0.5356,M50,HC,MA,Melville
303031066,Wishart,QLD,Metropolitan,1,2024,Brisbane - South,Greater Brisbane,0.6294,0.6247,0.6842,0.4472,0.7644,0.4516,0.4355,0.6180,0.6824,0.5233,0.6630,M50,MC,MA,Brisbane
501021254,Withers - Usher,WA,Inner regional,2,2024,Bunbury,Rest of WA,0.5098,0.4141,0.4743,0.3022,0.6653,0.7228,0.2533,0.6355,0.5202,0.3427,0.5378,L25,MC,LA,Bunbury
204031492,Wodonga,VIC,Inner regional,2,2024,Hume,Rest of Vic.,0.6050,0.6049,0.6575,0.4083,0.7031,0.2927,0.5901,0.7024,0.5908,0.6258,0.6487,M50,MC,MA,Wodonga
311021310,Wolffdene - Bahrs Scrub,QLD,Metropolitan,1,2024,Logan - Beaudesert,Greater Brisbane,0.5201,0.5650,0.5869,0.5672,0.6224,0.6258,0.4244,0.5997,0.6134,0.5106,0.3112,M50,MC,MA,Logan
209041437,Wollert,VIC,Metropolitan,1,2024,Melbourne - North East,Greater Melbourne,0.4492,0.4947,0.5041,0.4018,0.4989,0.4600,0.5301,0.7337,0.7676,0.1041,0.2028,L25,LC,MA,Whittlesea
119041671,Wolli Creek,NSW,Metropolitan,1,2024,Sydney - Inner South West,Greater Sydney,0.3795,0.3827,0.3940,0.4432,0.4139,0.2825,0.3937,0.6846,0.5131,0.2876,0.2874,L25,LC,LA,Bayside (NSW)
107041548,Wollongong - East,NSW,Metropolitan,1,2024,Illawarra,Rest of NSW,0.5660,0.5638,0.6084,0.4244,0.6408,0.3265,0.6189,0.6798,0.6132,0.5085,0.4913,M50,MC,MA,Wollongong
107041549,Wollongong - West,NSW,Metropolitan,1,2024,Illawarra,Rest of NSW,0.6405,0.5914,0.6663,0.4265,0.6433,0.5236,0.6189,0.6798,0.5429,0.6701,0.5468,M50,MC,MA,Wollongong
205031093,Wonthaggi - Inverloch,VIC,Inner regional,2,2024,Latrobe - Gippsland,Rest of Vic.,0.6901,0.5836,0.6876,0.6002,0.7097,0.4280,0.5754,0.6448,0.6222,0.5347,0.6805,M50,HC,MA,South Gippsland; Bass Coast
403041089,Woodcroft,SA,Metropolitan,1,2024,Adelaide - South,Greater Adelaide,0.8041,0.5865,0.7556,0.6342,0.7757,0.7383,0.5102,0.6754,0.6112,0.5576,0.7077,H75,HC,MA,Onkaparinga
202021031,Woodend,VIC,Inner regional,2,2024,Bendigo,Rest of Vic.,0.8933,0.7116,0.9011,0.7277,0.8153,0.5374,0.5943,0.7498,0.6154,0.8003,0.8149,H75,HC,HA,Macedon Ranges
313031371,Woodford - D'Aguilar,QLD,Metropolitan,1,2024,Moreton Bay - North,Greater Brisbane,0.6133,0.4867,0.5773,0.7079,0.7558,0.3981,0.4151,0.6039,0.5451,0.4552,0.5337,M50,MC,MA,Moreton Bay
311061336,Woodridge,QLD,Metropolitan,1,2024,Logan - Beaudesert,Greater Brisbane,0.3301,0.3491,0.3499,0.0796,0.5354,0.4767,0.4385,0.5997,0.5761,0.1144,0.3406,L25,LC,LA,Logan
701041044,Woodroffe,NT,Outer regional,3,2024,Darwin,Greater Darwin,0.3847,0.3675,0.3854,0.4805,0.5471,0.1690,0.4380,0.5792,0.4184,0.3964,0.3864,L25,LC,LA,Palmerston
505011083,Woodvale,WA,Metropolitan,1,2024,Perth - North West,Greater Perth,0.7585,0.5689,0.7159,0.7327,0.8575,0.6554,0.2325,0.7590,0.4663,0.7353,0.6823,H75,HC,MA,Joondalup; Wanneroo
404011097,Woodville - Cheltenham,SA,Metropolitan,1,2024,Adelaide - West,Greater Adelaide,0.6130,0.5658,0.6337,0.3986,0.7493,0.3698,0.5587,0.6710,0.7741,0.2475,0.5564,M50,MC,MA,Charles Sturt
104021091,Woolgoolga - Arrawarra,NSW,Inner regional,2,2024,Coffs Harbour - Grafton,Rest of NSW,0.5379,0.5569,0.5897,0.4802,0.6272,0.5210,0.6122,0.5084,0.6649,0.4128,0.4523,M50,MC,MA,Coffs Harbour; Clarence Valley
118011347,Woollahra,NSW,Metropolitan,1,2024,Sydney - Eastern Suburbs,Greater Sydney,0.6265,0.8073,0.8131,0.5151,0.5901,0.5612,0.3352,0.7266,0.7206,0.8266,0.6917,H75,MC,HA,Woollahra
303021058,Woolloongabba,QLD,Metropolitan,1,2024,Brisbane - South,Greater Brisbane,0.4625,0.5205,0.5284,0.4348,0.4989,0.2138,0.4504,0.6180,0.6761,0.3185,0.6988,M50,LC,MA,Brisbane
701011009,Woolner - Bayview - Winnellie,NT,Outer regional,3,2024,Darwin,Greater Darwin,0.4191,0.5251,0.5126,0.6310,0.7112,0.0729,0.5219,0.5772,0.5019,0.5971,0.4012,L25,LC,MA,Darwin
128011606,Woolooware - Burraneer,NSW,Metropolitan,1,2024,Sydney - Sutherland,Greater Sydney,0.7204,0.7640,0.8333,0.7644,0.7794,0.4760,0.3888,0.7151,0.6589,0.8373,0.6071,H75,HC,HA,Sutherland
305031131,Wooloowin - Lutwyche,QLD,Metropolitan,1,2024,Brisbane Inner City,Greater Brisbane,0.5752,0.6435,0.6699,0.5492,0.5466,0.3834,0.4657,0.6180,0.7288,0.4863,0.7293,M50,MC,MA,Brisbane
107041150,Woonona - Bulli - Russell Vale,NSW,Metropolitan,1,2024,Illawarra,Rest of NSW,0.7612,0.6658,0.7867,0.6640,0.7360,0.5936,0.6153,0.6798,0.6068,0.7228,0.5917,H75,HC,HA,Wollongong
306021157,Woree,QLD,Outer regional,3,2024,Cairns,Rest of Qld,0.4721,0.4476,0.4808,0.3164,0.6461,0.7905,0.4688,0.5949,0.6450,0.2152,0.2345,L25,LC,LA,Cairns
309061250,Worongary - Tallai,QLD,Metropolitan,1,2024,Gold Coast,Rest of Qld,0.6809,0.6452,0.7265,0.6654,0.8155,0.5615,0.3960,0.6066,0.6404,0.6307,0.6009,H75,HC,MA,Gold Coast
128021609,Woronora Heights,NSW,Metropolitan,1,2024,Sydney - Sutherland,Greater Sydney,0.7094,0.7642,0.8272,0.8981,0.9594,0.2675,0.3591,0.7151,0.5581,0.9866,0.6094,H75,HC,HA,Sutherland
102011042,Woy Woy - Blackwall,NSW,Metropolitan,1,2024,Central Coast,Greater Sydney,0.6526,0.4798,0.5931,0.4171,0.6762,0.6068,0.6146,0.6443,0.5938,0.3660,0.5654,M50,MC,MA,Central Coast (NSW)
801101139,Wright,ACT,Metropolitan,1,2024,Australian Capital Territory,Australian Capital Territory,0.3282,0.6071,0.5334,0.5572,0.4360,0.0754,0.2038,0.5987,0.5526,0.6871,0.6747,M50,LC,MA,Unincorporated ACT
701021030,Wulagi,NT,Outer regional,3,2024,Darwin,Greater Darwin,0.3998,0.5214,0.5016,0.5355,0.6023,0.1096,0.5337,0.5772,0.5581,0.5067,0.4052,L25,LC,MA,Darwin
318021491,Wulguru - Roseneath,QLD,Outer regional,3,2024,Townsville,Rest of Qld,0.5851,0.5517,0.6093,0.5528,0.8301,0.5114,0.4693,0.5966,0.5933,0.5147,0.3534,M50,MC,MA,Townsville
316021424,Wurtulla - Birtinya,QLD,Metropolitan,1,2024,Sunshine Coast,Rest of Qld,0.5812,0.5898,0.6345,0.5202,0.5893,0.5199,0.4402,0.5994,0.5614,0.6395,0.5919,M50,MC,MA,Sunshine Coast
213051589,Wyndham Vale - North,VIC,Metropolitan,1,2024,Melbourne - West,Greater Melbourne,0.5322,0.6473,0.6515,0.3465,0.5294,0.6622,0.4748,0.8025,0.8432,0.2976,0.3234,M50,MC,HA,Wyndham
213051590,Wyndham Vale - South,VIC,Metropolitan,1,2024,Melbourne - West,Greater Melbourne,0.6920,0.5039,0.6317,0.3904,0.6789,0.7713,0.4772,0.8025,0.6290,0.3602,0.5201,M50,HC,MA,Wyndham
301031020,Wynnum,QLD,Metropolitan,1,2024,Brisbane - East,Greater Brisbane,0.6064,0.6195,0.6686,0.6216,0.7741,0.3104,0.3665,0.6180,0.7033,0.4790,0.7328,M50,MC,MA,Brisbane
301031021,Wynnum West - Hemmant,QLD,Metropolitan,1,2024,Brisbane - East,Greater Brisbane,0.6320,0.5909,0.6614,0.5336,0.8193,0.4275,0.3667,0.6180,0.6737,0.4684,0.6634,M50,MC,MA,Brisbane
604011084,Wynyard,TAS,Outer regional,3,2024,West and North West,Rest of Tas.,0.4959,0.4237,0.4747,0.5144,0.7062,0.3271,0.6334,0.1902,0.5019,0.3903,0.6979,L25,MC,LA,Waratah-Wynyard
102011043,Wyoming,NSW,Metropolitan,1,2024,Central Coast,Greater Sydney,0.6956,0.4539,0.5980,0.4747,0.7389,0.6218,0.6098,0.6443,0.5154,0.4327,0.5619,M50,HC,LA,Central Coast (NSW)
102021057,Wyong,NSW,Metropolitan,1,2024,Central Coast,Greater Sydney,0.6394,0.4614,0.5729,0.3939,0.7155,0.6412,0.5913,0.6443,0.6244,0.2784,0.4967,M50,MC,LA,Central Coast (NSW)
204031075,Yackandandah,VIC,Inner regional,2,2024,Hume,Rest of Vic.,0.6660,0.6926,0.7522,0.8943,0.6553,0.3354,0.5739,0.5065,0.6739,0.6734,0.8790,H75,HC,HA,Indigo; Towong; Alpine
119011361,Yagoona - Birrong,NSW,Metropolitan,1,2024,Sydney - Inner South West,Greater Sydney,0.4515,0.4420,0.4675,0.3459,0.6323,0.6152,0.3785,0.6172,0.6388,0.2133,0.2599,L25,LC,LA,Canterbury-Bankstown
205041098,Yallourn North - Glengarry,VIC,Inner regional,2,2024,Latrobe - Gippsland,Rest of Vic.,0.5041,0.7364,0.7018,0.7702,0.6805,0.4276,0.5724,0.1254,0.7363,0.6613,0.5151,M50,MC,HA,Baw Baw; Latrobe (Vic.)
505031258,Yanchep,WA,Metropolitan,1,2024,Perth - North West,Greater Perth,0.5242,0.4490,0.5061,0.4691,0.5258,0.6571,0.2170,0.7530,0.5072,0.4348,0.5162,L25,MC,LA,Wanneroo
507011163,Yangebup,WA,Metropolitan,1,2024,Perth - South West,Greater Perth,0.6614,0.5161,0.6237,0.5607,0.8208,0.6559,0.2583,0.7590,0.5816,0.4600,0.5089,M50,HC,MA,Cockburn
407011149,Yankalilla,SA,Metropolitan,1,2024,South Australia - South East,Rest of SA,0.5412,0.5762,0.6051,0.6800,0.6330,0.5230,0.4882,0.1227,0.6251,0.5152,0.7685,M50,MC,MA,Kangaroo Island; Victor Harbor; Yankalilla
306031163,Yarrabah,QLD,Outer regional,3,2024,Cairns,Rest of Qld,0.1585,0.3195,0.2662,0.2830,0.0695,0.7150,0.4415,0.0263,0.3460,0.3991,0.0233,L25,LC,LA,Yarrabah
311041571,Yarrabilba,QLD,Metropolitan,1,2024,Logan - Beaudesert,Greater Brisbane,0.2241,0.5439,0.4490,0.2745,0.4349,0.1122,0.3863,0.5997,0.6018,0.4855,0.1679,L25,LC,MA,Logan
801061070,Yarralumla,ACT,Metropolitan,1,2024,Australian Capital Territory,Australian Capital Territory,0.4859,0.9093,0.8168,0.7125,0.6540,0.1560,0.2742,0.5987,0.8222,0.8626,0.7658,H75,MC,HA,Unincorporated ACT
205051104,Yarram,VIC,Inner regional,2,2024,Latrobe - Gippsland,Rest of Vic.,0.4182,0.6026,0.5675,0.6312,0.4642,0.1498,0.5784,0.3831,0.6271,0.5656,0.6689,M50,LC,MA,Wellington
124041468,Yarramundi - Londonderry,NSW,Metropolitan,1,2024,Sydney - Outer West and Blue Mountains,Greater Sydney,0.6742,0.6114,0.6987,0.7172,0.7235,0.4977,0.5944,0.6774,0.7361,0.4083,0.4352,M50,HC,MA,Penrith; Hawkesbury
211051286,Yarra Valley,VIC,Metropolitan,1,2024,Melbourne - Outer East,Greater Melbourne,0.7446,0.6707,0.7805,0.6930,0.7224,0.3783,0.5301,0.7498,0.7941,0.4324,0.7460,H75,HC,HA,Yarra Ranges
213031352,Yarraville,VIC,Metropolitan,1,2024,Melbourne - West,Greater Melbourne,0.6471,0.6249,0.6938,0.5843,0.8172,0.1286,0.5095,0.8025,0.6744,0.5365,0.6620,M50,MC,MA,Maribyrnong
216021414,Yarrawonga,VIC,Inner regional,2,2024,Shepparton,Rest of Vic.,0.7185,0.5265,0.6626,0.5282,0.7122,0.6669,0.5380,0.6137,0.5243,0.5673,0.7335,M50,HC,MA,Moira
215011394,Yarriambiack,VIC,Outer regional,3,2024,North West,Rest of Vic.,0.3863,0.5625,0.5253,0.6018,0.5090,0.1253,0.5704,0.1074,0.5973,0.5304,0.8126,M50,LC,MA,Yarriambiack; Northern Grampians
101061541,Yass,NSW,Inner regional,2,2024,Capital Region,Rest of NSW,0.7782,0.6838,0.8096,0.6376,0.7530,0.6046,0.5880,0.7098,0.6734,0.6563,0.5859,H75,HC,HA,Yass Valley
101061542,Yass Surrounds,NSW,Inner regional,2,2024,Capital Region,Rest of NSW,0.5610,0.7613,0.7470,0.8752,0.6477,0.6220,0.5750,0.1871,0.7210,0.7354,0.5080,H75,MC,HA,Upper Lachlan; Hilltops; Snowy Valleys; Yass Valley
204011062,Yea,VIC,Inner regional,2,2024,Hume,Rest of Vic.,0.5941,0.5986,0.6474,0.7590,0.5964,0.1836,0.5633,0.6556,0.6298,0.5534,0.7786,M50,MC,MA,Murrindindi; Mitchell
308031223,Yeppoon,QLD,Inner regional,2,2024,Fitzroy,Rest of Qld,0.5913,0.5857,0.6367,0.6361,0.7003,0.4590,0.4531,0.5941,0.5728,0.6143,0.4764,M50,MC,MA,Livingstone
303021059,Yeronga,QLD,Metropolitan,1,2024,Brisbane - South,Greater Brisbane,0.6424,0.6693,0.7229,0.5805,0.7296,0.3724,0.4445,0.6180,0.7188,0.5549,0.7753,H75,MC,HA,Brisbane
505021097,Yokine - Coolbinia - Menora,WA,Metropolitan,1,2024,Perth - North West,Greater Perth,0.4645,0.4790,0.4998,0.4833,0.7220,0.1257,0.2271,0.7444,0.5050,0.4994,0.6865,L25,LC,MA,Stirling
509021245,York - Beverley,WA,Inner regional,2,2024,Western Australia - Wheat Belt,Rest of WA,0.3867,0.5283,0.5010,0.6738,0.5178,0.4512,0.2556,0.1122,0.5444,0.5410,0.6408,L25,LC,MA,York; Beverley
405041127,Yorke Peninsula - North,SA,Outer regional,3,2024,Barossa - Yorke - Mid North,Rest of SA,0.4619,0.4324,0.4653,0.6940,0.4731,0.4285,0.4210,0.1356,0.4890,0.4276,0.8024,L25,LC,LA,Unincorporated SA; Yorke Peninsula
405041128,Yorke Peninsula - South,SA,Remote,4,2024,Barossa - Yorke - Mid North,Rest of SA,0.4810,0.4563,0.4911,0.7008,0.4722,0.4572,0.4236,0.0839,0.5266,0.4208,0.8840,L25,MC,LA,Yorke Peninsula; Unincorporated SA
306011143,Yorkeys Knob - Machans Beach,QLD,Outer regional,3,2024,Cairns,Rest of Qld,0.5213,0.5620,0.5854,0.4624,0.6506,0.7377,0.4516,0.5949,0.6838,0.3924,0.2904,M50,MC,MA,Cairns
101061543,Young,NSW,Inner regional,2,2024,Capital Region,Rest of NSW,0.5449,0.6200,0.6381,0.4651,0.7227,0.6013,0.5880,0.3877,0.6681,0.5364,0.4838,M50,MC,MA,Hilltops
101061544,Young Surrounds,NSW,Inner regional,2,2024,Capital Region,Rest of NSW,0.5027,0.6564,0.6440,0.7290,0.5252,0.6620,0.5815,0.1559,0.7109,0.5416,0.5009,M50,MC,HA,Hilltops
602011052,Youngtown - Relbia,TAS,Inner regional,2,2024,Launceston and North East,Rest of Tas.,0.6382,0.6483,0.7057,0.5692,0.8079,0.3472,0.8862,0.4031,0.6535,0.6166,0.6807,M50,MC,HA,Launceston
702011054,Yuendumu - Anmatjere,NT,Very remote,5,2024,Northern Territory - Outback,Rest of NT,0.0334,0.1717,0.1216,0.2620,0.0809,0.1568,0.2456,0.0189,0.2051,0.2805,0.0875,L25,LC,LA,Central Desert
117031648,Zetland,NSW,Metropolitan,1,2024,Sydney - City and Inner South,Greater Sydney,0.4458,0.7992,0.7200,0.4408,0.4059,0.2411,0.6182,0.7389,0.8797,0.5463,0.3836,H75,LC,HA,Sydney
302041046,Zillmere,QLD,Metropolitan,1,2024,Brisbane - North,Greater Brisbane,0.4507,0.4715,0.4882,0.3520,0.6212,0.1958,0.4408,0.6180,0.6624,0.2373,0.6075,L25,LC,LA,Brisbane
