{"type":"FeatureCollection","features":[{"type":"Feature","geometry":{"type":"Polygon","coordinates":[[[147.694,-22.915],[147.641,-22.926],[147.602,-22.895],[147.553,-23.009],[147.504,-22.986],[147.52,-23.028],[147.484,-23.047],[147.479,-23.091],[147.354,-23.19],[147.261,-23.21],[147.295,-23.322],[147.25,-23.455],[147.284,-23.525],[147.219,-23.551],[147.198,-23.609],[147.195,-23.746],[147.238,-23.811],[147.241,-23.903],[147.163,-23.973],[147.183,-24.086],[146.956,-24.164],[146.935,-24.291],[146.802,-24.407],[146.73,-24.419],[146.689,-24.374],[146.573,-24.415],[146.621,-24.458],[146.667,-24.591],[146.758,-24.663],[146.861,-24.587],[146.887,-24.597],[146.942,-24.704],[146.882,-24.762],[146.903,-24.805],[147.092,-24.814],[147.089,-24.846],[147.139,-24.849],[147.137,-24.883],[147.296,-24.896],[147.322,-24.87],[147.484,-24.877],[147.508,-24.821],[147.579,-24.836],[147.735,-24.73],[147.824,-24.735],[147.952,-24.883],[148.056,-24.914],[148.096,-25.017],[148.161,-25.084],[148.235,-25.101],[148.306,-25.212],[148.412,-25.26],[148.568,-25.25],[148.666,-25.311],[148.684,-25.282],[148.745,-25.28],[148.726,-25.401],[148.833,-25.46],[148.939,-25.464],[148.98,-25.375],[148.95,-25.329],[148.979,-25.311],[148.925,-25.264],[148.934,-25.233],[148.879,-25.228],[148.874,-25.148],[148.814,-25.053],[148.861,-24.895],[148.938,-24.837],[149.038,-24.878],[149.101,-25.058],[149.073,-25.111],[149.109,-25.141],[149.172,-25.09],[149.182,-25.005],[149.274,-25.064],[149.282,-25.009],[149.322,-25.016],[149.337,-24.986],[149.45,-25.001],[149.447,-24.911],[149.534,-24.777],[149.578,-24.781],[149.586,-24.888],[149.611,-24.89],[149.607,-24.791],[149.734,-24.657],[149.74,-24.54],[149.787,-24.545],[149.74,-24.324],[149.652,-24.166],[149.829,-24.165],[149.834,-24.092],[149.791,-24.066],[149.823,-23.998],[149.85,-24.002],[149.843,-23.954],[149.894,-23.959],[149.928,-23.889],[150.067,-23.882],[149.999,-23.767],[149.891,-23.666],[149.894,-23.584],[149.758,-23.628],[149.74,-23.571],[149.801,-23.541],[149.763,-23.477],[149.703,-23.536],[149.617,-23.508],[149.615,-23.456],[149.768,-23.403],[149.755,-23.334],[149.71,-23.325],[149.721,-23.251],[149.678,-23.215],[149.71,-23.096],[149.645,-23.073],[149.482,-23.113],[149.486,-23.058],[149.412,-22.994],[149.403,-22.898],[149.331,-22.875],[149.199,-23.05],[149.044,-23.059],[148.976,-23.095],[149.006,-23.167],[148.925,-23.262],[148.856,-23.266],[148.866,-23.356],[148.826,-23.379],[148.781,-23.351],[148.759,-23.381],[148.713,-23.353],[148.672,-23.421],[148.706,-23.435],[148.635,-23.477],[148.619,-23.536],[148.537,-23.556],[148.523,-23.505],[148.573,-23.469],[148.55,-23.407],[148.57,-23.379],[148.503,-23.33],[148.624,-23.149],[148.562,-23.116],[148.6,-23.003],[148.543,-22.959],[148.542,-22.877],[148.458,-22.867],[148.325,-22.95],[148.275,-22.876],[148.371,-22.791],[148.343,-22.725],[148.239,-22.74],[148.231,-22.777],[148.176,-22.79],[148.064,-22.739],[148.013,-22.654],[147.985,-22.704],[147.794,-22.801],[147.694,-22.915]],[[149.497,-23.56],[149.503,-23.523],[149.532,-23.527],[149.527,-23.563],[149.497,-23.56]],[[149.76,-23.676],[149.718,-23.669],[149.716,-23.631],[149.764,-23.637],[149.76,-23.676]],[[149.32,-24.619],[149.376,-24.612],[149.371,-24.592],[149.409,-24.607],[149.382,-24.64],[149.32,-24.619]],[[149.495,-23.988],[149.502,-24.161],[149.469,-24.213],[149.373,-24.24],[149.351,-24.2],[149.495,-23.988]]]},"properties":{"lga_name":"Central Highlands (Qld)","lga_code":"32270"}},{"type":"Feature","geometry":{"type":"Polygon","coordinates":[[[146.26,-19.045],[146.237,-19.045],[146.242,-19.01],[146.175,-19.013],[146.154,-18.923],[146.023,-18.919],[145.998,-18.874],[145.865,-18.876],[145.797,-18.843],[145.775,-18.817],[145.816,-18.617],[145.796,-18.577],[145.844,-18.592],[145.738,-18.453],[145.715,-18.489],[145.5,-18.462],[145.494,-18.577],[145.384,-18.57],[145.26,-18.427],[145.268,-18.355],[145.167,-18.347],[145.133,-18.38],[145.183,-18.432],[145.182,-18.511],[145.133,-18.578],[145.054,-18.549],[145.048,-18.514],[144.981,-18.507],[144.969,-18.469],[144.924,-18.523],[144.878,-18.518],[144.837,-18.493],[144.855,-18.37],[144.687,-18.314],[144.652,-18.627],[144.764,-18.638],[144.787,-18.661],[144.745,-18.722],[144.808,-18.77],[144.745,-18.818],[144.79,-18.871],[144.707,-18.936],[144.699,-19.004],[144.774,-19.148],[144.832,-19.161],[144.772,-19.206],[144.751,-19.181],[144.634,-19.285],[144.591,-19.38],[144.475,-19.371],[144.468,-19.447],[144.352,-19.424],[144.345,-19.502],[144.303,-19.497],[144.285,-19.573],[144.426,-19.611],[144.396,-19.935],[144.43,-19.976],[144.559,-19.953],[144.62,-19.992],[144.622,-19.969],[144.664,-20.058],[144.776,-20.067],[144.772,-20.129],[144.84,-20.205],[144.82,-20.332],[144.909,-20.373],[144.922,-20.462],[144.998,-20.492],[145.097,-20.628],[145.189,-20.634],[145.164,-20.97],[145.227,-20.975],[145.22,-21.065],[145.173,-21.062],[145.221,-21.172],[145.256,-21.175],[145.243,-21.277],[145.29,-21.414],[145.262,-21.458],[145.465,-21.461],[145.453,-21.566],[145.54,-21.575],[145.533,-21.658],[145.678,-21.668],[145.627,-21.927],[145.668,-21.932],[145.661,-22.041],[146.031,-22.105],[146.039,-22.023],[146.072,-21.997],[146.201,-22.008],[146.211,-21.908],[146.118,-21.901],[146.127,-21.814],[146.069,-21.809],[146.093,-21.51],[146.347,-21.518],[146.341,-21.57],[146.396,-21.663],[146.484,-21.68],[146.492,-21.566],[146.657,-21.583],[146.651,-21.609],[146.834,-21.643],[146.835,-21.574],[146.912,-21.454],[146.879,-21.37],[146.966,-21.279],[146.866,-21.191],[146.883,-21.17],[146.849,-21.101],[146.884,-20.998],[146.852,-20.811],[146.961,-20.74],[146.976,-20.62],[147.015,-20.606],[147.079,-20.653],[147.156,-20.652],[147.215,-20.577],[147.277,-20.556],[147.298,-20.447],[147.348,-20.401],[147.195,-20.372],[147.175,-20.309],[147.111,-20.265],[147.104,-20.203],[147.047,-20.17],[147.003,-20.195],[147.015,-20.142],[146.903,-20.067],[146.886,-20.022],[146.932,-19.972],[146.881,-19.898],[146.916,-19.898],[146.93,-19.783],[146.833,-19.758],[146.843,-19.721],[146.54,-19.686],[146.542,-19.556],[146.585,-19.511],[146.565,-19.402],[146.47,-19.374],[146.444,-19.334],[146.465,-19.32],[146.405,-19.291],[146.423,-19.216],[146.397,-19.152],[146.372,-19.12],[146.325,-19.124],[146.26,-19.045]]]},"properties":{"lga_name":"Charters Towers","lga_code":"32310"}},{"type":"Feature","geometry":{"type":"Polygon","coordinates":[[[151.977,-26.297],[151.922,-26.257],[151.886,-26.301],[151.969,-26.319],[151.977,-26.297]]]},"properties":{"lga_name":"Cherbourg","lga_code":"32330"}},{"type":"Feature","geometry":{"type":"Polygon","coordinates":[[[139.723,-20.906],[139.553,-20.901],[139.536,-21.276],[139.377,-21.272],[139.374,-21.394],[139.237,-21.502],[139.233,-21.633],[139.323,-21.726],[139.268,-21.872],[139.353,-21.958],[139.318,-21.986],[139.495,-22.145],[139.389,-22.234],[139.493,-22.242],[139.49,-22.282],[139.623,-22.291],[139.628,-22.221],[139.75,-22.229],[139.758,-22.163],[139.842,-22.171],[139.885,-22.243],[140.062,-22.255],[140.041,-22.327],[140.363,-22.374],[140.37,-22.29],[140.531,-22.135],[140.707,-22.335],[140.844,-22.162],[140.929,-22.182],[140.925,-22.235],[141.183,-22.25],[141.199,-22.055],[141.294,-22.062],[141.31,-21.94],[141.063,-21.929],[141.064,-21.902],[140.994,-21.894],[140.981,-22.053],[140.882,-22.048],[140.913,-21.938],[140.855,-21.934],[140.881,-21.872],[140.865,-21.81],[140.923,-21.773],[140.959,-21.625],[140.844,-21.427],[140.8,-21.42],[140.808,-21.355],[140.856,-21.359],[140.876,-21.323],[140.882,-21.225],[140.809,-21.22],[140.805,-21.194],[140.834,-21.097],[140.865,-21.099],[140.873,-20.991],[140.828,-20.989],[140.849,-20.956],[140.831,-20.874],[140.95,-20.743],[140.96,-20.635],[141.078,-20.645],[141.083,-20.59],[141.04,-20.543],[141.014,-20.43],[141.081,-20.314],[140.908,-20.299],[140.997,-20.224],[140.783,-20.023],[140.899,-19.932],[140.875,-19.928],[140.886,-19.764],[140.818,-19.759],[140.822,-19.709],[140.739,-19.667],[140.749,-19.629],[140.942,-19.64],[140.947,-19.582],[141.015,-19.557],[141.04,-19.495],[140.975,-19.329],[140.997,-19.258],[140.918,-19.116],[140.817,-19.187],[140.711,-19.067],[140.67,-19.098],[140.633,-19.057],[140.515,-19.048],[140.511,-19.102],[140.303,-19.088],[140.306,-19.045],[139.912,-19.026],[139.941,-19.055],[139.931,-19.141],[140.016,-19.272],[140.004,-19.328],[140.042,-19.368],[140.066,-19.567],[139.887,-19.554],[139.885,-19.585],[139.777,-19.578],[139.785,-19.46],[139.486,-19.436],[139.47,-19.719],[139.533,-19.725],[139.514,-19.823],[139.726,-19.848],[139.729,-19.794],[139.806,-19.808],[139.78,-20.189],[139.732,-20.185],[139.735,-20.237],[139.971,-20.213],[139.943,-20.396],[140.023,-20.436],[140.028,-20.539],[139.878,-20.436],[139.863,-20.499],[139.909,-20.623],[139.743,-20.667],[139.723,-20.906]]]},"properties":{"lga_name":"Cloncurry","lga_code":"32450"}},{"type":"Feature","geometry":{"type":"MultiPolygon","coordinates":[[[[143.186,-12.551],[143.174,-12.594],[143.223,-12.647],[143.189,-12.735],[143.237,-12.873],[143.314,-12.837],[143.294,-12.775],[143.362,-12.791],[143.439,-12.613],[143.305,-12.551],[143.247,-12.379],[143.079,-12.337],[143.079,-12.159],[143.186,-11.991],[143.244,-11.969],[143.167,-11.973],[143.148,-11.919],[143.098,-11.893],[143.066,-11.928],[142.975,-11.933],[142.856,-11.846],[142.827,-11.477],[142.869,-11.382],[142.794,-11.279],[142.788,-11.082],[142.746,-10.999],[142.402,-10.999],[142.365,-11.043],[142.373,-11.197],[142.116,-11.225],[142.1,-11.463],[141.968,-11.802],[141.942,-11.946],[141.943,-11.978],[142.001,-12.014],[142.009,-12.076],[142.045,-11.986],[142.104,-11.983],[142.065,-12.007],[142.046,-12.112],[142.022,-12.081],[142.004,-12.128],[141.968,-12.066],[141.961,-12.18],[141.913,-12.164],[141.849,-12.194],[141.846,-12.319],[141.738,-12.291],[141.845,-12.333],[141.841,-12.384],[141.776,-12.466],[141.657,-12.442],[141.591,-12.564],[141.643,-12.578],[141.654,-12.462],[141.662,-12.528],[141.696,-12.534],[141.736,-12.48],[141.719,-12.499],[141.796,-12.576],[141.873,-12.588],[141.872,-12.56],[141.895,-12.584],[141.89,-12.64],[141.855,-12.657],[141.878,-12.671],[141.803,-12.747],[141.801,-12.836],[141.753,-12.831],[141.636,-12.909],[141.583,-12.997],[141.618,-13.04],[141.629,-13.159],[141.753,-13.287],[141.752,-13.357],[141.813,-13.357],[141.841,-13.307],[141.744,-12.999],[141.847,-12.943],[141.801,-12.914],[141.827,-12.874],[141.87,-12.874],[141.913,-12.744],[142.009,-12.859],[142.069,-12.787],[142.05,-12.742],[142.014,-12.738],[142.001,-12.775],[141.964,-12.711],[142.095,-12.685],[142.193,-12.618],[142.102,-12.562],[142.004,-12.601],[141.941,-12.561],[141.91,-12.575],[141.963,-12.533],[141.967,-12.57],[141.996,-12.573],[142.041,-12.498],[142.041,-12.279],[142.22,-12.278],[142.126,-12.398],[142.263,-12.368],[142.406,-12.52],[142.487,-12.486],[142.569,-12.617],[142.566,-12.662],[142.196,-12.638],[142.081,-13.139],[142.114,-13.288],[142.044,-13.569],[141.938,-13.733],[141.925,-13.821],[141.992,-13.999],[141.994,-14.499],[142.035,-14.709],[142.141,-14.905],[142.093,-15.19],[142.24,-15.423],[142.65,-15.461],[142.664,-15.314],[142.961,-15.341],[142.95,-15.482],[142.893,-15.478],[142.881,-15.621],[142.78,-15.613],[142.77,-15.755],[142.705,-15.75],[142.696,-15.897],[142.631,-15.955],[142.622,-16.017],[142.672,-16.066],[142.731,-16.089],[142.956,-16.077],[143.054,-16.113],[143.235,-16.106],[143.431,-16.045],[143.528,-16.094],[143.638,-16.077],[143.657,-16.118],[143.758,-16.165],[143.874,-16.106],[143.915,-16.136],[143.95,-16.108],[144.043,-16.148],[144.098,-16.131],[144.247,-16.344],[144.318,-16.331],[144.344,-16.286],[144.415,-16.35],[144.509,-16.354],[144.515,-16.309],[144.576,-16.29],[144.679,-16.333],[144.717,-16.251],[144.762,-16.263],[144.827,-16.362],[144.878,-16.327],[144.891,-16.35],[144.961,-16.339],[145.021,-16.221],[144.988,-16.16],[145.045,-16.163],[145.085,-16.118],[145.074,-15.966],[145.161,-15.923],[145.255,-15.933],[145.283,-15.903],[145.336,-15.951],[145.377,-15.843],[145.352,-15.808],[145.361,-15.72],[145.313,-15.647],[145.323,-15.571],[145.272,-15.541],[145.263,-15.461],[145.229,-15.463],[145.215,-15.415],[145.1,-15.418],[145.151,-15.405],[145.149,-15.362],[145.08,-15.398],[145.031,-15.372],[145.061,-15.312],[145.031,-15.269],[145.08,-15.26],[145.086,-15.139],[145.187,-15.125],[145.161,-15.081],[145.138,-15.093],[145.169,-14.985],[145.129,-14.981],[145.144,-14.839],[144.954,-14.737],[144.91,-14.614],[144.783,-14.594],[144.775,-14.546],[144.683,-14.551],[144.619,-14.476],[144.651,-14.359],[144.588,-14.361],[144.596,-14.26],[144.516,-14.167],[144.435,-14.26],[144.338,-14.307],[144.195,-14.261],[144.168,-14.381],[144.032,-14.483],[143.881,-14.482],[143.799,-14.425],[143.703,-14.209],[143.68,-14.015],[143.623,-13.965],[143.531,-13.755],[143.596,-13.414],[143.317,-13.486],[143.391,-13.335],[143.353,-13.284],[143.32,-13.29],[143.344,-13.248],[143.241,-13.251],[143.252,-13.138],[143.11,-13.15],[142.98,-13.12],[142.894,-12.993],[142.958,-12.947],[142.951,-12.878],[142.884,-12.807],[142.933,-12.774],[142.924,-12.696],[143.028,-12.698],[143.076,-12.64],[143.087,-12.565],[143.186,-12.551]],[[141.909,-12.695],[141.908,-12.694],[141.91,-12.692],[141.909,-12.695]],[[141.9,-12.591],[141.904,-12.585],[141.903,-12.589],[141.9,-12.591]],[[141.74,-12.472],[141.749,-12.478],[141.745,-12.477],[141.74,-12.472]],[[141.906,-12.752],[141.907,-12.746],[141.909,-12.75],[141.906,-12.752]],[[141.898,-12.607],[141.906,-12.611],[141.897,-12.618],[141.898,-12.607]],[[141.926,-12.687],[141.916,-12.672],[141.929,-12.671],[141.926,-12.687]],[[141.9,-12.691],[141.882,-12.672],[141.894,-12.672],[141.9,-12.691]],[[141.687,-12.476],[141.717,-12.458],[141.733,-12.468],[141.687,-12.476]],[[141.894,-12.766],[141.878,-12.714],[141.892,-12.73],[141.894,-12.766]],[[143.286,-12.824],[143.277,-12.781],[143.309,-12.819],[143.286,-12.824]]],[[[145.52,-14.828],[145.53,-14.83],[145.521,-14.825],[145.52,-14.828]]],[[[145.507,-14.745],[145.515,-14.749],[145.515,-14.744],[145.507,-14.745]]],[[[143.572,-13.217],[143.573,-13.217],[143.572,-13.216],[143.572,-13.217]]],[[[143.579,-13.183],[143.578,-13.173],[143.574,-13.192],[143.579,-13.183]]],[[[143.485,-11.92],[143.477,-11.915],[143.478,-11.922],[143.485,-11.92]]],[[[143.464,-11.904],[143.471,-11.907],[143.471,-11.898],[143.464,-11.904]]],[[[143.304,-11.85],[143.306,-11.85],[143.305,-11.849],[143.304,-11.85]]],[[[143.302,-11.847],[143.301,-11.847],[143.301,-11.848],[143.302,-11.847]]],[[[145.458,-15.731],[145.459,-15.73],[145.458,-15.729],[145.458,-15.731]]],[[[145.424,-15.112],[145.426,-15.119],[145.428,-15.114],[145.424,-15.112]]],[[[145.417,-15.111],[145.421,-15.114],[145.423,-15.113],[145.417,-15.111]]],[[[145.374,-15.091],[145.38,-15.097],[145.385,-15.094],[145.374,-15.091]]],[[[145.448,-15.026],[145.448,-15.023],[145.447,-15.022],[145.448,-15.026]]],[[[145.436,-15.02],[145.442,-15.02],[145.438,-15.018],[145.436,-15.02]]],[[[145.446,-14.668],[145.478,-14.671],[145.455,-14.646],[145.446,-14.668]]],[[[143.463,-12.622],[143.463,-12.622],[143.463,-12.621],[143.463,-12.622]]],[[[143.489,-12.404],[143.489,-12.406],[143.49,-12.403],[143.489,-12.404]]],[[[143.404,-12.295],[143.401,-12.3],[143.405,-12.298],[143.404,-12.295]]],[[[143.416,-12.294],[143.42,-12.297],[143.418,-12.293],[143.416,-12.294]]],[[[143.303,-12.039],[143.299,-12.036],[143.295,-12.042],[143.303,-12.039]]],[[[143.287,-11.975],[143.29,-11.972],[143.286,-11.969],[143.287,-11.975]]],[[[143.281,-11.86],[143.283,-11.856],[143.281,-11.856],[143.281,-11.86]]],[[[143.314,-11.838],[143.317,-11.836],[143.315,-11.836],[143.314,-11.838]]],[[[144.032,-11.591],[144.039,-11.593],[144.035,-11.588],[144.032,-11.591]]],[[[143.058,-11.373],[143.061,-11.377],[143.059,-11.372],[143.058,-11.373]]],[[[145.443,-15.749],[145.446,-15.754],[145.443,-15.745],[145.443,-15.749]]],[[[145.334,-15.607],[145.337,-15.606],[145.335,-15.606],[145.334,-15.607]]],[[[145.47,-14.866],[145.471,-14.865],[145.47,-14.865],[145.47,-14.866]]],[[[145.475,-14.858],[145.481,-14.86],[145.477,-14.856],[145.475,-14.858]]],[[[143.498,-12.528],[143.454,-12.504],[143.473,-12.52],[143.498,-12.528]]],[[[143.034,-11.45],[143.035,-11.446],[143.033,-11.449],[143.034,-11.45]]],[[[143.028,-11.379],[143.03,-11.379],[143.028,-11.377],[143.028,-11.379]]],[[[143.038,-11.194],[143.039,-11.196],[143.043,-11.196],[143.038,-11.194]]],[[[145.419,-15.117],[145.418,-15.115],[145.418,-15.116],[145.419,-15.117]]],[[[145.467,-14.692],[145.466,-14.691],[145.465,-14.692],[145.467,-14.692]]],[[[143.598,-13.275],[143.596,-13.275],[143.598,-13.277],[143.598,-13.275]]],[[[143.694,-13.369],[143.695,-13.369],[143.695,-13.367],[143.694,-13.369]]],[[[143.015,-11.171],[143.02,-11.171],[143.012,-11.166],[143.015,-11.171]]],[[[143.019,-11.111],[143.023,-11.109],[143.017,-11.109],[143.019,-11.111]]],[[[145.372,-15.091],[145.372,-15.089],[145.371,-15.09],[145.372,-15.091]]],[[[145.25,-14.659],[145.258,-14.656],[145.255,-14.65],[145.25,-14.659]]],[[[145.442,-14.693],[145.445,-14.696],[145.451,-14.692],[145.442,-14.693]]],[[[145.457,-14.702],[145.451,-14.701],[145.453,-14.704],[145.457,-14.702]]],[[[145.377,-14.699],[145.381,-14.695],[145.375,-14.697],[145.377,-14.699]]],[[[143.445,-12.624],[143.45,-12.621],[143.449,-12.614],[143.445,-12.624]]],[[[143.45,-12.498],[143.435,-12.483],[143.434,-12.484],[143.45,-12.498]]],[[[143.266,-11.988],[143.276,-11.987],[143.263,-11.975],[143.266,-11.988]]],[[[143.244,-11.989],[143.252,-11.996],[143.247,-11.985],[143.244,-11.989]]],[[[143.209,-11.928],[143.208,-11.931],[143.212,-11.931],[143.209,-11.928]]],[[[143.24,-11.996],[143.244,-11.997],[143.241,-11.994],[143.24,-11.996]]],[[[143.252,-11.97],[143.255,-11.97],[143.253,-11.968],[143.252,-11.97]]],[[[143.267,-11.952],[143.269,-11.95],[143.267,-11.95],[143.267,-11.952]]],[[[143.263,-11.971],[143.264,-11.969],[143.263,-11.967],[143.263,-11.971]]],[[[143.218,-11.985],[143.219,-11.984],[143.217,-11.983],[143.218,-11.985]]],[[[145.305,-15.133],[145.306,-15.133],[145.304,-15.132],[145.305,-15.133]]],[[[145.325,-15.14],[145.326,-15.138],[145.325,-15.138],[145.325,-15.14]]],[[[144.957,-14.507],[144.99,-14.503],[144.977,-14.493],[144.957,-14.507]]],[[[144.925,-14.607],[144.935,-14.612],[144.926,-14.602],[144.925,-14.607]]],[[[144.916,-14.51],[144.919,-14.505],[144.91,-14.503],[144.916,-14.51]]],[[[144.966,-14.524],[144.972,-14.527],[144.981,-14.523],[144.966,-14.524]],[[144.997,-14.54],[144.986,-14.541],[144.996,-14.536],[144.997,-14.54]]],[[[144.906,-14.553],[144.908,-14.556],[144.908,-14.554],[144.906,-14.553]]],[[[143.084,-11.766],[143.095,-11.775],[143.094,-11.767],[143.084,-11.766]]],[[[143.179,-11.701],[143.181,-11.705],[143.181,-11.699],[143.179,-11.701]]],[[[143.107,-11.891],[143.109,-11.89],[143.108,-11.888],[143.107,-11.891]]],[[[142.992,-11.008],[142.992,-11.009],[142.995,-11.008],[142.992,-11.008]]],[[[142.756,-11.025],[142.756,-11.025],[142.754,-11.024],[142.756,-11.025]]],[[[142.989,-11.006],[142.99,-11.005],[142.989,-11.004],[142.989,-11.006]]],[[[145.349,-15.53],[145.351,-15.53],[145.35,-15.529],[145.349,-15.53]],[[145.172,-15.395],[145.151,-15.382],[145.201,-15.408],[145.172,-15.395]]],[[[144.804,-14.434],[144.814,-14.438],[144.816,-14.426],[144.804,-14.434]]],[[[144.768,-14.508],[144.765,-14.501],[144.762,-14.504],[144.768,-14.508]]],[[[144.884,-14.561],[144.891,-14.562],[144.886,-14.558],[144.884,-14.561]]],[[[144.708,-14.558],[144.714,-14.558],[144.706,-14.555],[144.708,-14.558]]],[[[144.879,-14.418],[144.882,-14.416],[144.879,-14.416],[144.879,-14.418]]],[[[144.891,-14.464],[144.895,-14.466],[144.892,-14.462],[144.891,-14.464]]],[[[144.868,-14.546],[144.868,-14.548],[144.871,-14.548],[144.868,-14.546]]],[[[144.697,-14.475],[144.699,-14.473],[144.696,-14.473],[144.697,-14.475]]],[[[144.888,-14.434],[144.883,-14.43],[144.883,-14.431],[144.888,-14.434]]],[[[144.901,-14.401],[144.904,-14.4],[144.901,-14.4],[144.901,-14.401]]],[[[144.764,-14.5],[144.764,-14.5],[144.762,-14.5],[144.764,-14.5]]],[[[144.891,-14.435],[144.892,-14.435],[144.89,-14.434],[144.891,-14.435]]],[[[144.698,-14.477],[144.699,-14.476],[144.698,-14.475],[144.698,-14.477]]],[[[144.904,-14.553],[144.905,-14.553],[144.904,-14.552],[144.904,-14.553]]],[[[144.881,-14.43],[144.882,-14.429],[144.881,-14.429],[144.881,-14.43]]],[[[144.892,-14.435],[144.892,-14.435],[144.892,-14.435],[144.892,-14.435]]],[[[144.892,-14.435],[144.892,-14.435],[144.892,-14.435],[144.892,-14.435]]],[[[143.694,-13.668],[143.688,-13.669],[143.689,-13.675],[143.694,-13.668]]],[[[143.718,-13.655],[143.719,-13.655],[143.722,-13.653],[143.718,-13.655]]],[[[143.721,-13.495],[143.724,-13.492],[143.722,-13.493],[143.721,-13.495]]],[[[143.02,-11.488],[143.029,-11.488],[143.022,-11.484],[143.02,-11.488]]],[[[142.919,-11.24],[142.933,-11.248],[142.927,-11.242],[142.919,-11.24]]],[[[142.938,-11.593],[142.946,-11.593],[142.943,-11.591],[142.938,-11.593]]],[[[142.931,-11.592],[142.935,-11.59],[142.931,-11.591],[142.931,-11.592]]],[[[142.992,-11.238],[142.993,-11.236],[142.991,-11.237],[142.992,-11.238]]],[[[142.965,-11.381],[142.968,-11.384],[142.968,-11.381],[142.965,-11.381]]],[[[142.988,-11.726],[142.991,-11.73],[142.988,-11.725],[142.988,-11.726]]],[[[142.898,-11.588],[142.901,-11.59],[142.9,-11.588],[142.898,-11.588]]],[[[143.031,-11.481],[143.031,-11.479],[143.03,-11.479],[143.031,-11.481]]],[[[142.975,-11.728],[142.978,-11.728],[142.977,-11.727],[142.975,-11.728]]],[[[142.993,-11.738],[142.993,-11.739],[142.993,-11.736],[142.993,-11.738]]],[[[142.873,-11.248],[142.874,-11.248],[142.873,-11.247],[142.873,-11.248]]],[[[142.991,-11.732],[142.992,-11.733],[142.992,-11.731],[142.991,-11.732]]],[[[142.993,-11.742],[142.994,-11.741],[142.993,-11.741],[142.993,-11.742]]],[[[142.993,-11.741],[142.993,-11.74],[142.993,-11.74],[142.993,-11.741]]],[[[144.252,-14.169],[144.232,-14.185],[144.283,-14.196],[144.273,-14.159],[144.252,-14.169]]],[[[144.236,-14.136],[144.209,-14.185],[144.268,-14.15],[144.236,-14.136]]],[[[144.264,-14.235],[144.278,-14.217],[144.245,-14.221],[144.264,-14.235]]],[[[144.328,-14.097],[144.336,-14.102],[144.34,-14.088],[144.328,-14.097]]],[[[144.202,-14.231],[144.231,-14.214],[144.229,-14.206],[144.202,-14.231]]],[[[143.719,-13.871],[143.723,-13.863],[143.716,-13.859],[143.719,-13.871]]],[[[144.528,-14.121],[144.532,-14.125],[144.526,-14.112],[144.528,-14.121]]],[[[143.75,-13.939],[143.758,-13.939],[143.759,-13.934],[143.75,-13.939]]],[[[144.267,-14.057],[144.268,-14.051],[144.262,-14.05],[144.267,-14.057]]],[[[143.772,-14.221],[143.779,-14.224],[143.775,-14.214],[143.772,-14.221]]],[[[143.642,-13.772],[143.642,-13.768],[143.636,-13.774],[143.642,-13.772]]],[[[144.254,-14.072],[144.258,-14.074],[144.256,-14.071],[144.254,-14.072]]],[[[144.25,-14.211],[144.253,-14.211],[144.251,-14.209],[144.25,-14.211]]],[[[144.356,-14.252],[144.352,-14.254],[144.352,-14.256],[144.356,-14.252]]],[[[143.792,-14.226],[143.796,-14.226],[143.795,-14.224],[143.792,-14.226]]],[[[144.648,-14.345],[144.65,-14.345],[144.646,-14.342],[144.648,-14.345]]],[[[143.833,-13.909],[143.836,-13.912],[143.835,-13.908],[143.833,-13.909]]],[[[144.256,-14.075],[144.254,-14.077],[144.256,-14.078],[144.256,-14.075]]],[[[144.006,-14.126],[144.007,-14.123],[144.005,-14.124],[144.006,-14.126]]],[[[144.357,-14.274],[144.359,-14.272],[144.357,-14.271],[144.357,-14.274]]],[[[144.653,-14.347],[144.652,-14.345],[144.651,-14.345],[144.653,-14.347]]],[[[144.881,-14.199],[144.885,-14.198],[144.882,-14.198],[144.881,-14.199]]],[[[144.576,-14.233],[144.578,-14.231],[144.576,-14.232],[144.576,-14.233]]],[[[144.85,-14.32],[144.852,-14.319],[144.849,-14.319],[144.85,-14.32]]],[[[143.836,-13.957],[143.837,-13.956],[143.835,-13.956],[143.836,-13.957]]],[[[144.483,-14.151],[144.484,-14.152],[144.484,-14.15],[144.483,-14.151]]],[[[144.537,-14.184],[144.538,-14.184],[144.537,-14.183],[144.537,-14.184]]],[[[144.487,-14.165],[144.488,-14.164],[144.487,-14.164],[144.487,-14.165]]],[[[144.528,-14.128],[144.528,-14.128],[144.527,-14.127],[144.528,-14.128]]],[[[144.513,-14.123],[144.514,-14.122],[144.513,-14.122],[144.513,-14.123]]],[[[144.484,-14.14],[144.484,-14.14],[144.484,-14.14],[144.484,-14.14]]],[[[144.541,-14.183],[144.541,-14.182],[144.541,-14.182],[144.541,-14.183]]],[[[144.526,-14.129],[144.526,-14.129],[144.525,-14.129],[144.526,-14.129]]],[[[144.244,-14.209],[144.244,-14.208],[144.243,-14.208],[144.244,-14.209]]],[[[144.486,-14.15],[144.486,-14.15],[144.485,-14.149],[144.486,-14.15]]],[[[144.487,-14.165],[144.487,-14.165],[144.487,-14.165],[144.487,-14.165]]],[[[145.197,-14.734],[145.206,-14.737],[145.201,-14.733],[145.197,-14.734]]],[[[145.189,-14.736],[145.187,-14.733],[145.184,-14.733],[145.189,-14.736]]],[[[145.203,-14.706],[145.206,-14.704],[145.202,-14.703],[145.203,-14.706]]],[[[145.192,-14.715],[145.195,-14.713],[145.193,-14.713],[145.192,-14.715]]],[[[145.085,-14.737],[145.084,-14.736],[145.083,-14.737],[145.085,-14.737]]],[[[145.2,-14.721],[145.201,-14.721],[145.203,-14.721],[145.2,-14.721]]],[[[145.179,-14.73],[145.179,-14.729],[145.179,-14.729],[145.179,-14.73]]],[[[145.101,-14.731],[145.101,-14.731],[145.1,-14.732],[145.101,-14.731]]],[[[141.716,-12.234],[141.815,-12.239],[141.778,-12.221],[141.716,-12.234]]],[[[141.846,-12.665],[141.86,-12.639],[141.83,-12.644],[141.846,-12.665]]],[[[143.409,-12.286],[143.407,-12.292],[143.416,-12.291],[143.409,-12.286]]],[[[143.417,-12.591],[143.418,-12.589],[143.417,-12.589],[143.417,-12.591]]],[[[143.226,-12.244],[143.228,-12.245],[143.228,-12.243],[143.226,-12.244]]]]},"properties":{"lga_name":"Cook","lga_code":"32500"}},{"type":"Feature","geometry":{"type":"Polygon","coordinates":[[[141.395,-18.054],[141.2,-18.015],[141.192,-18.119],[141.132,-18.123],[141.137,-18.187],[141.181,-18.213],[141.223,-18.33],[141.302,-18.428],[141.299,-18.611],[141.37,-18.625],[141.364,-18.681],[141.692,-18.714],[141.621,-19.149],[141.762,-19.192],[141.772,-19.078],[141.931,-19.09],[141.941,-18.978],[142.177,-18.972],[142.159,-19.142],[142.401,-19.123],[142.374,-19.4],[142.604,-19.403],[142.601,-19.636],[143.275,-19.696],[143.342,-19.606],[143.383,-19.613],[143.395,-19.575],[143.509,-19.516],[143.378,-19.288],[143.406,-19.249],[143.386,-19.201],[143.287,-19.157],[143.263,-19.057],[143.221,-19.051],[143.141,-18.936],[142.972,-18.931],[142.916,-18.885],[142.878,-18.809],[142.892,-18.72],[142.837,-18.669],[142.852,-18.586],[142.778,-18.584],[142.786,-18.551],[142.747,-18.514],[142.637,-18.525],[142.634,-18.458],[142.514,-18.404],[142.524,-18.354],[142.464,-18.223],[142.625,-18.081],[142.474,-17.914],[142.482,-17.876],[142.382,-17.871],[142.244,-17.713],[142.265,-17.494],[142.178,-17.566],[142.058,-17.434],[142.012,-17.471],[141.898,-17.331],[141.785,-17.422],[141.837,-17.482],[141.726,-17.47],[141.729,-17.433],[141.422,-17.444],[141.378,-17.677],[141.438,-17.68],[141.433,-17.749],[141.317,-17.737],[141.304,-17.899],[141.468,-17.91],[141.466,-17.939],[141.393,-17.935],[141.395,-18.054]]]},"properties":{"lga_name":"Croydon","lga_code":"32600"}},{"type":"Feature","geometry":{"type":"MultiPolygon","coordinates":[[[[138.8,-17.933],[138.852,-17.959],[138.878,-18.019],[138.903,-17.526],[138.738,-17.471],[138.601,-17.469],[138.577,-17.883],[138.8,-17.933]]],[[[138.875,-16.875],[138.87,-16.939],[139.08,-17.091],[139.086,-17.011],[139.11,-17.009],[139.039,-16.912],[138.875,-16.875]]]]},"properties":{"lga_name":"Doomadgee","lga_code":"32770"}},{"type":"Feature","geometry":{"type":"MultiPolygon","coordinates":[[[[145.075,-16.129],[145.045,-16.163],[144.989,-16.159],[144.987,-16.191],[145.061,-16.264],[145.134,-16.286],[145.14,-16.347],[145.27,-16.467],[145.296,-16.537],[145.355,-16.556],[145.404,-16.512],[145.447,-16.644],[145.53,-16.623],[145.518,-16.675],[145.627,-16.707],[145.581,-16.686],[145.469,-16.48],[145.41,-16.459],[145.418,-16.338],[145.489,-16.277],[145.442,-16.186],[145.477,-16.076],[145.409,-15.944],[145.361,-15.922],[145.294,-15.995],[145.32,-15.931],[145.285,-15.903],[145.255,-15.933],[145.103,-15.947],[145.073,-15.967],[145.075,-16.129]]],[[[145.495,-16.294],[145.507,-16.304],[145.499,-16.293],[145.495,-16.294]]],[[[145.57,-16.39],[145.572,-16.387],[145.569,-16.384],[145.57,-16.39]]],[[[145.558,-16.384],[145.562,-16.384],[145.563,-16.382],[145.558,-16.384]]],[[[145.568,-16.383],[145.567,-16.382],[145.566,-16.382],[145.568,-16.383]]],[[[145.447,-16.171],[145.448,-16.171],[145.448,-16.17],[145.447,-16.171]]]]},"properties":{"lga_name":"Douglas","lga_code":"32810"}},{"type":"Feature","geometry":{"type":"Polygon","coordinates":[[[140.356,-23.526],[139.938,-23.487],[139.936,-23.577],[139.863,-23.63],[139.893,-23.694],[139.464,-23.671],[139.476,-23.521],[139.295,-23.51],[139.339,-23.474],[139.175,-23.31],[139.123,-23.352],[139.076,-23.307],[138.826,-23.546],[138.669,-23.54],[138.592,-23.463],[138.464,-23.555],[137.999,-23.521],[137.999,-25.997],[140.91,-25.996],[140.938,-25.716],[140.897,-25.681],[140.914,-25.527],[140.88,-25.466],[140.824,-25.525],[140.774,-25.473],[140.676,-25.464],[140.699,-25.205],[140.859,-25.222],[140.879,-24.993],[140.802,-24.986],[140.813,-24.838],[140.874,-24.842],[140.883,-24.695],[140.837,-24.692],[140.839,-24.669],[141.242,-24.686],[141.239,-24.725],[141.361,-24.629],[141.376,-24.483],[141.43,-24.484],[141.523,-24.584],[141.731,-24.637],[141.963,-24.53],[141.864,-24.403],[141.965,-24.311],[141.806,-24.155],[141.919,-24.057],[142.024,-24.168],[142.1,-24.095],[142.145,-23.701],[141.531,-23.689],[141.155,-23.291],[141.031,-23.384],[140.829,-23.17],[140.76,-23.223],[140.663,-23.157],[140.342,-23.418],[140.356,-23.526]]]},"properties":{"lga_name":"Diamantina","lga_code":"32750"}},{"type":"Feature","geometry":{"type":"Polygon","coordinates":[[[142.848,-18.584],[142.837,-18.669],[142.892,-18.72],[142.878,-18.809],[142.916,-18.885],[142.972,-18.931],[143.141,-18.936],[143.221,-19.051],[143.265,-19.061],[143.287,-19.157],[143.386,-19.201],[143.406,-19.249],[143.378,-19.288],[143.47,-19.472],[143.56,-19.482],[143.677,-19.597],[143.852,-19.637],[144.004,-19.621],[144.054,-19.571],[144.147,-19.566],[144.226,-19.619],[144.296,-19.566],[144.303,-19.497],[144.345,-19.502],[144.352,-19.424],[144.468,-19.447],[144.475,-19.371],[144.591,-19.38],[144.634,-19.285],[144.751,-19.181],[144.772,-19.206],[144.832,-19.161],[144.774,-19.148],[144.698,-18.996],[144.707,-18.936],[144.79,-18.871],[144.745,-18.818],[144.806,-18.752],[144.742,-18.703],[144.787,-18.661],[144.652,-18.627],[144.687,-18.314],[144.741,-18.319],[144.752,-18.216],[144.611,-18.051],[144.472,-18.012],[144.456,-18.055],[144.342,-17.945],[144.31,-17.969],[144.143,-17.954],[143.971,-17.756],[143.976,-17.681],[143.731,-17.654],[143.678,-17.61],[143.642,-17.642],[143.589,-17.616],[143.524,-17.656],[143.323,-17.521],[143.213,-17.517],[143.199,-17.557],[143.125,-17.565],[143.019,-17.537],[142.977,-17.546],[142.972,-17.584],[142.793,-17.647],[142.51,-17.662],[142.42,-17.602],[142.368,-17.508],[142.268,-17.492],[142.244,-17.713],[142.382,-17.871],[142.482,-17.876],[142.474,-17.914],[142.625,-18.081],[142.464,-18.223],[142.524,-18.354],[142.514,-18.404],[142.634,-18.458],[142.637,-18.525],[142.747,-18.514],[142.786,-18.551],[142.778,-18.584],[142.848,-18.584]]]},"properties":{"lga_name":"Etheridge","lga_code":"33100"}},{"type":"Feature","geometry":{"type":"MultiPolygon","coordinates":[[[[141.753,-13.313],[141.692,-13.24],[141.686,-13.296],[141.551,-13.507],[141.468,-13.923],[141.582,-14.073],[141.63,-14.238],[141.75,-14.274],[141.84,-14.349],[141.878,-14.427],[141.999,-14.464],[141.992,-13.999],[141.925,-13.821],[141.938,-13.733],[142.044,-13.569],[142.114,-13.288],[142.081,-13.139],[142.168,-12.765],[142.109,-12.741],[142.009,-12.859],[141.912,-12.749],[141.847,-12.943],[141.744,-12.999],[141.841,-13.307],[141.813,-13.357],[141.752,-13.357],[141.753,-13.313]]],[[[142.185,-12.612],[142.172,-12.563],[142.129,-12.567],[142.185,-12.612]]],[[[141.765,-12.809],[141.839,-12.688],[141.821,-12.672],[141.765,-12.809]]]]},"properties":{"lga_name":"Aurukun","lga_code":"30250"}},{"type":"Feature","geometry":{"type":"Polygon","coordinates":[[[147.381,-27.88],[147.125,-27.896],[147.105,-27.995],[146.99,-27.99],[146.916,-28.354],[146.968,-28.36],[146.963,-28.506],[146.925,-28.724],[146.892,-28.721],[146.863,-28.854],[146.953,-28.861],[146.942,-28.997],[148.958,-28.999],[149.059,-28.908],[148.982,-28.82],[148.987,-28.664],[148.92,-28.657],[148.959,-28.288],[149.042,-28.186],[149.406,-28.229],[149.496,-27.754],[149.424,-27.751],[149.427,-27.703],[149.185,-27.676],[149.19,-27.643],[149.051,-27.626],[149.042,-27.582],[149.003,-27.633],[148.835,-27.615],[148.84,-27.577],[148.725,-27.579],[148.739,-27.693],[148.584,-27.675],[148.591,-27.625],[148.415,-27.597],[148.284,-27.683],[148.182,-27.612],[148.096,-27.669],[148.056,-27.624],[148.011,-27.655],[148.018,-27.6],[147.918,-27.588],[147.916,-27.629],[147.649,-27.626],[147.637,-27.71],[147.583,-27.706],[147.561,-27.845],[147.448,-27.831],[147.444,-27.887],[147.381,-27.88]]]},"properties":{"lga_name":"Balonne","lga_code":"30300"}},{"type":"Feature","geometry":{"type":"Polygon","coordinates":[[[149.783,-24.538],[149.74,-24.54],[149.734,-24.657],[149.607,-24.791],[149.612,-24.889],[149.586,-24.888],[149.578,-24.781],[149.505,-24.807],[149.447,-24.911],[149.45,-25.001],[149.337,-24.986],[149.322,-25.016],[149.282,-25.009],[149.274,-25.064],[149.182,-25.005],[149.172,-25.09],[149.109,-25.141],[149.073,-25.111],[149.101,-25.058],[149.038,-24.878],[148.938,-24.837],[148.838,-24.936],[148.817,-25.071],[148.874,-25.148],[148.879,-25.228],[148.934,-25.233],[148.925,-25.264],[148.979,-25.311],[148.95,-25.329],[148.98,-25.375],[148.938,-25.459],[149.024,-25.56],[148.986,-25.613],[149.02,-25.604],[149.066,-25.647],[148.974,-25.713],[148.939,-25.686],[148.901,-25.76],[148.961,-25.79],[149.031,-25.77],[149.028,-25.804],[149.108,-25.873],[149.097,-25.948],[149.303,-25.966],[149.399,-25.876],[149.484,-25.892],[149.477,-25.934],[149.575,-25.944],[149.585,-25.886],[149.649,-25.894],[149.736,-25.85],[149.771,-25.906],[149.771,-25.852],[149.897,-25.815],[150.022,-25.865],[150.056,-25.813],[150.096,-25.794],[150.159,-25.819],[150.174,-25.78],[150.389,-25.815],[150.426,-25.774],[150.443,-25.622],[150.402,-25.598],[150.402,-25.503],[150.37,-25.476],[150.472,-25.19],[150.557,-25.162],[150.579,-25.112],[150.54,-24.961],[150.606,-24.799],[150.587,-24.731],[150.656,-24.693],[150.873,-24.722],[150.911,-24.65],[150.819,-24.604],[150.826,-24.555],[150.969,-24.578],[150.984,-24.477],[150.938,-24.402],[150.862,-24.41],[150.862,-24.354],[150.77,-24.354],[150.814,-24.18],[150.723,-24.137],[150.702,-23.988],[150.62,-23.905],[150.598,-23.828],[150.464,-23.854],[150.412,-23.815],[150.321,-23.824],[150.317,-23.766],[150.254,-23.705],[150.262,-23.668],[150.189,-23.647],[150.081,-23.666],[150.067,-23.712],[149.997,-23.714],[149.989,-23.765],[150.067,-23.882],[149.928,-23.889],[149.894,-23.959],[149.843,-23.954],[149.85,-24.002],[149.823,-23.998],[149.791,-24.066],[149.834,-24.092],[149.841,-24.155],[149.652,-24.166],[149.74,-24.324],[149.783,-24.538]]]},"properties":{"lga_name":"Banana","lga_code":"30370"}},{"type":"Feature","geometry":{"type":"Polygon","coordinates":[[[144.925,-23.219],[144.909,-23.349],[144.871,-23.363],[144.869,-23.524],[144.795,-23.519],[144.776,-23.691],[144.826,-23.697],[144.788,-23.937],[144.795,-23.999],[144.883,-24.007],[144.841,-24.032],[144.968,-24.072],[145.012,-24.138],[145.628,-24.153],[145.611,-24.015],[145.699,-24.007],[145.707,-23.935],[145.757,-23.94],[145.772,-23.812],[145.955,-23.827],[145.945,-24.007],[146.007,-24.014],[146.057,-23.965],[146.142,-23.973],[146.129,-24.162],[146.132,-24.142],[146.259,-24.154],[146.257,-24.242],[146.393,-24.255],[146.388,-24.313],[146.578,-24.446],[146.573,-24.412],[146.689,-24.374],[146.73,-24.419],[146.805,-24.405],[146.935,-24.291],[146.956,-24.164],[147.183,-24.086],[147.163,-23.973],[147.241,-23.903],[147.238,-23.811],[147.195,-23.746],[147.198,-23.609],[147.219,-23.551],[147.284,-23.525],[147.249,-23.451],[147.287,-23.351],[147.162,-23.34],[147.075,-23.307],[147.079,-23.28],[146.976,-23.263],[146.94,-23.26],[146.933,-23.315],[146.855,-23.305],[146.884,-23.22],[146.789,-23.127],[146.788,-23.037],[146.753,-22.984],[146.646,-22.883],[146.56,-22.878],[146.525,-22.804],[146.548,-22.769],[146.401,-22.756],[146.452,-22.499],[146.269,-22.509],[146.276,-22.463],[146.109,-22.446],[146.122,-22.347],[146.052,-22.339],[146.066,-22.116],[145.661,-22.041],[145.668,-21.932],[145.627,-21.927],[145.678,-21.668],[145.533,-21.658],[145.529,-21.702],[145.435,-21.692],[145.418,-21.846],[145.166,-21.785],[145.153,-21.899],[145.075,-21.891],[145.082,-21.943],[144.956,-21.93],[144.943,-22.059],[144.801,-22.045],[144.796,-22.098],[144.752,-22.095],[144.74,-22.212],[144.491,-22.185],[144.357,-22.349],[144.319,-22.346],[144.304,-22.307],[144.16,-22.297],[144.166,-22.224],[143.844,-22.203],[143.833,-22.315],[143.585,-22.483],[143.614,-22.539],[143.776,-22.564],[143.888,-22.497],[143.941,-22.592],[144.176,-22.595],[144.172,-22.625],[144.24,-22.632],[144.243,-22.6],[144.503,-22.607],[144.5,-22.659],[144.593,-22.695],[144.475,-22.962],[144.864,-23.007],[144.852,-23.109],[144.905,-23.115],[144.893,-23.215],[144.925,-23.219]]]},"properties":{"lga_name":"Barcaldine","lga_code":"30410"}},{"type":"Feature","geometry":{"type":"Polygon","coordinates":[[[141.781,-24.624],[141.731,-24.637],[141.523,-24.584],[141.43,-24.484],[141.376,-24.483],[141.361,-24.629],[141.239,-24.725],[141.242,-24.686],[140.839,-24.669],[140.837,-24.692],[140.883,-24.695],[140.874,-24.842],[140.813,-24.838],[140.802,-24.986],[140.879,-24.993],[140.859,-25.222],[140.699,-25.205],[140.676,-25.464],[140.774,-25.473],[140.824,-25.525],[140.88,-25.466],[140.914,-25.527],[140.897,-25.681],[140.938,-25.716],[140.91,-25.996],[140.999,-25.996],[140.999,-26.762],[141.123,-26.775],[141.134,-26.696],[141.214,-26.704],[141.219,-26.663],[141.543,-26.677],[141.584,-26.722],[141.826,-26.747],[141.812,-26.629],[141.711,-26.452],[141.719,-26.351],[142.075,-26.385],[142.161,-26.196],[142.143,-26.092],[142.173,-25.855],[142.239,-25.789],[142.442,-25.725],[142.571,-25.607],[142.903,-25.669],[142.885,-25.814],[142.972,-25.822],[142.984,-25.718],[143.199,-25.737],[143.21,-25.625],[143.448,-25.652],[143.454,-25.598],[143.418,-25.595],[143.437,-25.374],[143.593,-25.282],[143.752,-25.379],[143.804,-25.486],[143.922,-25.494],[144.001,-25.583],[144.039,-25.579],[144.114,-25.502],[144.232,-25.231],[144.196,-25.165],[144.253,-25.117],[144.182,-25.037],[144.15,-25.06],[143.966,-24.845],[143.895,-24.803],[143.664,-25.017],[143.61,-24.953],[143.559,-25.012],[143.428,-24.872],[143.515,-24.778],[143.606,-24.732],[143.535,-24.642],[143.72,-24.508],[143.757,-24.547],[143.77,-24.446],[143.694,-24.44],[143.744,-24.186],[143.63,-24.176],[143.637,-24.118],[143.463,-24.101],[143.459,-24.13],[143.375,-24.12],[143.347,-24.226],[143.298,-24.278],[143.1,-24.268],[143.104,-24.138],[143.04,-24.134],[143.069,-23.879],[142.934,-23.867],[142.95,-23.708],[142.455,-23.666],[142.457,-23.617],[142.395,-23.614],[142.397,-23.586],[142.16,-23.571],[142.1,-24.095],[142.024,-24.168],[141.919,-24.057],[141.806,-24.155],[141.965,-24.311],[141.864,-24.403],[141.971,-24.52],[141.781,-24.624]]]},"properties":{"lga_name":"Barcoo","lga_code":"30450"}},{"type":"Feature","geometry":{"type":"Polygon","coordinates":[[[144.657,-24.622],[144.687,-24.636],[144.682,-24.679],[144.717,-24.682],[144.698,-24.831],[144.804,-24.84],[144.796,-24.913],[144.861,-24.919],[144.847,-24.99],[144.899,-25.038],[144.996,-25.008],[144.969,-25.186],[144.869,-25.258],[145.061,-25.276],[145.053,-25.333],[145.284,-25.358],[145.25,-25.479],[145.326,-25.446],[145.407,-25.495],[145.55,-25.51],[145.538,-25.604],[145.503,-25.617],[145.493,-25.746],[145.584,-25.755],[145.674,-25.609],[145.749,-25.616],[145.746,-25.692],[145.964,-25.711],[145.939,-25.488],[145.977,-25.488],[145.971,-25.569],[146.172,-25.588],[146.216,-25.274],[146.51,-25.335],[146.496,-25.304],[146.566,-25.308],[146.575,-25.174],[146.758,-25.188],[146.737,-25.358],[146.879,-25.221],[146.938,-25.21],[146.946,-25.148],[147.001,-25.153],[147.007,-25.075],[147.093,-25.069],[147.064,-24.991],[147.097,-25.002],[147.135,-24.958],[147.167,-24.989],[147.238,-24.986],[147.296,-24.896],[147.137,-24.883],[147.139,-24.849],[147.089,-24.846],[147.092,-24.814],[146.903,-24.805],[146.882,-24.762],[146.942,-24.704],[146.887,-24.597],[146.861,-24.587],[146.758,-24.663],[146.667,-24.591],[146.621,-24.458],[146.551,-24.439],[146.513,-24.384],[146.388,-24.313],[146.393,-24.255],[146.257,-24.242],[146.259,-24.154],[146.132,-24.142],[146.129,-24.162],[146.142,-23.973],[146.057,-23.965],[146.007,-24.014],[145.945,-24.007],[145.955,-23.827],[145.772,-23.812],[145.757,-23.94],[145.707,-23.935],[145.699,-24.007],[145.611,-24.015],[145.628,-24.153],[145.012,-24.138],[144.968,-24.072],[144.841,-24.032],[144.803,-24.067],[144.789,-24.22],[144.701,-24.21],[144.657,-24.622]]]},"properties":{"lga_name":"Blackall Tambo","lga_code":"30760"}},{"type":"Feature","geometry":{"type":"Polygon","coordinates":[[[137.998,-22.768],[137.999,-23.521],[138.464,-23.555],[138.592,-23.463],[138.669,-23.54],[138.826,-23.546],[139.076,-23.307],[139.123,-23.352],[139.175,-23.31],[139.339,-23.474],[139.295,-23.51],[139.476,-23.521],[139.464,-23.671],[139.893,-23.694],[139.863,-23.63],[139.936,-23.577],[139.938,-23.487],[140.356,-23.526],[140.342,-23.418],[140.413,-23.346],[140.663,-23.157],[140.76,-23.223],[140.947,-23.068],[140.925,-23.044],[141.046,-22.948],[140.986,-22.894],[141.122,-22.804],[141.091,-22.618],[141.146,-22.633],[141.199,-22.598],[141.08,-22.466],[141.253,-22.321],[141.183,-22.25],[140.925,-22.235],[140.929,-22.182],[140.848,-22.161],[140.707,-22.335],[140.531,-22.135],[140.37,-22.29],[140.367,-22.374],[140.041,-22.327],[140.062,-22.255],[139.885,-22.243],[139.842,-22.171],[139.758,-22.163],[139.75,-22.229],[139.628,-22.221],[139.623,-22.291],[139.49,-22.282],[139.493,-22.242],[139.389,-22.234],[139.495,-22.145],[139.318,-21.986],[139.353,-21.958],[139.268,-21.872],[139.323,-21.726],[139.233,-21.633],[139.237,-21.502],[139.374,-21.394],[139.377,-21.272],[139.536,-21.276],[139.553,-20.901],[139.396,-20.893],[139.397,-20.968],[139.129,-20.96],[139.041,-20.865],[138.685,-21.147],[138.53,-21.315],[138.49,-21.313],[138.364,-21.177],[138.42,-21.129],[138.316,-21.021],[138.342,-20.998],[138.178,-20.998],[138.16,-21.204],[137.997,-21.194],[137.998,-22.768]]]},"properties":{"lga_name":"Boulia","lga_code":"30900"}},{"type":"Feature","geometry":{"type":"MultiPolygon","coordinates":[[[[153.036,-27.295],[152.997,-27.302],[152.976,-27.401],[152.897,-27.417],[152.775,-27.402],[152.749,-27.319],[152.684,-27.349],[152.686,-27.373],[152.724,-27.354],[152.747,-27.407],[152.742,-27.566],[152.842,-27.531],[152.857,-27.597],[152.906,-27.601],[152.904,-27.544],[152.973,-27.543],[152.968,-27.507],[153.009,-27.521],[152.995,-27.486],[153.053,-27.472],[153.048,-27.442],[153.141,-27.418],[153.156,-27.363],[153.083,-27.334],[153.066,-27.281],[153.036,-27.295]]],[[[153.232,-27.421],[153.226,-27.42],[153.235,-27.431],[153.232,-27.421]]],[[[153.235,-27.338],[153.271,-27.338],[153.248,-27.321],[153.235,-27.338]]],[[[153.397,-27.344],[153.408,-27.346],[153.405,-27.327],[153.397,-27.344]]],[[[153.222,-27.39],[153.238,-27.402],[153.239,-27.373],[153.222,-27.39]]],[[[153.189,-27.401],[153.184,-27.393],[153.178,-27.397],[153.189,-27.401]]],[[[153.368,-27.155],[153.428,-27.364],[153.42,-27.204],[153.468,-27.028],[153.362,-27.06],[153.368,-27.155]]],[[[153.041,-27.476],[152.997,-27.485],[153.023,-27.498],[153.009,-27.523],[152.97,-27.508],[152.974,-27.545],[152.904,-27.545],[152.902,-27.604],[153.038,-27.66],[153.095,-27.645],[153.106,-27.593],[153.178,-27.606],[153.172,-27.536],[153.201,-27.513],[153.165,-27.398],[153.202,-27.353],[153.041,-27.476]]]]},"properties":{"lga_name":"Brisbane","lga_code":"31000"}},{"type":"Feature","geometry":{"type":"Polygon","coordinates":[[[140.999,-28.069],[140.999,-28.999],[144.48,-28.999],[144.463,-28.948],[144.581,-28.91],[144.623,-28.821],[144.691,-28.791],[144.612,-28.74],[144.641,-28.723],[144.669,-28.581],[144.596,-28.567],[144.644,-28.355],[144.563,-28.347],[144.574,-28.269],[144.819,-28.29],[144.83,-28.217],[144.775,-28.211],[144.78,-28.174],[144.635,-28.16],[144.649,-28.056],[144.592,-28.05],[144.601,-27.974],[144.292,-27.926],[144.322,-27.652],[143.968,-27.627],[143.836,-27.456],[143.719,-27.369],[143.72,-27.398],[143.58,-27.38],[143.587,-27.323],[143.515,-27.316],[143.517,-27.295],[142.866,-27.234],[142.888,-27.117],[142.422,-26.79],[141.584,-26.722],[141.543,-26.677],[141.396,-26.662],[141.219,-26.663],[141.214,-26.704],[141.134,-26.696],[141.123,-26.775],[140.999,-26.762],[140.999,-28.069]]]},"properties":{"lga_name":"Bulloo","lga_code":"31750"}},{"type":"Feature","geometry":{"type":"MultiPolygon","coordinates":[[[[152.363,-24.732],[152.274,-24.712],[152.148,-24.627],[152.06,-24.518],[152.011,-24.514],[151.959,-24.587],[151.989,-24.591],[151.958,-24.616],[151.996,-24.644],[151.991,-24.681],[151.961,-24.676],[151.843,-24.792],[151.789,-24.741],[151.751,-24.736],[151.745,-24.772],[151.677,-24.695],[151.639,-24.73],[151.531,-24.696],[151.515,-24.67],[151.542,-24.617],[151.478,-24.536],[151.342,-24.649],[151.348,-24.729],[151.429,-24.703],[151.453,-24.775],[151.419,-24.778],[151.434,-24.836],[151.546,-24.833],[151.576,-24.884],[151.572,-24.932],[151.524,-24.961],[151.565,-25.05],[151.544,-25.096],[151.65,-25.116],[151.653,-25.092],[151.743,-25.074],[151.824,-25.187],[151.856,-25.144],[151.902,-25.141],[151.931,-25.175],[151.861,-25.302],[151.881,-25.36],[151.965,-25.281],[152.026,-25.273],[152.077,-25.321],[152.167,-25.336],[152.182,-25.38],[152.274,-25.431],[152.406,-25.335],[152.466,-25.216],[152.518,-25.221],[152.555,-25.172],[152.633,-25.155],[152.546,-25.074],[152.508,-25.078],[152.551,-25.074],[152.486,-24.971],[152.479,-24.841],[152.413,-24.758],[152.381,-24.797],[152.397,-24.75],[152.363,-24.732]]],[[[152.494,-24.928],[152.491,-24.926],[152.496,-24.932],[152.494,-24.928]]]]},"properties":{"lga_name":"Bundaberg","lga_code":"31820"}},{"type":"Feature","geometry":{"type":"MultiPolygon","coordinates":[[[[147.009,-19.59],[147.02,-19.716],[146.93,-19.783],[146.916,-19.898],[146.881,-19.898],[146.932,-19.972],[146.885,-20.036],[147.015,-20.142],[147.003,-20.195],[147.047,-20.17],[147.104,-20.203],[147.111,-20.265],[147.175,-20.309],[147.195,-20.372],[147.348,-20.397],[147.3,-20.318],[147.273,-20.028],[147.302,-20.015],[147.386,-20.087],[147.467,-20.096],[147.491,-19.871],[147.54,-19.813],[147.663,-19.811],[147.587,-19.725],[147.615,-19.673],[147.44,-19.344],[147.387,-19.302],[147.446,-19.365],[147.441,-19.421],[147.304,-19.408],[147.247,-19.432],[147.136,-19.407],[147.106,-19.447],[147.034,-19.407],[147.009,-19.59]]],[[[147.369,-19.351],[147.371,-19.349],[147.374,-19.34],[147.369,-19.351]]]]},"properties":{"lga_name":"Burdekin","lga_code":"31900"}},{"type":"Feature","geometry":{"type":"Polygon","coordinates":[[[137.995,-17.998],[137.996,-18.178],[138.238,-18.195],[138.193,-18.777],[138.475,-18.825],[138.529,-18.882],[138.604,-18.817],[138.686,-18.841],[138.734,-18.751],[138.703,-18.734],[138.768,-18.673],[138.916,-18.83],[138.987,-18.77],[139.077,-18.867],[138.985,-18.904],[139.049,-18.965],[139.157,-18.875],[139.224,-18.915],[139.158,-19.041],[139.209,-19.084],[139.205,-19.139],[139.551,-19.167],[139.514,-19.438],[139.785,-19.46],[139.777,-19.578],[139.885,-19.585],[139.887,-19.554],[140.066,-19.567],[140.042,-19.368],[140.004,-19.328],[140.016,-19.272],[139.93,-19.138],[139.937,-19.042],[139.825,-18.933],[139.763,-18.76],[139.784,-18.716],[139.762,-18.692],[139.867,-18.495],[139.894,-18.196],[139.815,-18.058],[139.815,-17.979],[139.774,-17.952],[139.817,-17.934],[139.751,-17.912],[139.773,-17.868],[139.752,-17.804],[139.799,-17.722],[139.779,-17.694],[139.817,-17.698],[139.775,-17.646],[139.819,-17.624],[139.794,-17.579],[139.647,-17.538],[139.477,-17.401],[139.436,-17.423],[139.45,-17.394],[139.417,-17.375],[139.306,-17.365],[139.238,-17.32],[139.16,-17.181],[139.152,-17.024],[139.086,-17.011],[139.08,-17.091],[138.87,-16.939],[138.875,-16.875],[138.629,-16.768],[138.48,-16.784],[138.324,-16.75],[138.118,-16.649],[137.995,-16.538],[137.995,-17.998]],[[138.878,-18.019],[138.83,-17.945],[138.577,-17.883],[138.601,-17.469],[138.738,-17.471],[138.903,-17.526],[138.878,-18.019]]]},"properties":{"lga_name":"Burke","lga_code":"31950"}},{"type":"Feature","geometry":{"type":"MultiPolygon","coordinates":[[[[145.774,-17.242],[145.835,-17.497],[145.904,-17.476],[145.929,-17.504],[145.955,-17.445],[146.032,-17.452],[146.073,-17.403],[146.011,-17.329],[145.965,-17.17],[145.925,-17.165],[145.863,-17.057],[145.853,-16.874],[145.779,-16.94],[145.775,-16.87],[145.629,-16.705],[145.674,-16.894],[145.616,-17.068],[145.721,-17.232],[145.774,-17.242]]],[[[145.695,-16.732],[145.696,-16.731],[145.695,-16.731],[145.695,-16.732]]],[[[145.679,-16.728],[145.688,-16.726],[145.686,-16.722],[145.679,-16.728]]],[[[146.017,-17.156],[146.005,-17.154],[146.012,-17.165],[146.017,-17.156]]],[[[146.006,-16.922],[146.007,-16.924],[146.008,-16.922],[146.006,-16.922]]],[[[145.973,-16.76],[145.977,-16.76],[145.971,-16.759],[145.973,-16.76]]],[[[146.005,-16.925],[145.991,-16.925],[145.986,-16.942],[146.005,-16.925]]],[[[146.093,-17.229],[146.096,-17.227],[146.092,-17.224],[146.093,-17.229]]],[[[146.094,-17.223],[146.095,-17.223],[146.094,-17.221],[146.094,-17.223]]],[[[146.077,-17.207],[146.078,-17.204],[146.075,-17.205],[146.077,-17.207]]],[[[146.08,-17.211],[146.079,-17.209],[146.078,-17.208],[146.08,-17.211]]]]},"properties":{"lga_name":"Cairns","lga_code":"32080"}},{"type":"Feature","geometry":{"type":"Polygon","coordinates":[[[140.828,-17.465],[140.5,-17.638],[140.217,-17.709],[140.007,-17.715],[139.936,-17.63],[139.794,-17.579],[139.819,-17.637],[139.775,-17.649],[139.817,-17.698],[139.779,-17.694],[139.799,-17.722],[139.752,-17.804],[139.773,-17.868],[139.751,-17.912],[139.817,-17.934],[139.774,-17.952],[139.815,-17.979],[139.815,-18.058],[139.894,-18.196],[139.867,-18.497],[139.762,-18.694],[139.826,-18.934],[139.889,-18.968],[139.912,-19.026],[140.306,-19.045],[140.303,-19.088],[140.511,-19.102],[140.515,-19.048],[140.633,-19.057],[140.67,-19.098],[140.711,-19.067],[140.817,-19.187],[140.907,-19.117],[141.106,-19.148],[141.096,-19.199],[141.418,-19.243],[141.412,-19.314],[141.61,-19.331],[141.642,-19.307],[141.692,-19.357],[141.753,-19.305],[141.81,-19.369],[141.908,-19.372],[141.905,-19.411],[142.036,-19.422],[142.034,-19.443],[142.16,-19.455],[142.168,-19.383],[142.374,-19.4],[142.401,-19.123],[142.159,-19.142],[142.177,-18.972],[141.941,-18.978],[141.931,-19.09],[141.772,-19.078],[141.762,-19.192],[141.617,-19.145],[141.636,-18.967],[141.668,-18.97],[141.692,-18.714],[141.364,-18.681],[141.37,-18.625],[141.299,-18.611],[141.302,-18.428],[141.223,-18.33],[141.181,-18.213],[141.138,-18.189],[141.132,-18.123],[141.192,-18.119],[141.2,-18.015],[141.395,-18.057],[141.393,-17.935],[141.466,-17.939],[141.468,-17.91],[141.304,-17.899],[141.317,-17.737],[141.433,-17.749],[141.438,-17.68],[141.378,-17.677],[141.422,-17.444],[141.729,-17.433],[141.726,-17.47],[141.837,-17.482],[141.785,-17.422],[141.898,-17.331],[142.012,-17.471],[142.058,-17.434],[142.178,-17.566],[142.267,-17.492],[142.175,-17.432],[142.341,-17.286],[142.402,-17.355],[142.541,-17.176],[142.421,-17.087],[142.508,-16.972],[142.596,-16.191],[142.637,-16.132],[142.699,-16.173],[142.742,-16.112],[142.622,-16.017],[142.631,-15.955],[142.696,-15.897],[142.705,-15.75],[142.77,-15.755],[142.78,-15.613],[142.881,-15.621],[142.893,-15.478],[142.95,-15.482],[142.961,-15.341],[142.664,-15.314],[142.65,-15.461],[142.24,-15.423],[142.093,-15.19],[142.025,-15.379],[141.967,-15.356],[141.94,-15.391],[141.995,-15.453],[141.973,-15.569],[141.584,-15.519],[141.556,-15.538],[141.549,-15.511],[141.493,-15.516],[141.493,-15.488],[141.435,-15.658],[141.409,-15.871],[141.373,-15.917],[141.433,-16.075],[141.286,-16.408],[141.296,-16.496],[141.204,-16.692],[141.082,-16.803],[141.065,-16.87],[140.958,-16.998],[140.901,-17.349],[140.828,-17.465]]]},"properties":{"lga_name":"Carpentaria","lga_code":"32250"}},{"type":"Feature","geometry":{"type":"MultiPolygon","coordinates":[[[[145.858,-17.505],[145.716,-17.497],[145.741,-17.546],[145.707,-17.557],[145.695,-17.661],[145.641,-17.657],[145.652,-17.727],[145.577,-17.741],[145.573,-17.783],[145.655,-17.816],[145.684,-17.898],[145.623,-18.008],[145.653,-18.029],[145.642,-18.081],[145.705,-18.101],[145.685,-18.168],[145.752,-18.157],[145.807,-18.246],[145.81,-18.305],[145.718,-18.357],[145.79,-18.403],[145.809,-18.378],[145.826,-18.407],[145.88,-18.407],[145.947,-18.364],[145.962,-18.394],[146.085,-18.401],[146.12,-18.507],[146.187,-18.533],[146.23,-18.49],[146.019,-18.253],[146.008,-18.179],[146.041,-18.044],[146.101,-17.977],[146.12,-17.856],[146.091,-17.799],[146.149,-17.649],[146.068,-17.51],[146.028,-17.55],[146.033,-17.512],[146.077,-17.505],[146.073,-17.403],[146.032,-17.452],[145.955,-17.445],[145.93,-17.503],[145.904,-17.476],[145.858,-17.505]]],[[[146.304,-18.159],[146.307,-18.157],[146.302,-18.156],[146.304,-18.159]]],[[[146.136,-17.925],[146.136,-17.924],[146.135,-17.925],[146.136,-17.925]]],[[[146.153,-17.78],[146.154,-17.78],[146.154,-17.777],[146.153,-17.78]]],[[[146.157,-17.739],[146.164,-17.738],[146.158,-17.737],[146.157,-17.739]]],[[[146.178,-17.677],[146.182,-17.675],[146.177,-17.675],[146.178,-17.677]]],[[[146.289,-18.148],[146.289,-18.15],[146.294,-18.151],[146.289,-18.148]]],[[[146.209,-18.461],[146.19,-18.471],[146.206,-18.472],[146.209,-18.461]]],[[[146.218,-18.473],[146.219,-18.472],[146.218,-18.471],[146.218,-18.473]]],[[[146.278,-18.14],[146.287,-18.143],[146.282,-18.135],[146.278,-18.14]]],[[[146.288,-18.148],[146.287,-18.146],[146.287,-18.147],[146.288,-18.148]]],[[[146.173,-18.039],[146.182,-18.041],[146.177,-18.036],[146.173,-18.039]]],[[[146.202,-18.052],[146.205,-18.051],[146.199,-18.046],[146.202,-18.052]]],[[[146.198,-18.037],[146.202,-18.039],[146.203,-18.037],[146.198,-18.037]]],[[[146.197,-18.042],[146.199,-18.044],[146.199,-18.041],[146.197,-18.042]]],[[[146.159,-17.746],[146.161,-17.745],[146.16,-17.745],[146.159,-17.746]]],[[[146.174,-17.674],[146.175,-17.673],[146.173,-17.672],[146.174,-17.674]]],[[[146.189,-18.438],[146.177,-18.437],[146.171,-18.445],[146.189,-18.438]]],[[[146.176,-18.432],[146.179,-18.419],[146.171,-18.423],[146.176,-18.432]]],[[[146.179,-18.436],[146.187,-18.433],[146.184,-18.427],[146.179,-18.436]]],[[[146.145,-18.182],[146.142,-18.185],[146.144,-18.187],[146.145,-18.182]]],[[[146.157,-18.177],[146.192,-18.167],[146.161,-18.152],[146.157,-18.177]]],[[[146.167,-18.029],[146.17,-18.028],[146.166,-18.023],[146.167,-18.029]]],[[[146.172,-18.368],[146.145,-18.358],[146.179,-18.41],[146.172,-18.368]]],[[[146.183,-18.414],[146.193,-18.429],[146.179,-18.373],[146.183,-18.414]]],[[[146.179,-18.411],[146.168,-18.414],[146.174,-18.42],[146.179,-18.411]]],[[[146.328,-18.357],[146.331,-18.356],[146.328,-18.353],[146.328,-18.357]]],[[[146.15,-18.009],[146.152,-17.997],[146.141,-18.004],[146.15,-18.009]]],[[[146.133,-17.982],[146.138,-17.981],[146.133,-17.98],[146.133,-17.982]]],[[[146.139,-17.956],[146.142,-17.956],[146.142,-17.953],[146.139,-17.956]]],[[[146.158,-17.655],[146.16,-17.657],[146.156,-17.651],[146.158,-17.655]]],[[[146.171,-17.675],[146.167,-17.672],[146.168,-17.674],[146.171,-17.675]]],[[[146.168,-17.668],[146.168,-17.666],[146.168,-17.667],[146.168,-17.668]]],[[[146.247,-18.295],[146.127,-18.235],[146.071,-18.247],[146.191,-18.367],[146.222,-18.477],[146.305,-18.494],[146.358,-18.418],[146.276,-18.318],[146.306,-18.24],[146.251,-18.237],[146.223,-18.194],[146.247,-18.295]]],[[[146.227,-18.278],[146.241,-18.293],[146.238,-18.282],[146.227,-18.278]]],[[[146.326,-18.236],[146.326,-18.235],[146.325,-18.235],[146.326,-18.236]]],[[[146.172,-17.965],[146.152,-17.928],[146.134,-17.935],[146.172,-17.965]]],[[[146.044,-17.527],[146.046,-17.528],[146.048,-17.526],[146.044,-17.527]]]]},"properties":{"lga_name":"Cassowary Coast","lga_code":"32260"}},{"type":"Feature","geometry":{"type":"Polygon","coordinates":[[[144.228,-19.618],[144.147,-19.566],[144.054,-19.571],[144.004,-19.621],[143.852,-19.637],[143.682,-19.597],[143.641,-20.029],[143.61,-20.026],[143.597,-20.145],[143.711,-20.229],[143.74,-20.206],[143.79,-20.263],[143.71,-20.325],[143.786,-20.417],[143.704,-20.482],[143.629,-20.482],[143.515,-20.543],[143.476,-20.606],[143.541,-20.618],[143.499,-20.783],[143.448,-20.778],[143.435,-20.829],[143.338,-20.82],[143.298,-21.147],[143.261,-21.144],[143.237,-21.311],[143.36,-21.322],[143.329,-21.612],[143.649,-21.641],[143.631,-21.797],[144.045,-21.83],[144.039,-21.895],[144.188,-21.908],[144.18,-21.99],[144.263,-21.997],[144.268,-22.048],[144.417,-22.062],[144.398,-22.157],[144.74,-22.212],[144.752,-22.095],[144.796,-22.098],[144.801,-22.045],[144.943,-22.059],[144.956,-21.93],[145.082,-21.943],[145.075,-21.891],[145.153,-21.899],[145.166,-21.785],[145.418,-21.846],[145.435,-21.692],[145.529,-21.702],[145.54,-21.575],[145.453,-21.566],[145.465,-21.461],[145.262,-21.458],[145.29,-21.414],[145.243,-21.277],[145.256,-21.175],[145.221,-21.172],[145.173,-21.062],[145.22,-21.065],[145.227,-20.975],[145.164,-20.97],[145.189,-20.634],[145.097,-20.628],[144.998,-20.492],[144.922,-20.462],[144.909,-20.373],[144.82,-20.332],[144.84,-20.205],[144.772,-20.129],[144.776,-20.067],[144.664,-20.058],[144.622,-19.969],[144.62,-19.992],[144.559,-19.953],[144.431,-19.976],[144.396,-19.935],[144.426,-19.611],[144.285,-19.573],[144.228,-19.618]]]},"properties":{"lga_name":"Flinders (Qld)","lga_code":"33200"}},{"type":"Feature","geometry":{"type":"MultiPolygon","coordinates":[[[[152.81,-25.246],[152.722,-25.27],[152.644,-25.234],[152.615,-25.183],[152.451,-25.228],[152.406,-25.335],[152.273,-25.432],[152.27,-25.522],[152.179,-25.523],[152.112,-25.627],[152.044,-25.615],[152.011,-25.665],[152.014,-25.709],[151.98,-25.733],[152.039,-25.791],[152.044,-25.876],[152.113,-25.857],[152.123,-25.886],[152.331,-25.907],[152.346,-25.863],[152.412,-25.866],[152.655,-25.986],[152.672,-25.938],[152.752,-25.887],[152.715,-25.84],[153.015,-25.867],[152.989,-25.804],[152.937,-25.815],[152.973,-25.762],[152.937,-25.768],[152.92,-25.706],[152.878,-25.684],[152.911,-25.675],[152.862,-25.553],[152.903,-25.542],[152.897,-25.499],[152.956,-25.434],[152.824,-25.494],[152.897,-25.419],[152.924,-25.431],[152.914,-25.293],[152.81,-25.246]]],[[[153.049,-25.326],[152.943,-25.586],[152.964,-25.577],[153.011,-25.762],[153.06,-25.797],[153.089,-25.758],[153.109,-25.555],[153.36,-25.007],[153.268,-24.886],[153.265,-24.697],[153.121,-24.809],[153.225,-24.909],[153.229,-24.981],[153.163,-25.081],[152.994,-25.218],[153.049,-25.24],[153.049,-25.326]]],[[[152.914,-25.526],[152.952,-25.482],[152.909,-25.5],[152.914,-25.526]]],[[[152.984,-25.31],[152.943,-25.273],[152.993,-25.336],[152.984,-25.31]]],[[[152.946,-25.582],[152.949,-25.557],[152.938,-25.563],[152.946,-25.582]]],[[[152.888,-25.582],[152.9,-25.597],[152.899,-25.578],[152.888,-25.582]]],[[[152.955,-25.633],[152.961,-25.616],[152.953,-25.616],[152.955,-25.633]]],[[[152.564,-25.178],[152.587,-25.18],[152.574,-25.173],[152.564,-25.178]]],[[[152.961,-25.491],[152.97,-25.482],[152.966,-25.474],[152.961,-25.491]]],[[[152.937,-25.601],[152.931,-25.586],[152.938,-25.611],[152.937,-25.601]]],[[[152.889,-25.57],[152.904,-25.572],[152.899,-25.56],[152.889,-25.57]]],[[[152.925,-25.59],[152.921,-25.574],[152.924,-25.598],[152.925,-25.59]]],[[[152.953,-25.605],[152.956,-25.613],[152.963,-25.604],[152.953,-25.605]]],[[[152.879,-25.563],[152.874,-25.57],[152.883,-25.575],[152.879,-25.563]]],[[[152.909,-25.549],[152.902,-25.557],[152.907,-25.564],[152.909,-25.549]]],[[[152.885,-25.555],[152.894,-25.558],[152.898,-25.55],[152.885,-25.555]]],[[[152.956,-25.507],[152.953,-25.513],[152.966,-25.501],[152.956,-25.507]]],[[[152.924,-25.612],[152.922,-25.617],[152.929,-25.624],[152.924,-25.612]]],[[[152.941,-25.556],[152.946,-25.56],[152.95,-25.548],[152.941,-25.556]]],[[[152.871,-25.446],[152.873,-25.451],[152.881,-25.447],[152.871,-25.446]]],[[[152.857,-25.487],[152.863,-25.471],[152.858,-25.477],[152.857,-25.487]]],[[[152.921,-25.567],[152.918,-25.557],[152.915,-25.563],[152.921,-25.567]]],[[[152.981,-25.801],[152.977,-25.803],[152.987,-25.802],[152.981,-25.801]]],[[[152.835,-25.49],[152.845,-25.491],[152.848,-25.487],[152.835,-25.49]]],[[[152.886,-25.566],[152.893,-25.56],[152.887,-25.561],[152.886,-25.566]]],[[[152.847,-25.491],[152.855,-25.488],[152.856,-25.483],[152.847,-25.491]]],[[[152.957,-25.539],[152.942,-25.547],[152.956,-25.541],[152.957,-25.539]]],[[[152.874,-25.559],[152.879,-25.56],[152.882,-25.556],[152.874,-25.559]]],[[[152.917,-25.489],[152.923,-25.486],[152.924,-25.482],[152.917,-25.489]]],[[[152.911,-25.602],[152.913,-25.603],[152.914,-25.596],[152.911,-25.602]]],[[[153.017,-25.315],[153.024,-25.324],[153.016,-25.313],[153.017,-25.315]]],[[[152.878,-25.582],[152.879,-25.584],[152.88,-25.576],[152.878,-25.582]]],[[[152.938,-25.561],[152.941,-25.557],[152.94,-25.555],[152.938,-25.561]]],[[[152.88,-25.582],[152.882,-25.576],[152.88,-25.576],[152.88,-25.582]]],[[[152.883,-25.559],[152.879,-25.562],[152.884,-25.561],[152.883,-25.559]]],[[[152.886,-25.587],[152.885,-25.593],[152.887,-25.592],[152.886,-25.587]]],[[[152.913,-25.603],[152.91,-25.602],[152.911,-25.606],[152.913,-25.603]]],[[[152.952,-25.601],[152.955,-25.598],[152.952,-25.598],[152.952,-25.601]]],[[[152.95,-25.561],[152.954,-25.559],[152.95,-25.556],[152.95,-25.561]]],[[[152.881,-25.589],[152.883,-25.592],[152.882,-25.585],[152.881,-25.589]]],[[[152.916,-25.57],[152.917,-25.568],[152.913,-25.568],[152.916,-25.57]]],[[[152.901,-25.549],[152.898,-25.55],[152.899,-25.552],[152.901,-25.549]]],[[[152.884,-25.573],[152.886,-25.573],[152.885,-25.57],[152.884,-25.573]]],[[[152.902,-25.574],[152.899,-25.575],[152.904,-25.574],[152.902,-25.574]]],[[[152.892,-25.598],[152.894,-25.597],[152.891,-25.595],[152.892,-25.598]]],[[[152.937,-25.555],[152.938,-25.557],[152.94,-25.553],[152.937,-25.555]]],[[[152.908,-25.578],[152.907,-25.576],[152.906,-25.579],[152.908,-25.578]]],[[[152.91,-25.422],[152.907,-25.421],[152.91,-25.423],[152.91,-25.422]]],[[[152.916,-25.556],[152.916,-25.557],[152.92,-25.556],[152.916,-25.556]]],[[[152.868,-25.458],[152.87,-25.455],[152.869,-25.454],[152.868,-25.458]]],[[[152.904,-25.561],[152.905,-25.564],[152.906,-25.564],[152.904,-25.561]]],[[[152.906,-25.58],[152.905,-25.583],[152.907,-25.582],[152.906,-25.58]]],[[[152.909,-25.606],[152.908,-25.608],[152.909,-25.609],[152.909,-25.606]]],[[[152.889,-25.579],[152.892,-25.577],[152.89,-25.577],[152.889,-25.579]]],[[[152.883,-25.555],[152.885,-25.552],[152.883,-25.553],[152.883,-25.555]]],[[[152.939,-25.377],[152.942,-25.377],[152.94,-25.376],[152.939,-25.377]]],[[[152.914,-25.493],[152.914,-25.494],[152.917,-25.491],[152.914,-25.493]]],[[[152.889,-25.577],[152.89,-25.575],[152.889,-25.575],[152.889,-25.577]]],[[[153.007,-25.357],[153.005,-25.354],[153.004,-25.353],[153.007,-25.357]]],[[[152.954,-25.51],[152.955,-25.509],[152.955,-25.507],[152.954,-25.51]]],[[[152.942,-25.373],[152.94,-25.375],[152.941,-25.375],[152.942,-25.373]]],[[[152.903,-25.424],[152.905,-25.423],[152.904,-25.422],[152.903,-25.424]]],[[[152.91,-25.606],[152.909,-25.605],[152.911,-25.608],[152.91,-25.606]]],[[[152.952,-25.55],[152.955,-25.547],[152.952,-25.549],[152.952,-25.55]]],[[[152.84,-25.487],[152.843,-25.487],[152.839,-25.486],[152.84,-25.487]]],[[[152.926,-25.288],[152.927,-25.287],[152.926,-25.288],[152.926,-25.288]]],[[[152.863,-25.478],[152.864,-25.476],[152.863,-25.477],[152.863,-25.478]]],[[[152.948,-25.48],[152.95,-25.479],[152.95,-25.479],[152.948,-25.48]]],[[[152.877,-25.593],[152.879,-25.593],[152.879,-25.592],[152.877,-25.593]]],[[[152.948,-25.456],[152.949,-25.456],[152.949,-25.455],[152.948,-25.456]]],[[[152.915,-25.585],[152.916,-25.585],[152.916,-25.584],[152.915,-25.585]]],[[[152.904,-25.542],[152.903,-25.542],[152.904,-25.543],[152.904,-25.542]]],[[[152.898,-25.424],[152.897,-25.424],[152.899,-25.425],[152.898,-25.424]]],[[[152.941,-25.368],[152.942,-25.368],[152.942,-25.367],[152.941,-25.368]]],[[[152.915,-25.487],[152.916,-25.486],[152.916,-25.485],[152.915,-25.487]]],[[[152.907,-25.537],[152.908,-25.537],[152.908,-25.536],[152.907,-25.537]]],[[[152.885,-25.56],[152.885,-25.56],[152.884,-25.559],[152.885,-25.56]]],[[[152.881,-25.594],[152.881,-25.593],[152.88,-25.594],[152.881,-25.594]]],[[[152.904,-25.502],[152.904,-25.502],[152.904,-25.501],[152.904,-25.502]]],[[[152.908,-25.569],[152.908,-25.569],[152.908,-25.569],[152.908,-25.569]]],[[[152.999,-25.347],[153.0,-25.348],[152.999,-25.346],[152.999,-25.347]]],[[[152.908,-25.581],[152.908,-25.58],[152.907,-25.58],[152.908,-25.581]]],[[[152.904,-25.54],[152.904,-25.539],[152.904,-25.54],[152.904,-25.54]]],[[[152.949,-25.452],[152.949,-25.451],[152.949,-25.451],[152.949,-25.452]]],[[[152.886,-25.552],[152.887,-25.552],[152.886,-25.552],[152.886,-25.552]]],[[[152.907,-25.421],[152.907,-25.421],[152.908,-25.42],[152.907,-25.421]]],[[[152.866,-25.552],[152.866,-25.552],[152.865,-25.552],[152.866,-25.552]]],[[[152.878,-25.563],[152.878,-25.562],[152.878,-25.563],[152.878,-25.563]]],[[[152.901,-25.576],[152.902,-25.576],[152.901,-25.576],[152.901,-25.576]]],[[[152.9,-25.576],[152.901,-25.576],[152.9,-25.576],[152.9,-25.576]]],[[[152.909,-25.423],[152.909,-25.423],[152.909,-25.423],[152.909,-25.423]]],[[[152.923,-25.574],[152.923,-25.574],[152.923,-25.574],[152.923,-25.574]]],[[[152.944,-25.455],[152.944,-25.454],[152.944,-25.454],[152.944,-25.455]]],[[[152.922,-25.619],[152.922,-25.618],[152.922,-25.618],[152.922,-25.619]]],[[[152.899,-25.425],[152.899,-25.424],[152.899,-25.424],[152.899,-25.425]]],[[[152.905,-25.539],[152.905,-25.539],[152.905,-25.539],[152.905,-25.539]]],[[[152.903,-25.423],[152.903,-25.423],[152.903,-25.423],[152.903,-25.423]]],[[[152.936,-25.744],[152.937,-25.744],[152.936,-25.744],[152.936,-25.744]]]]},"properties":{"lga_name":"Fraser Coast","lga_code":"33220"}},{"type":"Feature","geometry":{"type":"MultiPolygon","coordinates":[[[[151.471,-24.537],[151.542,-24.617],[151.515,-24.67],[151.531,-24.696],[151.639,-24.73],[151.677,-24.695],[151.745,-24.772],[151.751,-24.736],[151.789,-24.741],[151.843,-24.792],[151.961,-24.676],[151.991,-24.681],[151.996,-24.644],[151.958,-24.616],[151.989,-24.591],[151.959,-24.587],[151.999,-24.516],[152.058,-24.512],[151.886,-24.149],[151.849,-24.218],[151.876,-24.172],[151.771,-24.13],[151.765,-24.015],[151.738,-24.003],[151.716,-24.087],[151.705,-24.04],[151.73,-24.022],[151.611,-23.979],[151.604,-24.009],[151.638,-23.997],[151.638,-24.033],[151.677,-24.05],[151.682,-24.104],[151.574,-24.036],[151.555,-24.07],[151.58,-24.087],[151.56,-24.074],[151.545,-24.113],[151.501,-24.045],[151.544,-24.029],[151.441,-23.992],[151.494,-24.067],[151.466,-24.072],[151.443,-24.026],[151.44,-24.077],[151.427,-23.988],[151.355,-23.936],[151.323,-23.855],[151.173,-23.816],[151.151,-23.728],[151.11,-23.704],[151.135,-23.698],[151.122,-23.671],[151.046,-23.628],[151.027,-23.572],[150.975,-23.555],[150.968,-23.605],[150.93,-23.623],[150.957,-23.55],[150.868,-23.577],[150.859,-23.616],[150.825,-23.614],[150.834,-23.672],[150.799,-23.677],[150.818,-23.703],[150.769,-23.759],[150.718,-23.758],[150.646,-23.839],[150.598,-23.844],[150.702,-23.988],[150.723,-24.137],[150.814,-24.18],[150.77,-24.354],[150.862,-24.354],[150.862,-24.41],[150.938,-24.402],[150.979,-24.471],[150.993,-24.41],[151.03,-24.392],[151.114,-24.475],[151.153,-24.461],[151.157,-24.547],[151.229,-24.528],[151.23,-24.628],[151.195,-24.643],[151.254,-24.666],[151.407,-24.615],[151.471,-24.537]]],[[[151.05,-23.431],[151.05,-23.426],[151.049,-23.427],[151.05,-23.431]]],[[[151.155,-23.405],[151.163,-23.397],[151.145,-23.398],[151.155,-23.405]]],[[[151.277,-23.534],[151.278,-23.532],[151.276,-23.533],[151.277,-23.534]]],[[[151.272,-23.537],[151.272,-23.535],[151.27,-23.535],[151.272,-23.537]]],[[[151.186,-23.497],[151.174,-23.498],[151.207,-23.505],[151.186,-23.497]]],[[[151.099,-23.483],[151.103,-23.482],[151.1,-23.481],[151.099,-23.483]]],[[[151.104,-23.481],[151.099,-23.477],[151.101,-23.479],[151.104,-23.481]]],[[[151.317,-23.765],[151.319,-23.765],[151.318,-23.764],[151.317,-23.765]]],[[[151.273,-23.763],[151.285,-23.797],[151.315,-23.759],[151.226,-23.609],[151.235,-23.484],[151.183,-23.541],[151.202,-23.512],[151.073,-23.488],[151.057,-23.448],[150.978,-23.488],[151.048,-23.623],[151.13,-23.669],[151.2,-23.783],[151.245,-23.794],[151.254,-23.755],[151.273,-23.763]]],[[[151.256,-23.787],[151.262,-23.792],[151.259,-23.78],[151.256,-23.787]]],[[[151.255,-23.809],[151.257,-23.807],[151.255,-23.803],[151.255,-23.809]]],[[[151.263,-23.798],[151.265,-23.802],[151.264,-23.796],[151.263,-23.798]]],[[[151.227,-23.802],[151.23,-23.802],[151.229,-23.799],[151.227,-23.802]]],[[[151.245,-23.813],[151.247,-23.812],[151.245,-23.808],[151.245,-23.813]]],[[[151.242,-23.804],[151.243,-23.804],[151.241,-23.802],[151.242,-23.804]]],[[[151.227,-23.814],[151.226,-23.813],[151.225,-23.813],[151.227,-23.814]],[[151.284,-23.805],[151.286,-23.819],[151.282,-23.801],[151.284,-23.805]]],[[[151.336,-23.83],[151.338,-23.836],[151.342,-23.826],[151.336,-23.83]]],[[[151.216,-23.819],[151.219,-23.821],[151.223,-23.818],[151.216,-23.819]]],[[[151.364,-23.859],[151.394,-23.865],[151.333,-23.754],[151.364,-23.859]]],[[[151.336,-23.839],[151.339,-23.84],[151.337,-23.838],[151.336,-23.839]]],[[[151.382,-23.878],[151.382,-23.878],[151.383,-23.877],[151.382,-23.878]]],[[[152.3,-23.801],[152.302,-23.801],[152.3,-23.8],[152.3,-23.801]]],[[[151.726,-23.537],[151.72,-23.538],[151.732,-23.539],[151.726,-23.537]]],[[[152.091,-23.508],[152.092,-23.506],[152.09,-23.506],[152.091,-23.508]]],[[[151.771,-23.503],[151.773,-23.502],[151.77,-23.502],[151.771,-23.503]]],[[[151.916,-23.441],[151.91,-23.442],[151.919,-23.443],[151.916,-23.441]]],[[[151.956,-23.334],[151.958,-23.333],[151.96,-23.331],[151.956,-23.334]]],[[[151.915,-23.306],[151.917,-23.304],[151.915,-23.304],[151.915,-23.306]]],[[[151.707,-23.301],[151.717,-23.295],[151.701,-23.295],[151.707,-23.301]]],[[[151.775,-23.249],[151.783,-23.246],[151.78,-23.245],[151.775,-23.249]]],[[[152.713,-24.118],[152.718,-24.116],[152.717,-24.109],[152.713,-24.118]]],[[[152.39,-23.909],[152.394,-23.909],[152.395,-23.905],[152.39,-23.909]]],[[[152.366,-23.864],[152.367,-23.863],[152.366,-23.862],[152.366,-23.864]]],[[[152.373,-23.857],[152.381,-23.853],[152.379,-23.852],[152.373,-23.857]]],[[[152.287,-23.807],[152.289,-23.809],[152.293,-23.805],[152.287,-23.807]]],[[[152.368,-23.858],[152.369,-23.858],[152.368,-23.856],[152.368,-23.858]]],[[[151.537,-24.083],[151.548,-24.078],[151.542,-24.075],[151.537,-24.083]]],[[[151.652,-24.047],[151.664,-24.048],[151.661,-24.043],[151.652,-24.047]]],[[[151.656,-24.043],[151.653,-24.036],[151.644,-24.037],[151.656,-24.043]]],[[[151.634,-24.025],[151.635,-24.023],[151.624,-24.022],[151.634,-24.025]]],[[[151.663,-24.052],[151.666,-24.051],[151.665,-24.05],[151.663,-24.052]]],[[[151.728,-24.045],[151.725,-24.046],[151.723,-24.049],[151.728,-24.045]]],[[[151.674,-24.054],[151.673,-24.055],[151.677,-24.056],[151.674,-24.054]]],[[[151.728,-24.062],[151.729,-24.061],[151.727,-24.06],[151.728,-24.062]]],[[[151.626,-24.017],[151.626,-24.014],[151.625,-24.016],[151.626,-24.017]]],[[[151.737,-24.034],[151.737,-24.032],[151.736,-24.033],[151.737,-24.034]]],[[[151.67,-24.055],[151.67,-24.053],[151.669,-24.054],[151.67,-24.055]]],[[[151.733,-24.018],[151.733,-24.017],[151.732,-24.017],[151.733,-24.018]]],[[[151.871,-24.168],[151.876,-24.168],[151.88,-24.163],[151.871,-24.168]]],[[[151.469,-24.063],[151.471,-24.063],[151.47,-24.061],[151.469,-24.063]]],[[[151.47,-24.066],[151.468,-24.065],[151.468,-24.067],[151.47,-24.066]]],[[[151.461,-24.058],[151.459,-24.057],[151.458,-24.059],[151.461,-24.058]]],[[[151.461,-24.062],[151.461,-24.06],[151.46,-24.06],[151.461,-24.062]]],[[[151.434,-24.052],[151.435,-24.036],[151.427,-24.044],[151.434,-24.052]],[[151.47,-24.045],[151.475,-24.054],[151.464,-24.037],[151.47,-24.045]]],[[[151.457,-24.05],[151.461,-24.056],[151.46,-24.039],[151.457,-24.05]]],[[[151.43,-24.051],[151.433,-24.053],[151.431,-24.051],[151.43,-24.051]]]]},"properties":{"lga_name":"Gladstone","lga_code":"33360"}},{"type":"Feature","geometry":{"type":"MultiPolygon","coordinates":[[[[153.489,-28.132],[153.444,-28.065],[153.434,-27.935],[153.415,-27.999],[153.401,-27.872],[153.343,-27.91],[153.381,-27.889],[153.366,-27.851],[153.402,-27.864],[153.35,-27.8],[153.427,-27.779],[153.439,-27.736],[153.348,-27.695],[153.234,-27.694],[153.169,-27.801],[153.181,-27.895],[153.215,-27.903],[153.225,-27.956],[153.201,-27.982],[153.239,-28.011],[153.184,-28.193],[153.207,-28.253],[153.357,-28.249],[153.477,-28.157],[153.552,-28.164],[153.489,-28.132]]],[[[153.44,-27.74],[153.449,-27.738],[153.445,-27.734],[153.44,-27.74]]],[[[153.305,-27.714],[153.31,-27.713],[153.302,-27.712],[153.305,-27.714]]],[[[153.319,-27.708],[153.311,-27.71],[153.317,-27.709],[153.319,-27.708]]],[[[153.415,-27.866],[153.416,-27.868],[153.416,-27.867],[153.415,-27.866]]],[[[153.415,-27.899],[153.415,-27.899],[153.414,-27.9],[153.415,-27.899]]],[[[153.413,-27.813],[153.419,-27.811],[153.418,-27.807],[153.413,-27.813]]],[[[153.421,-27.808],[153.422,-27.804],[153.42,-27.806],[153.421,-27.808]]],[[[153.414,-27.803],[153.414,-27.802],[153.414,-27.802],[153.414,-27.803]]],[[[153.417,-27.88],[153.422,-27.879],[153.416,-27.869],[153.417,-27.88]]],[[[153.416,-27.792],[153.416,-27.795],[153.425,-27.784],[153.416,-27.792]]],[[[153.414,-27.81],[153.422,-27.794],[153.414,-27.804],[153.414,-27.81]]],[[[153.438,-27.769],[153.436,-27.769],[153.434,-27.771],[153.438,-27.769]]],[[[153.429,-27.781],[153.43,-27.782],[153.431,-27.781],[153.429,-27.781]]],[[[153.415,-27.797],[153.416,-27.798],[153.417,-27.797],[153.415,-27.797]]],[[[153.415,-27.801],[153.416,-27.798],[153.415,-27.798],[153.415,-27.801]]],[[[153.436,-27.772],[153.437,-27.771],[153.436,-27.772],[153.436,-27.772]]],[[[153.416,-27.786],[153.416,-27.786],[153.416,-27.786],[153.416,-27.786]]],[[[153.405,-27.867],[153.401,-27.882],[153.411,-27.872],[153.405,-27.867]]],[[[153.396,-27.833],[153.382,-27.836],[153.396,-27.84],[153.396,-27.833]]],[[[153.418,-27.935],[153.412,-27.931],[153.416,-27.94],[153.418,-27.935]]],[[[153.413,-27.905],[153.41,-27.899],[153.413,-27.908],[153.413,-27.905]]],[[[153.401,-27.888],[153.404,-27.887],[153.401,-27.884],[153.401,-27.888]]],[[[153.4,-27.858],[153.403,-27.863],[153.402,-27.859],[153.4,-27.858]]],[[[153.41,-27.85],[153.408,-27.848],[153.409,-27.851],[153.41,-27.85]]],[[[153.407,-27.851],[153.408,-27.85],[153.407,-27.848],[153.407,-27.851]]],[[[153.411,-27.9],[153.412,-27.9],[153.411,-27.899],[153.411,-27.9]]],[[[153.403,-27.865],[153.403,-27.864],[153.403,-27.864],[153.403,-27.865]]],[[[153.396,-27.831],[153.397,-27.831],[153.396,-27.831],[153.396,-27.831]]],[[[153.419,-27.883],[153.43,-27.934],[153.44,-27.751],[153.407,-27.834],[153.419,-27.883]]],[[[153.386,-27.786],[153.384,-27.82],[153.412,-27.791],[153.386,-27.786]]],[[[153.388,-27.821],[153.382,-27.823],[153.397,-27.829],[153.388,-27.821]]],[[[153.399,-27.819],[153.402,-27.821],[153.408,-27.81],[153.399,-27.819]]],[[[153.373,-27.802],[153.373,-27.807],[153.381,-27.802],[153.373,-27.802]]],[[[153.383,-27.831],[153.392,-27.832],[153.387,-27.829],[153.383,-27.831]]],[[[153.356,-27.799],[153.361,-27.8],[153.363,-27.798],[153.356,-27.799]]],[[[153.384,-27.8],[153.387,-27.799],[153.384,-27.796],[153.384,-27.8]]],[[[153.402,-27.828],[153.404,-27.827],[153.402,-27.825],[153.402,-27.828]]],[[[153.393,-27.829],[153.392,-27.83],[153.393,-27.831],[153.393,-27.829]]],[[[153.401,-27.829],[153.399,-27.827],[153.399,-27.828],[153.401,-27.829]]],[[[153.404,-27.821],[153.405,-27.82],[153.404,-27.819],[153.404,-27.821]]],[[[153.4,-27.824],[153.401,-27.825],[153.4,-27.824],[153.4,-27.824]]],[[[153.4,-27.823],[153.402,-27.823],[153.4,-27.822],[153.4,-27.823]]],[[[153.385,-27.825],[153.384,-27.825],[153.385,-27.826],[153.385,-27.825]]],[[[153.409,-27.812],[153.41,-27.811],[153.41,-27.81],[153.409,-27.812]]],[[[153.402,-27.829],[153.403,-27.829],[153.402,-27.829],[153.402,-27.829]]]]},"properties":{"lga_name":"Gold Coast","lga_code":"33430"}},{"type":"Feature","geometry":{"type":"Polygon","coordinates":[[[149.588,-28.574],[149.704,-28.634],[149.721,-28.609],[149.977,-28.614],[150.015,-28.581],[150.153,-28.55],[150.213,-28.574],[150.29,-28.537],[150.459,-28.669],[150.554,-28.653],[150.632,-28.677],[150.767,-28.638],[151.01,-28.741],[151.052,-28.849],[151.103,-28.837],[151.274,-28.938],[151.28,-29.102],[151.316,-29.166],[151.394,-29.178],[151.503,-29.07],[151.505,-29.01],[151.458,-28.999],[151.434,-29.068],[151.361,-29.047],[151.39,-28.841],[151.64,-28.524],[151.639,-28.453],[151.696,-28.405],[151.71,-28.338],[151.63,-28.274],[151.531,-28.278],[151.441,-28.152],[151.273,-28.192],[151.047,-28.167],[151.056,-28.094],[150.836,-28.065],[150.795,-27.993],[150.646,-27.895],[150.621,-27.811],[150.41,-27.747],[150.387,-27.783],[150.335,-27.761],[150.326,-27.809],[150.274,-27.803],[150.248,-27.908],[150.136,-27.91],[150.117,-27.963],[150.069,-27.958],[150.066,-27.985],[149.932,-27.967],[149.786,-28.006],[149.632,-27.987],[149.627,-28.014],[149.458,-27.993],[149.406,-28.229],[149.042,-28.186],[148.959,-28.288],[148.92,-28.657],[148.987,-28.664],[148.982,-28.82],[149.056,-28.9],[149.081,-28.842],[149.245,-28.739],[149.387,-28.696],[149.456,-28.593],[149.588,-28.574]]]},"properties":{"lga_name":"Goondiwindi","lga_code":"33610"}},{"type":"Feature","geometry":{"type":"MultiPolygon","coordinates":[[[[152.001,-26.19],[152.08,-26.295],[152.064,-26.343],[152.009,-26.349],[152.004,-26.375],[152.121,-26.377],[152.207,-26.512],[152.278,-26.453],[152.316,-26.481],[152.443,-26.46],[152.457,-26.581],[152.68,-26.598],[152.712,-26.546],[152.769,-26.534],[152.744,-26.503],[152.758,-26.468],[152.789,-26.473],[152.797,-26.416],[152.765,-26.362],[152.793,-26.351],[152.831,-26.216],[152.923,-26.209],[152.974,-26.137],[153.096,-26.155],[153.192,-25.932],[153.12,-25.934],[153.072,-25.812],[153.046,-25.808],[153.071,-25.82],[153.046,-25.849],[153.066,-25.886],[153.058,-25.914],[153.025,-25.908],[153.057,-25.93],[153.017,-25.997],[152.998,-25.954],[153.031,-25.934],[153.003,-25.935],[153.022,-25.866],[153.005,-25.887],[152.715,-25.84],[152.752,-25.887],[152.672,-25.938],[152.655,-25.986],[152.412,-25.866],[152.346,-25.863],[152.331,-25.907],[152.123,-25.886],[152.113,-25.857],[152.059,-25.886],[152.029,-25.85],[152.039,-25.791],[151.998,-25.771],[151.97,-25.831],[151.903,-25.87],[151.792,-25.758],[151.757,-25.803],[151.785,-25.915],[151.754,-25.947],[151.814,-25.956],[151.812,-26.021],[151.939,-26.02],[151.935,-26.092],[151.985,-26.099],[151.952,-26.117],[152.001,-26.19]]],[[[153.049,-25.835],[153.05,-25.825],[153.045,-25.843],[153.049,-25.835]]],[[[153.037,-25.836],[153.039,-25.835],[153.037,-25.833],[153.037,-25.836]]],[[[153.042,-25.844],[153.044,-25.844],[153.042,-25.841],[153.042,-25.844]]],[[[153.051,-25.837],[153.051,-25.836],[153.051,-25.836],[153.051,-25.837]]],[[[153.042,-25.845],[153.042,-25.845],[153.042,-25.845],[153.042,-25.845]]],[[[153.052,-25.885],[153.046,-25.88],[153.047,-25.884],[153.052,-25.885]]],[[[153.047,-25.872],[153.05,-25.873],[153.049,-25.87],[153.047,-25.872]]],[[[153.061,-25.884],[153.063,-25.886],[153.063,-25.884],[153.061,-25.884]]],[[[153.035,-25.905],[153.037,-25.903],[153.035,-25.903],[153.035,-25.905]]],[[[153.051,-25.866],[153.051,-25.865],[153.05,-25.865],[153.051,-25.866]]],[[[153.054,-25.87],[153.056,-25.871],[153.055,-25.87],[153.054,-25.87]]],[[[153.0,-25.969],[153.004,-25.968],[153.0,-25.968],[153.0,-25.969]]],[[[153.03,-25.939],[153.031,-25.939],[153.032,-25.938],[153.03,-25.939]]],[[[153.003,-25.956],[153.004,-25.956],[153.003,-25.955],[153.003,-25.956]]],[[[153.024,-25.942],[153.024,-25.942],[153.025,-25.942],[153.024,-25.942]]],[[[153.025,-25.942],[153.025,-25.943],[153.025,-25.943],[153.025,-25.942]],[[153.025,-25.941],[153.026,-25.942],[153.025,-25.941],[153.025,-25.941]]]]},"properties":{"lga_name":"Gympie","lga_code":"33620"}},{"type":"Feature","geometry":{"type":"MultiPolygon","coordinates":[[[[145.832,-18.599],[145.796,-18.577],[145.816,-18.617],[145.775,-18.817],[145.797,-18.843],[145.865,-18.876],[145.998,-18.874],[146.023,-18.919],[146.197,-18.944],[146.209,-18.919],[146.277,-18.952],[146.324,-18.928],[146.275,-18.824],[146.34,-18.624],[146.319,-18.646],[146.333,-18.521],[146.23,-18.49],[146.187,-18.533],[146.122,-18.508],[146.085,-18.401],[145.962,-18.394],[145.947,-18.364],[145.826,-18.407],[145.808,-18.378],[145.757,-18.396],[145.738,-18.453],[145.779,-18.492],[145.76,-18.515],[145.791,-18.501],[145.814,-18.531],[145.832,-18.599]]],[[[146.485,-18.617],[146.491,-18.667],[146.484,-18.567],[146.485,-18.617]]],[[[146.504,-18.546],[146.491,-18.538],[146.488,-18.558],[146.504,-18.546]]]]},"properties":{"lga_name":"Hinchinbrook","lga_code":"33800"}},{"type":"Feature","geometry":{"type":"MultiPolygon","coordinates":[[[[145.239,-15.443],[145.288,-15.376],[145.286,-15.316],[145.357,-15.277],[145.34,-15.227],[145.316,-15.259],[145.267,-15.256],[145.234,-15.141],[145.355,-14.987],[145.352,-14.953],[145.281,-14.955],[145.219,-14.881],[145.23,-14.832],[145.141,-14.832],[145.129,-14.981],[145.169,-14.985],[145.138,-15.093],[145.161,-15.081],[145.187,-15.125],[145.086,-15.139],[145.08,-15.26],[145.031,-15.269],[145.061,-15.312],[145.031,-15.371],[145.08,-15.398],[145.149,-15.362],[145.151,-15.405],[145.1,-15.418],[145.215,-15.415],[145.239,-15.443]]],[[[145.172,-15.395],[145.201,-15.408],[145.151,-15.382],[145.172,-15.395]]]]},"properties":{"lga_name":"Hope Vale","lga_code":"33830"}},{"type":"Feature","geometry":{"type":"Polygon","coordinates":[[[152.879,-27.582],[152.857,-27.597],[152.841,-27.531],[152.743,-27.566],[152.763,-27.521],[152.726,-27.49],[152.648,-27.551],[152.514,-27.566],[152.458,-27.663],[152.421,-27.652],[152.392,-27.691],[152.413,-27.701],[152.407,-27.806],[152.383,-27.807],[152.402,-27.864],[152.519,-27.761],[152.53,-27.717],[152.758,-27.767],[152.814,-27.826],[152.811,-27.755],[152.873,-27.753],[152.891,-27.704],[152.924,-27.707],[152.941,-27.623],[152.879,-27.582]]]},"properties":{"lga_name":"Ipswich","lga_code":"33960"}},{"type":"Feature","geometry":{"type":"MultiPolygon","coordinates":[[[[147.745,-21.421],[147.657,-21.49],[147.634,-21.595],[147.587,-21.64],[147.44,-21.69],[147.311,-21.647],[147.216,-21.671],[147.139,-21.556],[146.931,-21.513],[146.904,-21.469],[146.835,-21.574],[146.834,-21.643],[146.651,-21.609],[146.657,-21.583],[146.492,-21.566],[146.484,-21.68],[146.396,-21.663],[146.341,-21.57],[146.347,-21.518],[146.093,-21.51],[146.069,-21.809],[146.127,-21.814],[146.118,-21.901],[146.211,-21.908],[146.201,-22.008],[146.072,-21.997],[146.039,-22.023],[146.031,-22.105],[146.074,-22.123],[146.052,-22.339],[146.122,-22.347],[146.109,-22.446],[146.276,-22.463],[146.269,-22.509],[146.452,-22.499],[146.401,-22.756],[146.548,-22.769],[146.525,-22.804],[146.56,-22.878],[146.646,-22.883],[146.753,-22.984],[146.788,-23.037],[146.789,-23.127],[146.884,-23.22],[146.855,-23.305],[146.933,-23.315],[146.94,-23.26],[146.976,-23.263],[147.079,-23.28],[147.075,-23.307],[147.162,-23.34],[147.287,-23.351],[147.261,-23.21],[147.354,-23.19],[147.479,-23.091],[147.484,-23.047],[147.52,-23.028],[147.504,-22.986],[147.553,-23.009],[147.605,-22.892],[147.641,-22.926],[147.694,-22.915],[147.794,-22.801],[147.985,-22.704],[148.013,-22.654],[148.064,-22.739],[148.176,-22.79],[148.231,-22.777],[148.239,-22.74],[148.343,-22.725],[148.371,-22.791],[148.275,-22.876],[148.325,-22.95],[148.458,-22.867],[148.542,-22.877],[148.543,-22.959],[148.6,-23.003],[148.562,-23.116],[148.624,-23.149],[148.503,-23.33],[148.57,-23.379],[148.55,-23.407],[148.573,-23.469],[148.523,-23.505],[148.525,-23.55],[148.612,-23.54],[148.635,-23.477],[148.706,-23.435],[148.672,-23.421],[148.712,-23.354],[148.759,-23.381],[148.781,-23.351],[148.826,-23.379],[148.866,-23.356],[148.856,-23.266],[148.925,-23.262],[149.006,-23.167],[148.976,-23.095],[149.044,-23.059],[149.199,-23.05],[149.33,-22.876],[149.413,-22.857],[149.449,-22.741],[149.377,-22.659],[149.389,-22.616],[149.424,-22.647],[149.463,-22.597],[149.518,-22.623],[149.625,-22.598],[149.632,-22.543],[149.752,-22.436],[149.767,-22.371],[149.658,-22.355],[149.573,-22.231],[149.431,-21.746],[149.422,-21.772],[149.457,-21.73],[149.436,-21.722],[149.48,-21.743],[149.44,-21.631],[149.385,-21.625],[149.263,-21.74],[149.174,-21.771],[149.066,-21.733],[149.036,-21.771],[148.994,-21.719],[149.086,-21.49],[149.076,-21.39],[149.032,-21.354],[148.914,-21.379],[148.902,-21.405],[148.763,-21.395],[148.7,-21.344],[148.686,-21.377],[148.548,-21.368],[148.47,-21.274],[148.429,-21.299],[148.308,-21.222],[148.292,-21.152],[148.329,-21.114],[148.226,-20.983],[148.227,-20.931],[148.068,-21.026],[148.01,-20.989],[148.026,-21.101],[148.095,-21.211],[148.027,-21.27],[147.945,-21.291],[147.843,-21.263],[147.81,-21.195],[147.764,-21.19],[147.825,-21.311],[147.748,-21.38],[147.745,-21.421]]],[[[150.435,-21.772],[150.439,-21.772],[150.432,-21.771],[150.435,-21.772]]],[[[150.442,-21.766],[150.442,-21.766],[150.441,-21.766],[150.442,-21.766]]],[[[150.437,-21.764],[150.441,-21.763],[150.439,-21.762],[150.437,-21.764]]],[[[150.43,-21.761],[150.429,-21.761],[150.43,-21.763],[150.43,-21.761]]],[[[150.426,-21.758],[150.427,-21.756],[150.425,-21.756],[150.426,-21.758]]],[[[150.429,-21.757],[150.429,-21.755],[150.428,-21.755],[150.429,-21.757]]],[[[149.775,-22.36],[149.778,-22.358],[149.775,-22.358],[149.775,-22.36]]],[[[150.413,-21.753],[150.413,-21.752],[150.412,-21.752],[150.413,-21.753]]],[[[150.356,-21.673],[150.357,-21.673],[150.355,-21.673],[150.356,-21.673]]],[[[150.254,-21.523],[150.276,-21.517],[150.245,-21.517],[150.254,-21.523]]],[[[150.308,-21.471],[150.308,-21.47],[150.307,-21.471],[150.308,-21.471]]],[[[150.309,-21.47],[150.31,-21.469],[150.31,-21.467],[150.309,-21.47]]],[[[150.15,-21.52],[150.153,-21.529],[150.156,-21.526],[150.15,-21.52]]],[[[150.153,-21.533],[150.153,-21.531],[150.152,-21.532],[150.153,-21.533]]],[[[150.271,-21.49],[150.281,-21.483],[150.266,-21.477],[150.271,-21.49]]],[[[150.257,-21.488],[150.258,-21.485],[150.254,-21.487],[150.257,-21.488]]],[[[149.756,-22.413],[149.763,-22.406],[149.757,-22.4],[149.756,-22.413]]],[[[149.758,-22.399],[149.767,-22.391],[149.758,-22.392],[149.758,-22.399]]],[[[149.917,-21.497],[149.906,-21.497],[149.917,-21.507],[149.917,-21.497]]],[[[149.824,-21.374],[149.839,-21.382],[149.828,-21.371],[149.824,-21.374]]],[[[149.841,-21.445],[149.855,-21.448],[149.848,-21.441],[149.841,-21.445]]],[[[149.889,-21.5],[149.897,-21.499],[149.891,-21.485],[149.889,-21.5]]],[[[149.879,-21.468],[149.889,-21.469],[149.878,-21.464],[149.879,-21.468]]],[[[149.908,-21.481],[149.913,-21.486],[149.908,-21.478],[149.908,-21.481]]],[[[149.871,-21.458],[149.875,-21.461],[149.87,-21.454],[149.871,-21.458]]],[[[149.921,-21.494],[149.921,-21.489],[149.917,-21.488],[149.921,-21.494]]],[[[149.718,-21.51],[149.72,-21.513],[149.719,-21.508],[149.718,-21.51]]],[[[149.826,-21.369],[149.826,-21.366],[149.825,-21.368],[149.826,-21.369]]],[[[149.82,-21.436],[149.821,-21.434],[149.82,-21.434],[149.82,-21.436]]],[[[150.248,-21.676],[150.302,-21.665],[150.248,-21.619],[150.248,-21.676]]],[[[150.358,-21.734],[150.3,-21.745],[150.332,-21.772],[150.358,-21.734]]],[[[149.801,-21.594],[149.781,-21.613],[149.819,-21.607],[149.801,-21.594]]],[[[150.339,-21.67],[150.351,-21.667],[150.326,-21.659],[150.339,-21.67]]],[[[149.835,-21.662],[149.842,-21.66],[149.834,-21.647],[149.835,-21.662]]],[[[149.793,-21.838],[149.804,-21.831],[149.793,-21.83],[149.793,-21.838]]],[[[149.819,-21.824],[149.823,-21.837],[149.825,-21.835],[149.819,-21.824]]],[[[149.862,-21.603],[149.87,-21.606],[149.863,-21.6],[149.862,-21.603]]],[[[149.777,-21.671],[149.776,-21.675],[149.782,-21.679],[149.777,-21.671]]],[[[149.797,-21.85],[149.8,-21.852],[149.799,-21.842],[149.797,-21.85]]],[[[150.22,-21.654],[150.217,-21.657],[150.225,-21.653],[150.22,-21.654]]],[[[150.337,-21.653],[150.341,-21.653],[150.342,-21.649],[150.337,-21.653]]],[[[149.786,-21.816],[149.79,-21.818],[149.785,-21.814],[149.786,-21.816]]],[[[149.826,-21.606],[149.827,-21.603],[149.825,-21.603],[149.826,-21.606]]],[[[149.77,-21.601],[149.773,-21.6],[149.77,-21.599],[149.77,-21.601]]],[[[149.811,-21.576],[149.812,-21.574],[149.811,-21.572],[149.811,-21.576]]],[[[150.227,-21.652],[150.227,-21.649],[150.226,-21.649],[150.227,-21.652]]],[[[150.289,-21.749],[150.29,-21.748],[150.288,-21.747],[150.289,-21.749]]],[[[150.296,-21.673],[150.297,-21.671],[150.295,-21.672],[150.296,-21.673]]],[[[149.808,-21.628],[149.81,-21.628],[149.81,-21.627],[149.808,-21.628]]],[[[149.805,-21.84],[149.807,-21.839],[149.805,-21.838],[149.805,-21.84]]],[[[149.8,-21.827],[149.799,-21.824],[149.799,-21.826],[149.8,-21.827]]],[[[150.275,-21.684],[150.276,-21.683],[150.275,-21.683],[150.275,-21.684]]],[[[150.343,-21.676],[150.344,-21.675],[150.343,-21.675],[150.343,-21.676]]],[[[150.286,-21.681],[150.285,-21.68],[150.284,-21.68],[150.286,-21.681]]],[[[150.23,-21.652],[150.231,-21.651],[150.229,-21.652],[150.23,-21.652]]],[[[150.316,-21.735],[150.316,-21.734],[150.315,-21.734],[150.316,-21.735]]],[[[150.225,-21.658],[150.225,-21.657],[150.224,-21.657],[150.225,-21.658]]],[[[150.287,-21.679],[150.287,-21.678],[150.286,-21.678],[150.287,-21.679]]],[[[150.294,-21.674],[150.295,-21.673],[150.294,-21.673],[150.294,-21.674]]],[[[150.287,-21.685],[150.287,-21.684],[150.287,-21.684],[150.287,-21.685]]],[[[150.288,-21.683],[150.288,-21.682],[150.288,-21.683],[150.288,-21.683]]],[[[149.667,-21.727],[149.674,-21.728],[149.663,-21.718],[149.667,-21.727]]],[[[149.662,-21.473],[149.665,-21.471],[149.662,-21.47],[149.662,-21.473]]],[[[149.637,-21.677],[149.639,-21.673],[149.637,-21.673],[149.637,-21.677]]],[[[149.67,-21.718],[149.672,-21.717],[149.67,-21.716],[149.67,-21.718]]],[[[149.48,-21.833],[149.498,-21.821],[149.47,-21.821],[149.48,-21.833]]],[[[149.561,-21.988],[149.583,-21.974],[149.578,-21.969],[149.561,-21.988]]],[[[149.658,-21.978],[149.665,-21.975],[149.656,-21.966],[149.658,-21.978]]],[[[149.573,-22.126],[149.589,-22.139],[149.578,-22.12],[149.573,-22.126]]],[[[149.654,-21.93],[149.643,-21.932],[149.651,-21.936],[149.654,-21.93]]],[[[149.614,-22.055],[149.616,-22.054],[149.613,-22.051],[149.614,-22.055]]],[[[149.595,-22.143],[149.597,-22.142],[149.594,-22.142],[149.595,-22.143]]],[[[149.659,-21.985],[149.657,-21.985],[149.66,-21.988],[149.659,-21.985]]],[[[149.599,-21.959],[149.599,-21.957],[149.598,-21.957],[149.599,-21.959]]],[[[149.577,-21.958],[149.579,-21.957],[149.578,-21.956],[149.577,-21.958]]],[[[149.66,-21.951],[149.662,-21.95],[149.66,-21.95],[149.66,-21.951]]],[[[149.669,-21.986],[149.67,-21.986],[149.668,-21.984],[149.669,-21.986]]],[[[149.652,-21.959],[149.653,-21.959],[149.653,-21.958],[149.652,-21.959]]],[[[149.66,-21.959],[149.66,-21.958],[149.659,-21.957],[149.66,-21.959]]],[[[149.66,-21.947],[149.66,-21.945],[149.659,-21.946],[149.66,-21.947]]],[[[149.659,-21.955],[149.659,-21.953],[149.658,-21.954],[149.659,-21.955]]]]},"properties":{"lga_name":"Isaac","lga_code":"33980"}},{"type":"Feature","geometry":{"type":"Polygon","coordinates":[[[141.591,-15.197],[141.493,-15.516],[141.973,-15.569],[141.995,-15.453],[141.94,-15.392],[141.967,-15.356],[142.025,-15.379],[142.126,-15.1],[142.134,-14.986],[142.059,-15.068],[141.79,-15.146],[141.724,-15.139],[141.645,-15.071],[141.636,-15.15],[141.591,-15.197]]]},"properties":{"lga_name":"Kowanyama","lga_code":"34420"}},{"type":"Feature","geometry":{"type":"MultiPolygon","coordinates":[[[[150.369,-23.146],[150.402,-23.192],[150.342,-23.246],[150.366,-23.267],[150.422,-23.245],[150.45,-23.34],[150.47,-23.301],[150.587,-23.268],[150.613,-23.342],[150.584,-23.342],[150.571,-23.399],[150.662,-23.491],[150.638,-23.517],[150.862,-23.501],[150.759,-23.3],[150.825,-23.28],[150.828,-23.236],[150.75,-23.129],[150.835,-22.684],[150.778,-22.641],[150.77,-22.522],[150.741,-22.597],[150.759,-22.627],[150.707,-22.636],[150.694,-22.606],[150.732,-22.623],[150.725,-22.563],[150.68,-22.573],[150.644,-22.474],[150.724,-22.519],[150.759,-22.468],[150.693,-22.431],[150.669,-22.347],[150.666,-22.454],[150.655,-22.422],[150.627,-22.442],[150.658,-22.414],[150.611,-22.389],[150.643,-22.38],[150.626,-22.328],[150.562,-22.316],[150.54,-22.351],[150.539,-22.442],[150.59,-22.464],[150.533,-22.45],[150.608,-22.501],[150.552,-22.484],[150.598,-22.559],[150.552,-22.566],[150.549,-22.617],[150.515,-22.557],[150.545,-22.561],[150.492,-22.521],[150.498,-22.56],[150.301,-22.398],[150.217,-22.394],[150.177,-22.36],[150.192,-22.325],[150.044,-22.125],[149.956,-22.185],[149.913,-22.343],[150.047,-22.661],[149.809,-22.382],[149.66,-22.501],[149.625,-22.598],[149.518,-22.623],[149.463,-22.597],[149.424,-22.647],[149.389,-22.616],[149.377,-22.659],[149.449,-22.741],[149.435,-22.828],[149.368,-22.877],[149.414,-22.917],[149.429,-23.02],[149.486,-23.058],[149.482,-23.113],[149.673,-23.082],[149.823,-22.981],[149.929,-23.011],[149.925,-23.057],[149.996,-23.087],[150.067,-23.036],[150.067,-23.085],[150.135,-23.096],[150.162,-23.146],[150.216,-23.108],[150.369,-23.146]]],[[[150.816,-23.519],[150.822,-23.522],[150.816,-23.518],[150.816,-23.519]]],[[[150.938,-23.347],[150.939,-23.343],[150.933,-23.341],[150.938,-23.347]]],[[[150.884,-23.278],[150.893,-23.281],[150.886,-23.275],[150.884,-23.278]]],[[[150.97,-23.217],[150.973,-23.209],[150.965,-23.215],[150.97,-23.217]]],[[[151.086,-23.154],[151.085,-23.155],[151.086,-23.155],[151.086,-23.154]]],[[[150.9,-23.095],[150.907,-23.09],[150.902,-23.09],[150.9,-23.095]]],[[[150.954,-23.065],[150.954,-23.063],[150.953,-23.063],[150.954,-23.065]]],[[[150.888,-23.05],[150.89,-23.048],[150.886,-23.048],[150.888,-23.05]]],[[[150.994,-22.732],[150.999,-22.734],[150.992,-22.726],[150.994,-22.732]]],[[[149.888,-22.268],[149.892,-22.264],[149.887,-22.265],[149.888,-22.268]]],[[[150.359,-22.19],[150.36,-22.19],[150.359,-22.187],[150.359,-22.19]]],[[[149.849,-22.149],[149.853,-22.146],[149.85,-22.146],[149.849,-22.149]]],[[[150.67,-22.094],[150.677,-22.091],[150.67,-22.083],[150.67,-22.094]]],[[[149.988,-22.059],[149.989,-22.052],[149.986,-22.056],[149.988,-22.059]]],[[[150.098,-22.047],[150.098,-22.045],[150.097,-22.046],[150.098,-22.047]]],[[[150.449,-22.04],[150.452,-22.037],[150.451,-22.032],[150.449,-22.04]]],[[[149.841,-22.035],[149.844,-22.034],[149.844,-22.033],[149.841,-22.035]]],[[[150.649,-22.028],[150.649,-22.027],[150.648,-22.026],[150.649,-22.028]]],[[[149.831,-22.026],[149.831,-22.024],[149.828,-22.024],[149.831,-22.026]]],[[[149.825,-22.017],[149.825,-22.014],[149.824,-22.015],[149.825,-22.017]]],[[[150.646,-22.004],[150.643,-22.01],[150.648,-22.009],[150.646,-22.004]]],[[[150.668,-21.991],[150.671,-21.993],[150.668,-21.988],[150.668,-21.991]]],[[[149.805,-21.987],[149.82,-21.996],[149.809,-21.982],[149.805,-21.987]]],[[[149.878,-21.982],[149.879,-21.981],[149.878,-21.979],[149.878,-21.982]]],[[[150.382,-21.973],[150.383,-21.972],[150.38,-21.971],[150.382,-21.973]]],[[[149.894,-21.971],[149.895,-21.971],[149.893,-21.97],[149.894,-21.971]]],[[[150.134,-21.957],[150.133,-21.954],[150.132,-21.955],[150.134,-21.957]]],[[[150.703,-21.953],[150.703,-21.951],[150.701,-21.951],[150.703,-21.953]]],[[[150.121,-21.95],[150.12,-21.947],[150.118,-21.947],[150.121,-21.95]]],[[[150.691,-21.942],[150.692,-21.94],[150.691,-21.941],[150.691,-21.942]]],[[[150.099,-21.94],[150.099,-21.939],[150.099,-21.939],[150.099,-21.94]]],[[[150.691,-21.939],[150.692,-21.938],[150.691,-21.939],[150.691,-21.939]]],[[[150.111,-21.932],[150.119,-21.915],[150.108,-21.922],[150.111,-21.932]]],[[[149.972,-22.038],[149.975,-22.034],[149.969,-22.036],[149.972,-22.038]]],[[[150.098,-22.032],[150.099,-22.031],[150.098,-22.031],[150.098,-22.032]]],[[[150.101,-22.029],[150.101,-22.028],[150.101,-22.028],[150.101,-22.029]]],[[[150.127,-21.952],[150.127,-21.949],[150.125,-21.951],[150.127,-21.952]]],[[[150.125,-21.942],[150.128,-21.936],[150.12,-21.939],[150.125,-21.942]]],[[[150.222,-21.92],[150.222,-21.919],[150.221,-21.918],[150.222,-21.92]]],[[[150.854,-23.534],[150.865,-23.528],[150.838,-23.521],[150.854,-23.534]]],[[[150.828,-23.524],[150.837,-23.528],[150.831,-23.52],[150.828,-23.524]]],[[[150.814,-23.356],[150.812,-23.358],[150.818,-23.358],[150.814,-23.356]]],[[[151.078,-23.154],[151.069,-23.161],[151.079,-23.163],[151.078,-23.154]]],[[[150.899,-23.1],[150.901,-23.098],[150.897,-23.098],[150.899,-23.1]]],[[[150.907,-23.085],[150.892,-23.054],[150.885,-23.077],[150.907,-23.085]]],[[[150.881,-23.047],[150.881,-23.046],[150.879,-23.046],[150.881,-23.047]]],[[[150.963,-22.655],[150.96,-22.655],[150.959,-22.658],[150.963,-22.655]]],[[[150.24,-22.31],[150.24,-22.309],[150.24,-22.309],[150.24,-22.31]]],[[[150.303,-22.309],[150.303,-22.308],[150.302,-22.308],[150.303,-22.309]]],[[[150.23,-22.287],[150.228,-22.285],[150.228,-22.287],[150.23,-22.287]]],[[[150.539,-22.267],[150.542,-22.266],[150.539,-22.265],[150.539,-22.267]]],[[[150.335,-22.231],[150.335,-22.23],[150.334,-22.23],[150.335,-22.231]]],[[[150.37,-22.215],[150.37,-22.216],[150.371,-22.216],[150.37,-22.215]]],[[[150.373,-22.207],[150.374,-22.207],[150.373,-22.205],[150.373,-22.207]]],[[[150.359,-22.195],[150.362,-22.194],[150.359,-22.193],[150.359,-22.195]]],[[[150.294,-22.027],[150.303,-22.024],[150.29,-22.024],[150.294,-22.027]]],[[[150.383,-22.013],[150.388,-22.016],[150.383,-22.009],[150.383,-22.013]]],[[[149.846,-22.008],[149.862,-22.013],[149.881,-21.994],[149.846,-22.008]]],[[[150.376,-22.009],[150.38,-22.008],[150.379,-22.006],[150.376,-22.009]]],[[[150.164,-22.013],[150.164,-22.011],[150.163,-22.011],[150.164,-22.013]]],[[[150.586,-21.983],[150.587,-21.981],[150.586,-21.981],[150.586,-21.983]]],[[[150.143,-21.982],[150.142,-21.983],[150.143,-21.983],[150.143,-21.982]]],[[[150.188,-21.984],[150.189,-21.982],[150.188,-21.983],[150.188,-21.984]]],[[[150.684,-21.96],[150.698,-21.953],[150.686,-21.946],[150.684,-21.96]]],[[[150.199,-21.965],[150.198,-21.966],[150.199,-21.967],[150.199,-21.965]]],[[[150.362,-22.018],[150.374,-22.023],[150.367,-22.011],[150.362,-22.018]]],[[[150.852,-23.513],[150.865,-23.517],[150.872,-23.506],[150.852,-23.513]]],[[[150.877,-23.038],[150.879,-23.037],[150.878,-23.036],[150.877,-23.038]]],[[[150.845,-22.684],[150.841,-22.686],[150.848,-22.685],[150.845,-22.684]]],[[[149.869,-22.148],[149.869,-22.144],[149.862,-22.145],[149.869,-22.148]]],[[[150.125,-21.994],[150.14,-21.998],[150.13,-21.988],[150.125,-21.994]]],[[[150.379,-22.0],[150.375,-21.999],[150.384,-22.003],[150.379,-22.0]]],[[[149.894,-21.997],[149.894,-21.995],[149.892,-21.996],[149.894,-21.997]]],[[[150.143,-21.994],[150.143,-21.993],[150.142,-21.993],[150.143,-21.994]]],[[[150.155,-21.985],[150.154,-21.983],[150.153,-21.984],[150.155,-21.985]]],[[[150.141,-21.979],[150.15,-21.961],[150.141,-21.957],[150.141,-21.979]]],[[[150.195,-21.979],[150.194,-21.978],[150.194,-21.978],[150.195,-21.979]]],[[[150.869,-23.246],[150.87,-23.245],[150.871,-23.244],[150.869,-23.246]]],[[[149.914,-22.305],[149.92,-22.307],[149.916,-22.303],[149.914,-22.305]]],[[[150.456,-22.311],[150.454,-22.308],[150.45,-22.306],[150.456,-22.311]]],[[[150.228,-22.309],[150.23,-22.308],[150.229,-22.306],[150.228,-22.309]]],[[[149.915,-22.312],[149.919,-22.311],[149.919,-22.31],[149.915,-22.312]]],[[[150.925,-23.302],[150.923,-23.303],[150.924,-23.306],[150.925,-23.302]]],[[[150.923,-23.302],[150.924,-23.301],[150.92,-23.3],[150.923,-23.302]]],[[[150.496,-22.553],[150.5,-22.55],[150.497,-22.541],[150.496,-22.553]]],[[[150.015,-22.626],[150.019,-22.623],[150.014,-22.618],[150.015,-22.626]]],[[[150.738,-22.611],[150.735,-22.607],[150.738,-22.617],[150.738,-22.611]]],[[[150.797,-22.562],[150.797,-22.564],[150.8,-22.565],[150.797,-22.562]]],[[[150.01,-22.617],[150.012,-22.614],[150.009,-22.615],[150.01,-22.617]]],[[[150.013,-22.627],[150.014,-22.629],[150.013,-22.623],[150.013,-22.627]]],[[[150.681,-22.571],[150.683,-22.572],[150.679,-22.566],[150.681,-22.571]]],[[[150.689,-22.559],[150.691,-22.557],[150.689,-22.557],[150.689,-22.559]]],[[[150.679,-22.564],[150.681,-22.562],[150.679,-22.562],[150.679,-22.564]]],[[[150.737,-22.609],[150.737,-22.608],[150.736,-22.607],[150.737,-22.609]]],[[[150.711,-22.626],[150.712,-22.626],[150.711,-22.625],[150.711,-22.626]]],[[[150.85,-23.317],[150.851,-23.316],[150.848,-23.315],[150.85,-23.317]]],[[[150.94,-23.198],[150.988,-23.192],[150.976,-23.149],[150.933,-23.168],[150.94,-23.198]]],[[[150.97,-23.197],[150.972,-23.202],[150.972,-23.197],[150.97,-23.197]]],[[[149.908,-22.478],[149.909,-22.47],[149.898,-22.462],[149.908,-22.478]]],[[[149.965,-22.477],[149.974,-22.492],[149.966,-22.474],[149.965,-22.477]]],[[[150.746,-22.412],[150.749,-22.413],[150.745,-22.409],[150.746,-22.412]]],[[[150.444,-22.515],[150.449,-22.517],[150.443,-22.513],[150.444,-22.515]]],[[[150.735,-22.44],[150.736,-22.438],[150.736,-22.436],[150.735,-22.44]]],[[[150.775,-22.482],[150.776,-22.481],[150.773,-22.477],[150.775,-22.482]]],[[[150.741,-22.403],[150.74,-22.404],[150.743,-22.406],[150.741,-22.403]]],[[[150.438,-22.512],[150.439,-22.51],[150.437,-22.508],[150.438,-22.512]]],[[[150.761,-22.47],[150.762,-22.468],[150.76,-22.468],[150.761,-22.47]]],[[[150.729,-22.433],[150.73,-22.43],[150.728,-22.432],[150.729,-22.433]]],[[[150.757,-22.479],[150.758,-22.478],[150.756,-22.476],[150.757,-22.479]]],[[[150.448,-22.521],[150.449,-22.52],[150.447,-22.519],[150.448,-22.521]]],[[[150.404,-22.495],[150.407,-22.493],[150.406,-22.493],[150.404,-22.495]]],[[[150.764,-22.449],[150.763,-22.448],[150.762,-22.448],[150.764,-22.449]]],[[[150.77,-22.518],[150.772,-22.518],[150.771,-22.517],[150.77,-22.518]]],[[[150.731,-22.427],[150.732,-22.426],[150.731,-22.426],[150.731,-22.427]]],[[[150.449,-22.523],[150.451,-22.521],[150.449,-22.522],[150.449,-22.523]]],[[[150.446,-22.521],[150.446,-22.519],[150.445,-22.518],[150.446,-22.521]]],[[[150.753,-22.455],[150.752,-22.454],[150.752,-22.454],[150.753,-22.455]]],[[[150.452,-22.521],[150.452,-22.521],[150.452,-22.521],[150.452,-22.521]]],[[[150.421,-22.295],[150.463,-22.259],[150.464,-22.225],[150.421,-22.295]]],[[[149.914,-22.23],[149.899,-22.26],[149.911,-22.254],[149.914,-22.23]]],[[[149.879,-22.252],[149.893,-22.251],[149.881,-22.234],[149.879,-22.252]]],[[[150.297,-22.242],[150.304,-22.25],[150.323,-22.236],[150.297,-22.242]]],[[[149.92,-22.2],[149.932,-22.187],[149.927,-22.175],[149.92,-22.2]]],[[[149.88,-22.259],[149.895,-22.258],[149.878,-22.254],[149.88,-22.259]]],[[[149.892,-22.243],[149.901,-22.236],[149.889,-22.237],[149.892,-22.243]]],[[[150.272,-22.226],[150.261,-22.227],[150.272,-22.231],[150.272,-22.226]]],[[[149.93,-22.16],[149.935,-22.166],[149.931,-22.156],[149.93,-22.16]]],[[[149.939,-22.224],[149.941,-22.213],[149.937,-22.218],[149.939,-22.224]]],[[[149.937,-22.142],[149.943,-22.138],[149.942,-22.134],[149.937,-22.142]]],[[[149.873,-22.208],[149.877,-22.204],[149.871,-22.204],[149.873,-22.208]]],[[[149.874,-22.232],[149.876,-22.231],[149.869,-22.23],[149.874,-22.232]]],[[[149.933,-22.206],[149.933,-22.201],[149.932,-22.202],[149.933,-22.206]]],[[[149.94,-22.23],[149.942,-22.228],[149.941,-22.225],[149.94,-22.23]]],[[[149.929,-22.26],[149.93,-22.256],[149.928,-22.259],[149.929,-22.26]]],[[[150.44,-22.207],[150.44,-22.205],[150.438,-22.205],[150.44,-22.207]]],[[[150.332,-22.228],[150.332,-22.226],[150.331,-22.227],[150.332,-22.228]]],[[[150.425,-22.25],[150.427,-22.249],[150.425,-22.249],[150.425,-22.25]]],[[[150.334,-22.227],[150.335,-22.227],[150.334,-22.226],[150.334,-22.227]]],[[[150.474,-22.206],[150.473,-22.207],[150.473,-22.206],[150.474,-22.206]]],[[[150.09,-22.178],[150.09,-22.177],[150.089,-22.178],[150.09,-22.178]]],[[[150.289,-22.236],[150.288,-22.236],[150.289,-22.236],[150.289,-22.236]]],[[[150.059,-22.132],[150.059,-22.131],[150.058,-22.131],[150.059,-22.132]]],[[[150.094,-22.187],[150.094,-22.186],[150.093,-22.186],[150.094,-22.187]]],[[[150.185,-21.979],[150.152,-21.971],[150.169,-22.004],[150.185,-21.979]]],[[[150.156,-21.971],[150.156,-21.969],[150.154,-21.969],[150.156,-21.971]]],[[[150.925,-23.169],[150.914,-23.162],[150.919,-23.169],[150.925,-23.169]]],[[[150.906,-23.155],[150.908,-23.151],[150.9,-23.151],[150.906,-23.155]]],[[[150.472,-22.286],[150.5,-22.303],[150.486,-22.35],[150.561,-22.295],[150.489,-22.207],[150.47,-22.222],[150.5,-22.27],[150.472,-22.286]]],[[[150.252,-22.365],[150.262,-22.371],[150.283,-22.352],[150.252,-22.365]]],[[[150.518,-22.373],[150.529,-22.374],[150.521,-22.367],[150.518,-22.373]]],[[[150.45,-22.32],[150.45,-22.315],[150.443,-22.312],[150.45,-22.32]]],[[[150.661,-22.34],[150.663,-22.335],[150.657,-22.33],[150.661,-22.34]]],[[[150.202,-22.323],[150.207,-22.318],[150.202,-22.318],[150.202,-22.323]]],[[[150.515,-22.379],[150.506,-22.38],[150.516,-22.383],[150.515,-22.379]]],[[[150.535,-22.423],[150.534,-22.423],[150.537,-22.428],[150.535,-22.423]]],[[[150.465,-22.335],[150.463,-22.34],[150.465,-22.339],[150.465,-22.335]]],[[[150.537,-22.431],[150.538,-22.429],[150.536,-22.43],[150.537,-22.431]]],[[[150.718,-22.34],[150.719,-22.338],[150.718,-22.339],[150.718,-22.34]]],[[[150.313,-22.329],[150.314,-22.328],[150.313,-22.327],[150.313,-22.329]]],[[[150.259,-22.342],[150.26,-22.341],[150.259,-22.341],[150.259,-22.342]]],[[[150.532,-22.384],[150.533,-22.383],[150.531,-22.383],[150.532,-22.384]]],[[[150.325,-22.428],[150.325,-22.427],[150.324,-22.427],[150.325,-22.428]]],[[[150.628,-22.328],[150.628,-22.327],[150.627,-22.327],[150.628,-22.328]]],[[[150.659,-22.343],[150.659,-22.343],[150.659,-22.342],[150.659,-22.343]]],[[[150.45,-22.324],[150.45,-22.323],[150.449,-22.323],[150.45,-22.324]]],[[[150.667,-22.346],[150.667,-22.345],[150.667,-22.345],[150.667,-22.346]]],[[[150.528,-22.376],[150.529,-22.376],[150.528,-22.375],[150.528,-22.376]]],[[[150.715,-22.339],[150.715,-22.338],[150.714,-22.338],[150.715,-22.339]]],[[[150.879,-23.243],[150.875,-23.24],[150.871,-23.242],[150.879,-23.243]]],[[[150.833,-23.287],[150.835,-23.287],[150.835,-23.286],[150.833,-23.287]]],[[[150.805,-23.173],[150.805,-23.172],[150.804,-23.173],[150.805,-23.173]]],[[[149.862,-22.17],[149.866,-22.222],[149.901,-22.233],[149.93,-22.134],[149.908,-22.053],[149.862,-22.17]]],[[[150.014,-22.106],[149.937,-22.145],[149.943,-22.171],[150.04,-22.111],[150.014,-22.106]]],[[[149.913,-22.06],[149.915,-22.059],[149.914,-22.057],[149.913,-22.06]]],[[[150.051,-22.131],[150.052,-22.13],[150.051,-22.13],[150.051,-22.131]]]]},"properties":{"lga_name":"Livingstone","lga_code":"34530"}},{"type":"Feature","geometry":{"type":"MultiPolygon","coordinates":[[[[143.332,-12.793],[143.294,-12.775],[143.314,-12.837],[143.233,-12.871],[143.189,-12.735],[143.223,-12.647],[143.174,-12.594],[143.186,-12.551],[143.087,-12.565],[143.076,-12.64],[143.028,-12.698],[142.925,-12.694],[142.933,-12.774],[142.883,-12.806],[142.961,-12.899],[142.958,-12.947],[142.894,-12.993],[142.979,-13.12],[143.11,-13.15],[143.25,-13.137],[143.241,-13.251],[143.344,-13.248],[143.32,-13.29],[143.353,-13.284],[143.391,-13.337],[143.317,-13.486],[143.596,-13.413],[143.527,-13.327],[143.502,-13.124],[143.498,-12.949],[143.544,-12.843],[143.449,-12.849],[143.401,-12.901],[143.357,-12.898],[143.362,-12.791],[143.329,-12.77],[143.332,-12.793]]],[[[143.617,-12.985],[143.616,-12.985],[143.617,-12.988],[143.617,-12.985]]],[[[143.613,-12.986],[143.613,-12.984],[143.611,-12.985],[143.613,-12.986]]],[[[143.614,-12.994],[143.613,-12.992],[143.613,-12.992],[143.614,-12.994]]],[[[143.611,-12.989],[143.611,-12.989],[143.611,-12.988],[143.611,-12.989]]],[[[143.546,-12.887],[143.548,-12.885],[143.547,-12.884],[143.546,-12.887]]],[[[143.603,-12.886],[143.605,-12.888],[143.604,-12.885],[143.603,-12.886]]],[[[143.597,-12.886],[143.598,-12.883],[143.596,-12.885],[143.597,-12.886]]],[[[143.55,-12.886],[143.55,-12.885],[143.549,-12.886],[143.55,-12.886]]],[[[143.286,-12.824],[143.309,-12.819],[143.277,-12.781],[143.286,-12.824]]],[[[143.365,-12.884],[143.375,-12.896],[143.377,-12.884],[143.365,-12.884]]],[[[143.389,-12.872],[143.401,-12.869],[143.389,-12.865],[143.389,-12.872]]],[[[143.385,-12.865],[143.378,-12.874],[143.388,-12.874],[143.385,-12.865]]],[[[143.396,-12.884],[143.401,-12.897],[143.399,-12.877],[143.396,-12.884]]],[[[143.381,-12.881],[143.391,-12.881],[143.384,-12.877],[143.381,-12.881]]],[[[143.403,-12.76],[143.398,-12.754],[143.401,-12.768],[143.403,-12.76]]],[[[143.368,-12.879],[143.375,-12.882],[143.369,-12.877],[143.368,-12.879]]],[[[143.395,-12.75],[143.397,-12.749],[143.396,-12.748],[143.395,-12.75]]],[[[143.405,-12.76],[143.405,-12.757],[143.404,-12.759],[143.405,-12.76]]],[[[143.412,-12.782],[143.412,-12.781],[143.41,-12.78],[143.412,-12.782]]],[[[143.386,-12.884],[143.39,-12.883],[143.387,-12.883],[143.386,-12.884]]]]},"properties":{"lga_name":"Lockhart River","lga_code":"34570"}},{"type":"Feature","geometry":{"type":"Polygon","coordinates":[[[152.493,-27.552],[152.477,-27.479],[152.373,-27.402],[152.315,-27.399],[152.31,-27.429],[152.291,-27.4],[152.263,-27.416],[152.261,-27.393],[152.193,-27.385],[152.162,-27.447],[152.054,-27.392],[151.964,-27.471],[151.957,-27.519],[151.998,-27.525],[152.017,-27.58],[151.942,-27.632],[151.984,-27.647],[152.002,-27.703],[152.139,-27.78],[152.151,-27.877],[152.215,-27.945],[152.395,-27.978],[152.416,-27.945],[152.383,-27.807],[152.407,-27.806],[152.413,-27.701],[152.392,-27.691],[152.421,-27.652],[152.458,-27.663],[152.517,-27.56],[152.493,-27.552]]]},"properties":{"lga_name":"Lockyer Valley","lga_code":"34580"}},{"type":"Feature","geometry":{"type":"Polygon","coordinates":[[[153.119,-27.595],[153.059,-27.657],[152.942,-27.626],[152.923,-27.708],[152.891,-27.704],[152.873,-27.753],[152.808,-27.759],[152.827,-27.81],[152.801,-27.844],[152.835,-27.87],[152.945,-27.843],[152.96,-27.921],[153.017,-27.9],[153.047,-27.936],[153.088,-27.931],[153.104,-27.868],[153.158,-27.859],[153.183,-27.82],[153.169,-27.801],[153.233,-27.724],[153.213,-27.715],[153.29,-27.688],[153.281,-27.658],[153.119,-27.595]]]},"properties":{"lga_name":"Logan","lga_code":"34590"}},{"type":"Feature","geometry":{"type":"Polygon","coordinates":[[[143.249,-22.84],[143.239,-22.895],[143.108,-22.997],[143.006,-22.989],[142.979,-23.137],[143.07,-23.239],[142.946,-23.334],[142.923,-23.31],[142.906,-23.352],[142.852,-23.347],[142.809,-23.637],[142.887,-23.649],[142.878,-23.702],[142.95,-23.708],[142.934,-23.867],[143.069,-23.879],[143.04,-24.134],[143.104,-24.138],[143.1,-24.268],[143.298,-24.278],[143.347,-24.226],[143.375,-24.12],[143.459,-24.13],[143.463,-24.101],[143.637,-24.118],[143.63,-24.176],[143.744,-24.186],[143.694,-24.44],[143.77,-24.446],[143.757,-24.547],[143.72,-24.508],[143.535,-24.642],[143.606,-24.732],[143.515,-24.778],[143.428,-24.872],[143.559,-25.012],[143.61,-24.953],[143.664,-25.017],[143.895,-24.803],[143.966,-24.845],[144.15,-25.06],[144.182,-25.037],[144.253,-25.117],[144.196,-25.165],[144.225,-25.255],[144.381,-25.114],[144.399,-25.132],[144.462,-25.032],[144.482,-25.078],[144.628,-24.968],[144.652,-24.663],[144.687,-24.636],[144.656,-24.633],[144.701,-24.21],[144.789,-24.22],[144.803,-24.067],[144.883,-24.007],[144.795,-23.999],[144.826,-23.697],[144.776,-23.691],[144.795,-23.519],[144.869,-23.524],[144.871,-23.363],[144.909,-23.349],[144.925,-23.219],[144.893,-23.215],[144.905,-23.115],[144.852,-23.109],[144.864,-23.007],[144.475,-22.962],[144.593,-22.695],[144.5,-22.659],[144.503,-22.607],[144.243,-22.6],[144.24,-22.632],[144.168,-22.624],[144.176,-22.595],[143.941,-22.592],[143.888,-22.497],[143.776,-22.564],[143.614,-22.539],[143.632,-22.558],[143.48,-22.672],[143.4,-22.67],[143.397,-22.729],[143.299,-22.723],[143.249,-22.84]]]},"properties":{"lga_name":"Longreach","lga_code":"34710"}},{"type":"Feature","geometry":{"type":"MultiPolygon","coordinates":[[[[149.314,-21.359],[149.299,-21.273],[149.257,-21.245],[149.179,-21.285],[149.214,-21.242],[149.174,-21.198],[149.196,-21.211],[149.215,-21.145],[149.153,-21.143],[149.197,-21.126],[149.223,-21.148],[149.227,-21.063],[149.206,-21.077],[149.158,-21.0],[149.089,-20.976],[149.017,-20.993],[149.014,-20.936],[149.061,-20.928],[149.046,-20.903],[148.915,-20.892],[148.885,-20.849],[148.845,-20.876],[148.839,-20.825],[148.795,-20.813],[148.841,-20.791],[148.731,-20.717],[148.706,-20.671],[148.727,-20.633],[148.697,-20.637],[148.643,-20.55],[148.59,-20.601],[148.556,-20.58],[148.57,-20.624],[148.527,-20.654],[148.491,-20.622],[148.457,-20.737],[148.361,-20.807],[148.165,-20.771],[148.151,-20.849],[148.329,-21.114],[148.292,-21.152],[148.347,-21.257],[148.429,-21.299],[148.47,-21.274],[148.556,-21.371],[148.686,-21.377],[148.7,-21.344],[148.763,-21.395],[148.902,-21.405],[148.914,-21.379],[149.032,-21.354],[149.076,-21.39],[149.086,-21.49],[148.994,-21.719],[149.036,-21.771],[149.066,-21.733],[149.174,-21.771],[149.263,-21.74],[149.385,-21.625],[149.44,-21.631],[149.486,-21.571],[149.484,-21.531],[149.443,-21.593],[149.438,-21.554],[149.399,-21.56],[149.374,-21.535],[149.396,-21.493],[149.35,-21.509],[149.34,-21.475],[149.29,-21.504],[149.298,-21.426],[149.338,-21.427],[149.276,-21.401],[149.317,-21.394],[149.314,-21.359]]],[[[149.005,-20.425],[149.008,-20.427],[149.007,-20.422],[149.005,-20.425]]],[[[149.035,-20.427],[149.037,-20.423],[149.027,-20.421],[149.035,-20.427]]],[[[149.016,-20.42],[149.017,-20.419],[149.016,-20.419],[149.016,-20.42]]],[[[149.034,-20.404],[149.026,-20.393],[149.024,-20.401],[149.034,-20.404]]],[[[148.959,-20.868],[148.96,-20.867],[148.959,-20.867],[148.959,-20.868]]],[[[149.063,-20.613],[149.066,-20.614],[149.063,-20.612],[149.063,-20.613]]],[[[149.113,-20.592],[149.112,-20.583],[149.11,-20.582],[149.113,-20.592]]],[[[149.126,-20.549],[149.127,-20.546],[149.126,-20.547],[149.126,-20.549]]],[[[149.087,-20.535],[149.088,-20.53],[149.086,-20.532],[149.087,-20.535]]],[[[149.112,-20.493],[149.11,-20.486],[149.11,-20.491],[149.112,-20.493]]],[[[149.133,-20.468],[149.121,-20.469],[149.132,-20.482],[149.133,-20.468]]],[[[149.032,-20.474],[149.037,-20.466],[149.033,-20.468],[149.032,-20.474]]],[[[149.083,-20.433],[149.092,-20.418],[149.085,-20.421],[149.083,-20.433]]],[[[149.102,-20.55],[149.124,-20.544],[149.113,-20.538],[149.102,-20.55]]],[[[149.081,-20.526],[149.09,-20.524],[149.081,-20.515],[149.081,-20.526]]],[[[149.089,-20.507],[149.09,-20.506],[149.088,-20.506],[149.089,-20.507]]],[[[149.062,-20.921],[149.059,-20.92],[149.059,-20.923],[149.062,-20.921]]],[[[149.067,-20.526],[149.105,-20.481],[149.083,-20.435],[149.065,-20.502],[149.037,-20.504],[149.067,-20.526]]],[[[149.029,-20.451],[149.065,-20.453],[149.033,-20.43],[149.029,-20.451]]],[[[149.105,-20.466],[149.109,-20.461],[149.104,-20.462],[149.105,-20.466]]],[[[149.101,-20.436],[149.103,-20.438],[149.102,-20.432],[149.101,-20.436]],[[149.073,-20.642],[149.055,-20.618],[149.089,-20.661],[149.073,-20.642]]],[[[149.063,-20.651],[149.054,-20.637],[149.057,-20.648],[149.063,-20.651]]],[[[148.766,-20.692],[148.766,-20.689],[148.76,-20.689],[148.766,-20.692]]],[[[148.759,-20.673],[148.758,-20.672],[148.758,-20.673],[148.759,-20.673]]],[[[149.097,-20.681],[149.097,-20.679],[149.097,-20.681],[149.097,-20.681]]],[[[149.072,-20.626],[149.073,-20.625],[149.072,-20.624],[149.072,-20.626]]],[[[149.07,-20.662],[149.071,-20.661],[149.07,-20.66],[149.07,-20.662]]],[[[148.943,-20.661],[148.943,-20.661],[148.943,-20.661],[148.943,-20.661]]],[[[148.897,-20.852],[148.915,-20.854],[148.902,-20.827],[148.897,-20.852]]],[[[148.921,-20.856],[148.928,-20.852],[148.918,-20.847],[148.921,-20.856]]],[[[148.933,-20.854],[148.938,-20.852],[148.932,-20.844],[148.933,-20.854]]],[[[148.931,-20.863],[148.93,-20.859],[148.924,-20.86],[148.931,-20.863]]],[[[148.902,-20.865],[148.898,-20.867],[148.9,-20.867],[148.902,-20.865]]],[[[148.958,-20.872],[148.961,-20.871],[148.961,-20.869],[148.958,-20.872]]],[[[148.877,-20.797],[148.88,-20.798],[148.879,-20.796],[148.877,-20.797]]],[[[148.85,-20.788],[148.851,-20.786],[148.848,-20.786],[148.85,-20.788]]],[[[148.855,-20.795],[148.859,-20.795],[148.855,-20.794],[148.855,-20.795]]],[[[148.871,-20.805],[148.873,-20.804],[148.872,-20.804],[148.871,-20.805]]],[[[148.943,-20.864],[148.944,-20.862],[148.944,-20.861],[148.943,-20.864]]],[[[148.856,-20.783],[148.856,-20.783],[148.855,-20.782],[148.856,-20.783]]],[[[148.841,-20.824],[148.842,-20.823],[148.84,-20.823],[148.841,-20.824]]],[[[148.94,-20.863],[148.94,-20.862],[148.939,-20.861],[148.94,-20.863]]],[[[148.846,-20.792],[148.845,-20.791],[148.844,-20.792],[148.846,-20.792]]],[[[148.937,-20.86],[148.939,-20.859],[148.938,-20.859],[148.937,-20.86]]],[[[149.461,-21.453],[149.457,-21.456],[149.462,-21.457],[149.461,-21.453]]],[[[149.711,-21.455],[149.719,-21.459],[149.713,-21.439],[149.711,-21.455]]],[[[149.494,-21.422],[149.495,-21.422],[149.494,-21.422],[149.494,-21.422]]],[[[149.684,-21.328],[149.694,-21.313],[149.668,-21.302],[149.684,-21.328]]],[[[149.932,-21.104],[149.936,-21.102],[149.933,-21.101],[149.932,-21.104]]],[[[149.545,-21.031],[149.548,-21.031],[149.546,-21.028],[149.545,-21.031]]],[[[149.895,-21.017],[149.911,-21.019],[149.904,-21.003],[149.895,-21.017]]],[[[149.79,-20.989],[149.78,-20.983],[149.772,-20.986],[149.79,-20.989]]],[[[149.406,-20.769],[149.39,-20.774],[149.412,-20.775],[149.406,-20.769]]],[[[149.616,-20.779],[149.626,-20.773],[149.623,-20.761],[149.616,-20.779]]],[[[149.473,-20.748],[149.484,-20.741],[149.466,-20.727],[149.473,-20.748]]],[[[149.502,-21.604],[149.504,-21.604],[149.503,-21.602],[149.502,-21.604]]],[[[149.657,-21.373],[149.66,-21.37],[149.657,-21.371],[149.657,-21.373]]],[[[149.733,-20.948],[149.734,-20.945],[149.733,-20.947],[149.733,-20.948]]],[[[149.624,-20.857],[149.578,-20.87],[149.617,-20.884],[149.624,-20.857]]],[[[149.488,-21.6],[149.493,-21.605],[149.499,-21.598],[149.488,-21.6]]],[[[149.4,-21.491],[149.402,-21.489],[149.4,-21.488],[149.4,-21.491]]],[[[149.39,-21.474],[149.392,-21.474],[149.391,-21.473],[149.39,-21.474]]],[[[149.434,-20.93],[149.453,-20.906],[149.425,-20.908],[149.434,-20.93]]],[[[149.395,-20.92],[149.423,-20.925],[149.414,-20.897],[149.395,-20.92]]],[[[149.465,-20.931],[149.467,-20.937],[149.47,-20.928],[149.465,-20.931]]],[[[149.476,-20.931],[149.475,-20.927],[149.474,-20.93],[149.476,-20.931]]],[[[149.27,-20.757],[149.27,-20.755],[149.269,-20.756],[149.27,-20.757]]],[[[149.232,-20.733],[149.233,-20.732],[149.232,-20.731],[149.232,-20.733]]],[[[149.303,-21.293],[149.303,-21.292],[149.303,-21.293],[149.303,-21.293]]],[[[149.268,-21.175],[149.266,-21.17],[149.263,-21.174],[149.268,-21.175]]],[[[149.247,-21.163],[149.247,-21.157],[149.24,-21.161],[149.247,-21.163]]],[[[149.245,-21.097],[149.245,-21.096],[149.244,-21.096],[149.245,-21.097]]],[[[149.267,-20.793],[149.267,-20.792],[149.267,-20.792],[149.267,-20.793]]],[[[149.276,-20.791],[149.301,-20.798],[149.285,-20.772],[149.276,-20.791]]],[[[149.282,-20.803],[149.249,-20.806],[149.266,-20.823],[149.282,-20.803]]],[[[149.148,-20.983],[149.152,-20.977],[149.148,-20.976],[149.148,-20.983]]],[[[149.162,-20.755],[149.163,-20.75],[149.159,-20.749],[149.162,-20.755]]],[[[149.148,-20.686],[149.167,-20.683],[149.163,-20.664],[149.148,-20.686]]],[[[149.186,-20.687],[149.194,-20.672],[149.181,-20.666],[149.186,-20.687]]],[[[149.201,-20.686],[149.205,-20.698],[149.209,-20.691],[149.201,-20.686]]],[[[149.142,-20.703],[149.146,-20.702],[149.142,-20.699],[149.142,-20.703]]],[[[149.139,-20.677],[149.14,-20.673],[149.138,-20.673],[149.139,-20.677]]],[[[149.138,-20.715],[149.141,-20.709],[149.137,-20.712],[149.138,-20.715]]],[[[149.153,-20.653],[149.153,-20.649],[149.151,-20.652],[149.153,-20.653]]],[[[149.208,-20.701],[149.209,-20.7],[149.207,-20.699],[149.208,-20.701]]],[[[149.187,-20.6],[149.187,-20.599],[149.185,-20.599],[149.187,-20.6]]],[[[149.322,-21.324],[149.324,-21.322],[149.322,-21.323],[149.322,-21.324]]]]},"properties":{"lga_name":"Mackay","lga_code":"34770"}},{"type":"Feature","geometry":{"type":"Polygon","coordinates":[[[141.024,-20.484],[141.083,-20.59],[141.078,-20.645],[140.961,-20.634],[140.95,-20.743],[140.831,-20.878],[140.849,-20.956],[140.828,-20.989],[140.873,-20.991],[140.865,-21.099],[140.834,-21.097],[140.805,-21.194],[140.809,-21.22],[140.882,-21.225],[140.876,-21.323],[140.856,-21.359],[140.808,-21.355],[140.8,-21.42],[140.844,-21.427],[140.959,-21.625],[140.923,-21.773],[140.865,-21.81],[140.881,-21.872],[140.855,-21.934],[140.913,-21.938],[140.882,-22.048],[140.981,-22.053],[140.994,-21.894],[141.064,-21.902],[141.063,-21.929],[141.483,-21.947],[141.508,-21.75],[141.583,-21.756],[141.58,-21.793],[142.049,-21.816],[142.073,-21.523],[142.038,-21.52],[142.08,-21.488],[142.092,-21.383],[142.064,-21.38],[142.138,-21.324],[142.047,-21.225],[142.25,-21.236],[142.255,-21.17],[142.222,-21.167],[142.238,-21.014],[142.199,-21.011],[142.203,-20.988],[142.292,-20.995],[142.302,-20.884],[142.331,-20.794],[142.355,-20.796],[142.363,-20.72],[142.31,-20.715],[142.362,-20.569],[142.381,-20.334],[142.336,-20.33],[142.376,-19.6],[142.602,-19.62],[142.604,-19.403],[142.168,-19.383],[142.16,-19.455],[142.034,-19.443],[142.036,-19.422],[141.905,-19.411],[141.908,-19.372],[141.81,-19.369],[141.753,-19.305],[141.692,-19.357],[141.642,-19.307],[141.61,-19.331],[141.412,-19.314],[141.418,-19.243],[141.096,-19.199],[141.106,-19.148],[140.921,-19.135],[140.997,-19.258],[140.975,-19.329],[141.04,-19.495],[141.015,-19.557],[140.947,-19.582],[140.942,-19.64],[140.749,-19.629],[140.739,-19.667],[140.822,-19.709],[140.818,-19.759],[140.886,-19.764],[140.875,-19.928],[140.899,-19.932],[140.783,-20.023],[140.997,-20.224],[140.908,-20.299],[141.081,-20.314],[141.018,-20.387],[141.024,-20.484]]]},"properties":{"lga_name":"McKinlay","lga_code":"34800"}},{"type":"Feature","geometry":{"type":"MultiPolygon","coordinates":[[[[141.888,-11.952],[141.725,-12.229],[141.849,-12.241],[141.849,-12.194],[141.945,-12.147],[141.888,-11.952]]],[[[142.129,-12.392],[142.22,-12.278],[142.076,-12.279],[142.112,-12.3],[142.129,-12.392]]],[[[141.924,-12.168],[141.961,-12.18],[141.968,-12.066],[142.004,-12.128],[142.022,-12.081],[142.046,-12.112],[142.065,-12.007],[142.104,-11.983],[142.044,-11.988],[142.023,-12.075],[141.954,-12.046],[141.924,-12.168]]],[[[141.894,-12.0],[141.895,-11.999],[141.893,-11.999],[141.894,-12.0]]]]},"properties":{"lga_name":"Mapoon","lga_code":"34830"}},{"type":"Feature","geometry":{"type":"Polygon","coordinates":[[[147.326,-26.401],[147.305,-26.528],[147.216,-26.528],[147.21,-26.574],[147.249,-26.595],[147.206,-26.967],[147.064,-26.956],[147.031,-27.083],[147.097,-27.1],[147.04,-27.475],[147.063,-27.566],[147.143,-27.575],[147.11,-27.896],[147.286,-27.903],[147.292,-27.868],[147.444,-27.887],[147.448,-27.831],[147.561,-27.845],[147.583,-27.706],[147.637,-27.71],[147.649,-27.626],[147.916,-27.629],[147.918,-27.588],[148.018,-27.6],[148.011,-27.655],[148.056,-27.624],[148.096,-27.669],[148.182,-27.612],[148.284,-27.683],[148.415,-27.597],[148.591,-27.625],[148.584,-27.675],[148.739,-27.693],[148.725,-27.579],[148.84,-27.577],[148.835,-27.615],[149.003,-27.633],[149.042,-27.582],[149.051,-27.626],[149.19,-27.643],[149.185,-27.676],[149.427,-27.703],[149.424,-27.751],[149.496,-27.754],[149.508,-27.679],[149.466,-27.674],[149.497,-27.432],[149.458,-27.368],[149.593,-27.222],[149.557,-27.191],[149.679,-27.075],[149.616,-27.042],[149.668,-27.015],[149.592,-26.808],[149.684,-26.774],[149.671,-26.668],[149.702,-26.611],[149.667,-26.606],[149.696,-26.591],[149.728,-26.47],[149.685,-26.465],[149.751,-26.39],[149.822,-26.38],[149.832,-26.317],[149.718,-26.291],[149.505,-26.336],[149.512,-26.29],[149.442,-26.315],[149.4,-26.276],[149.155,-26.308],[149.218,-26.053],[149.135,-26.044],[149.094,-25.94],[149.108,-25.873],[149.028,-25.804],[149.031,-25.77],[148.961,-25.79],[148.901,-25.76],[148.939,-25.686],[148.974,-25.713],[149.057,-25.669],[149.061,-25.628],[148.986,-25.613],[149.024,-25.56],[148.938,-25.459],[148.833,-25.46],[148.726,-25.401],[148.745,-25.28],[148.684,-25.282],[148.666,-25.311],[148.568,-25.25],[148.412,-25.26],[148.306,-25.212],[148.235,-25.101],[148.161,-25.084],[148.096,-25.017],[148.056,-24.914],[147.973,-24.882],[147.814,-24.97],[147.766,-25.034],[147.659,-25.004],[147.655,-25.231],[147.554,-25.219],[147.541,-25.312],[147.359,-25.291],[147.393,-25.354],[147.356,-25.501],[147.305,-25.495],[147.285,-25.641],[147.179,-25.629],[147.16,-25.781],[147.259,-25.792],[147.282,-25.916],[147.455,-25.98],[147.444,-26.134],[147.359,-26.156],[147.373,-26.287],[147.344,-26.283],[147.326,-26.401]]]},"properties":{"lga_name":"Maranoa","lga_code":"34860"}},{"type":"Feature","geometry":{"type":"Polygon","coordinates":[[[142.523,-16.811],[142.508,-16.972],[142.421,-17.087],[142.541,-17.176],[142.402,-17.355],[142.341,-17.286],[142.174,-17.433],[142.276,-17.498],[142.368,-17.508],[142.454,-17.634],[142.51,-17.662],[142.78,-17.649],[142.972,-17.584],[142.981,-17.545],[143.172,-17.56],[143.255,-17.513],[143.381,-17.551],[143.524,-17.656],[143.589,-17.616],[143.642,-17.642],[143.678,-17.61],[143.731,-17.654],[143.976,-17.681],[143.971,-17.756],[144.143,-17.954],[144.31,-17.969],[144.342,-17.945],[144.456,-18.055],[144.472,-18.012],[144.604,-18.047],[144.752,-18.216],[144.762,-18.13],[144.804,-18.11],[144.814,-18.146],[144.864,-18.113],[144.868,-17.901],[144.966,-17.744],[144.994,-17.606],[145.021,-17.616],[145.058,-17.566],[145.184,-17.515],[145.224,-17.529],[145.259,-17.413],[145.418,-17.334],[145.437,-17.302],[145.389,-17.097],[145.513,-17.17],[145.567,-17.139],[145.58,-17.093],[145.633,-17.078],[145.615,-17.05],[145.674,-16.894],[145.631,-16.725],[145.518,-16.675],[145.53,-16.623],[145.447,-16.644],[145.404,-16.512],[145.355,-16.556],[145.296,-16.537],[145.27,-16.467],[145.14,-16.347],[145.134,-16.286],[145.021,-16.221],[144.976,-16.28],[144.992,-16.317],[144.891,-16.35],[144.878,-16.327],[144.839,-16.364],[144.762,-16.263],[144.717,-16.251],[144.679,-16.333],[144.576,-16.29],[144.515,-16.309],[144.509,-16.354],[144.415,-16.35],[144.344,-16.286],[144.318,-16.331],[144.247,-16.344],[144.098,-16.131],[144.043,-16.148],[143.95,-16.108],[143.915,-16.136],[143.874,-16.106],[143.758,-16.165],[143.657,-16.118],[143.638,-16.077],[143.528,-16.094],[143.39,-16.043],[143.223,-16.108],[142.711,-16.079],[142.742,-16.112],[142.699,-16.173],[142.637,-16.132],[142.596,-16.191],[142.523,-16.811]]]},"properties":{"lga_name":"Mareeba","lga_code":"34880"}},{"type":"Feature","geometry":{"type":"MultiPolygon","coordinates":[[[[153.043,-26.969],[152.858,-26.956],[152.854,-26.856],[152.776,-26.796],[152.679,-26.8],[152.69,-26.891],[152.661,-26.91],[152.687,-26.914],[152.651,-26.955],[152.685,-26.966],[152.704,-27.025],[152.677,-27.09],[152.734,-27.102],[152.739,-27.151],[152.681,-27.263],[152.754,-27.295],[152.775,-27.402],[152.861,-27.422],[152.976,-27.401],[152.997,-27.302],[153.079,-27.265],[153.054,-27.23],[153.108,-27.261],[153.115,-27.191],[153.029,-27.179],[153.067,-27.111],[153.144,-27.076],[153.099,-27.064],[153.043,-26.969]]],[[[153.074,-27.001],[153.076,-27.0],[153.075,-27.0],[153.074,-27.001]]],[[[153.145,-27.076],[153.146,-27.076],[153.145,-27.076],[153.145,-27.076]]],[[[153.086,-27.007],[153.079,-27.002],[153.078,-27.01],[153.086,-27.007]]],[[[153.105,-27.036],[153.108,-27.039],[153.107,-27.037],[153.105,-27.036]]],[[[153.105,-27.065],[153.108,-27.065],[153.109,-27.065],[153.105,-27.065]]],[[[153.105,-26.948],[153.077,-26.979],[153.165,-27.099],[153.197,-27.097],[153.147,-26.937],[153.105,-26.948]]]]},"properties":{"lga_name":"Moreton Bay","lga_code":"35010"}},{"type":"Feature","geometry":{"type":"MultiPolygon","coordinates":[[[[139.195,-16.662],[139.229,-16.733],[139.313,-16.73],[139.374,-16.686],[139.376,-16.642],[139.451,-16.666],[139.439,-16.631],[139.465,-16.629],[139.473,-16.583],[139.453,-16.57],[139.506,-16.578],[139.514,-16.545],[139.475,-16.526],[139.53,-16.518],[139.547,-16.461],[139.594,-16.555],[139.657,-16.519],[139.712,-16.532],[139.702,-16.486],[139.551,-16.391],[139.465,-16.446],[139.307,-16.462],[139.16,-16.61],[139.162,-16.665],[139.195,-16.662]]],[[[139.061,-16.889],[139.046,-16.885],[139.077,-16.905],[139.061,-16.889]]],[[[139.067,-16.869],[139.063,-16.861],[139.059,-16.877],[139.067,-16.869]]],[[[139.121,-16.859],[139.119,-16.859],[139.121,-16.862],[139.121,-16.859]]],[[[139.137,-16.805],[139.094,-16.813],[139.095,-16.843],[139.15,-16.824],[139.137,-16.805]]],[[[139.135,-16.791],[139.135,-16.79],[139.134,-16.79],[139.135,-16.791]]],[[[139.14,-16.79],[139.14,-16.789],[139.139,-16.789],[139.14,-16.79]]],[[[139.151,-16.784],[139.156,-16.774],[139.153,-16.776],[139.151,-16.784]]],[[[139.15,-16.757],[139.142,-16.755],[139.14,-16.762],[139.15,-16.757]]],[[[139.255,-16.23],[139.253,-16.23],[139.254,-16.233],[139.255,-16.23]]],[[[139.605,-17.138],[139.629,-17.062],[139.596,-17.112],[139.605,-17.138]]],[[[139.386,-17.072],[139.365,-17.07],[139.392,-17.073],[139.386,-17.072]]],[[[139.19,-16.991],[139.203,-16.995],[139.2,-16.993],[139.19,-16.991]]],[[[139.362,-16.956],[139.365,-16.957],[139.364,-16.953],[139.362,-16.956]]],[[[139.842,-16.71],[139.842,-16.709],[139.842,-16.709],[139.842,-16.71]]],[[[139.843,-16.707],[139.844,-16.707],[139.843,-16.706],[139.843,-16.707]]],[[[139.87,-16.655],[139.855,-16.677],[139.888,-16.654],[139.87,-16.655]]],[[[139.472,-16.562],[139.47,-16.565],[139.474,-16.567],[139.472,-16.562]]],[[[139.807,-16.497],[139.814,-16.491],[139.803,-16.487],[139.807,-16.497]]],[[[139.773,-16.44],[139.773,-16.44],[139.771,-16.44],[139.773,-16.44]]],[[[139.279,-16.269],[139.272,-16.265],[139.273,-16.276],[139.279,-16.269]]],[[[139.485,-17.118],[139.578,-17.094],[139.494,-16.98],[139.49,-17.045],[139.462,-17.025],[139.394,-17.083],[139.435,-17.139],[139.43,-17.104],[139.481,-17.085],[139.485,-17.118]]],[[[139.549,-17.129],[139.56,-17.114],[139.552,-17.115],[139.549,-17.129]]],[[[139.379,-17.03],[139.381,-17.03],[139.383,-17.025],[139.379,-17.03]]],[[[139.232,-17.024],[139.207,-17.003],[139.266,-17.058],[139.232,-17.024]]],[[[139.37,-17.0],[139.371,-17.004],[139.376,-17.007],[139.37,-17.0]]],[[[139.266,-16.999],[139.279,-16.991],[139.264,-16.985],[139.266,-16.999]]],[[[139.829,-16.703],[139.84,-16.699],[139.832,-16.697],[139.829,-16.703]]],[[[139.476,-16.605],[139.47,-16.605],[139.478,-16.608],[139.476,-16.605]]],[[[139.726,-16.495],[139.718,-16.45],[139.701,-16.475],[139.726,-16.495]]],[[[139.289,-16.749],[139.296,-16.752],[139.289,-16.743],[139.289,-16.749]]],[[[139.164,-16.745],[139.167,-16.748],[139.163,-16.741],[139.164,-16.745]]],[[[139.183,-16.698],[139.18,-16.672],[139.146,-16.692],[139.141,-16.754],[139.185,-16.734],[139.183,-16.698]]],[[[139.456,-16.673],[139.446,-16.706],[139.478,-16.679],[139.456,-16.673]]],[[[139.456,-16.667],[139.459,-16.666],[139.455,-16.662],[139.456,-16.667]]],[[[139.46,-16.667],[139.459,-16.669],[139.46,-16.668],[139.46,-16.667]]]]},"properties":{"lga_name":"Mornington","lga_code":"35250"}},{"type":"Feature","geometry":{"type":"Polygon","coordinates":[[[137.997,-20.224],[137.997,-21.194],[138.16,-21.204],[138.178,-20.998],[138.342,-20.998],[138.316,-21.021],[138.42,-21.129],[138.364,-21.177],[138.49,-21.313],[138.53,-21.315],[138.685,-21.147],[139.041,-20.865],[139.129,-20.96],[139.397,-20.968],[139.396,-20.893],[139.723,-20.906],[139.743,-20.667],[139.909,-20.623],[139.863,-20.499],[139.878,-20.436],[140.033,-20.535],[140.023,-20.436],[139.943,-20.396],[139.971,-20.213],[139.733,-20.233],[139.732,-20.185],[139.78,-20.189],[139.806,-19.808],[139.729,-19.794],[139.726,-19.848],[139.514,-19.823],[139.533,-19.725],[139.47,-19.719],[139.486,-19.436],[139.514,-19.438],[139.551,-19.167],[139.205,-19.139],[139.209,-19.084],[139.158,-19.041],[139.224,-18.915],[139.157,-18.875],[139.049,-18.965],[138.985,-18.904],[139.077,-18.867],[138.987,-18.77],[138.916,-18.83],[138.768,-18.673],[138.703,-18.734],[138.734,-18.751],[138.686,-18.841],[138.604,-18.817],[138.529,-18.882],[138.475,-18.825],[138.193,-18.777],[138.238,-18.195],[137.996,-18.178],[137.997,-20.224]]]},"properties":{"lga_name":"Mount Isa","lga_code":"35300"}},{"type":"Feature","geometry":{"type":"Polygon","coordinates":[[[145.294,-26.208],[145.283,-26.303],[145.33,-26.305],[145.31,-26.46],[145.359,-26.465],[145.339,-26.61],[145.285,-26.636],[145.33,-26.702],[145.321,-26.755],[145.274,-26.751],[145.255,-27.04],[145.599,-27.075],[145.623,-27.044],[145.795,-27.061],[145.807,-26.976],[146.229,-27.011],[146.221,-27.082],[146.461,-27.105],[146.453,-27.175],[146.605,-27.193],[146.585,-27.329],[146.669,-27.337],[146.64,-27.491],[147.061,-27.537],[147.045,-27.394],[147.097,-27.1],[147.03,-27.092],[147.049,-27.011],[147.064,-26.956],[147.206,-26.967],[147.249,-26.595],[147.21,-26.574],[147.216,-26.528],[147.305,-26.528],[147.344,-26.283],[147.373,-26.287],[147.359,-26.156],[147.444,-26.134],[147.451,-26.081],[147.455,-25.98],[147.282,-25.916],[147.259,-25.792],[147.16,-25.781],[147.179,-25.629],[147.285,-25.641],[147.305,-25.495],[147.356,-25.501],[147.393,-25.354],[147.359,-25.291],[147.541,-25.312],[147.554,-25.219],[147.655,-25.231],[147.659,-25.004],[147.766,-25.034],[147.814,-24.97],[147.955,-24.886],[147.824,-24.735],[147.737,-24.73],[147.579,-24.836],[147.508,-24.821],[147.484,-24.877],[147.322,-24.87],[147.238,-24.986],[147.167,-24.989],[147.135,-24.958],[147.097,-25.002],[147.065,-24.99],[147.093,-25.069],[147.007,-25.075],[147.001,-25.153],[146.946,-25.148],[146.938,-25.21],[146.879,-25.221],[146.737,-25.358],[146.758,-25.188],[146.575,-25.174],[146.566,-25.308],[146.496,-25.304],[146.51,-25.335],[146.216,-25.274],[146.172,-25.588],[145.971,-25.569],[145.977,-25.488],[145.939,-25.488],[145.968,-25.636],[145.945,-25.721],[145.746,-25.692],[145.749,-25.616],[145.674,-25.609],[145.584,-25.755],[145.493,-25.746],[145.503,-25.617],[145.538,-25.604],[145.55,-25.51],[145.462,-25.504],[145.413,-26.023],[145.374,-26.019],[145.355,-26.16],[145.3,-26.154],[145.294,-26.208]]]},"properties":{"lga_name":"Murweh","lga_code":"35600"}},{"type":"Feature","geometry":{"type":"MultiPolygon","coordinates":[[[[141.964,-12.711],[142.001,-12.775],[142.014,-12.738],[142.05,-12.742],[142.069,-12.787],[142.109,-12.741],[142.168,-12.765],[142.196,-12.638],[142.566,-12.662],[142.569,-12.617],[142.487,-12.486],[142.406,-12.52],[142.262,-12.367],[142.131,-12.403],[142.11,-12.297],[142.041,-12.279],[142.041,-12.498],[141.996,-12.573],[141.967,-12.57],[141.963,-12.533],[141.91,-12.575],[141.941,-12.561],[142.004,-12.601],[142.028,-12.575],[142.172,-12.563],[142.193,-12.618],[142.095,-12.685],[141.964,-12.711]]],[[[141.847,-12.943],[141.87,-12.874],[141.827,-12.874],[141.801,-12.914],[141.847,-12.943]]],[[[141.898,-12.607],[141.897,-12.618],[141.906,-12.611],[141.898,-12.607]]],[[[141.9,-12.591],[141.903,-12.589],[141.904,-12.585],[141.9,-12.591]]],[[[141.753,-12.831],[141.801,-12.836],[141.803,-12.747],[141.753,-12.831]]],[[[141.894,-12.766],[141.892,-12.73],[141.878,-12.714],[141.894,-12.766]]],[[[141.9,-12.691],[141.894,-12.672],[141.882,-12.672],[141.9,-12.691]]],[[[141.907,-12.764],[141.915,-12.743],[141.906,-12.754],[141.907,-12.764]]],[[[141.906,-12.752],[141.909,-12.75],[141.907,-12.746],[141.906,-12.752]]],[[[141.909,-12.695],[141.91,-12.692],[141.908,-12.694],[141.909,-12.695]]],[[[141.591,-12.564],[141.657,-12.442],[141.776,-12.466],[141.845,-12.333],[141.73,-12.307],[141.846,-12.319],[141.849,-12.241],[141.715,-12.235],[141.591,-12.564]]],[[[141.702,-12.52],[141.82,-12.601],[141.894,-12.591],[141.872,-12.56],[141.873,-12.588],[141.796,-12.576],[141.719,-12.499],[141.737,-12.48],[141.702,-12.52]]],[[[141.643,-12.574],[141.698,-12.545],[141.653,-12.521],[141.654,-12.462],[141.643,-12.574]]],[[[141.687,-12.476],[141.733,-12.468],[141.717,-12.458],[141.687,-12.476]]],[[[141.74,-12.472],[141.745,-12.477],[141.749,-12.478],[141.74,-12.472]]]]},"properties":{"lga_name":"Napranum","lga_code":"35670"}},{"type":"Feature","geometry":{"type":"Polygon","coordinates":[[[153.098,-26.381],[153.061,-26.33],[153.096,-26.155],[152.974,-26.137],[152.923,-26.209],[152.831,-26.216],[152.763,-26.375],[152.827,-26.499],[152.922,-26.443],[153.05,-26.431],[153.096,-26.499],[153.12,-26.391],[153.098,-26.381]]]},"properties":{"lga_name":"Noosa","lga_code":"35740"}},{"type":"Feature","geometry":{"type":"Polygon","coordinates":[[[150.558,-25.156],[150.472,-25.19],[150.371,-25.481],[150.402,-25.503],[150.402,-25.598],[150.654,-25.66],[150.668,-25.758],[150.644,-25.786],[150.699,-25.856],[150.673,-25.97],[150.764,-25.982],[150.79,-26.049],[150.85,-26.056],[150.914,-26.004],[150.984,-26.008],[151.016,-26.077],[151.079,-26.097],[151.114,-26.091],[151.11,-26.043],[151.299,-26.073],[151.34,-26.012],[151.473,-26.002],[151.505,-25.925],[151.481,-25.902],[151.508,-25.91],[151.519,-25.855],[151.615,-25.854],[151.654,-25.873],[151.657,-25.912],[151.762,-25.937],[151.785,-25.915],[151.757,-25.803],[151.79,-25.759],[151.929,-25.868],[151.986,-25.801],[151.981,-25.713],[152.014,-25.709],[152.044,-25.615],[152.112,-25.627],[152.179,-25.523],[152.274,-25.505],[152.272,-25.419],[152.031,-25.275],[151.965,-25.281],[151.916,-25.354],[151.88,-25.36],[151.861,-25.302],[151.891,-25.288],[151.872,-25.273],[151.931,-25.175],[151.916,-25.149],[151.86,-25.142],[151.824,-25.187],[151.743,-25.074],[151.653,-25.092],[151.65,-25.116],[151.544,-25.096],[151.565,-25.05],[151.524,-24.961],[151.572,-24.932],[151.576,-24.892],[151.55,-24.836],[151.434,-24.836],[151.419,-24.778],[151.453,-24.775],[151.429,-24.703],[151.348,-24.729],[151.336,-24.645],[151.302,-24.668],[151.195,-24.643],[151.23,-24.628],[151.229,-24.528],[151.162,-24.55],[151.169,-24.479],[151.107,-24.47],[151.037,-24.392],[150.992,-24.411],[150.973,-24.576],[150.826,-24.555],[150.819,-24.604],[150.911,-24.65],[150.874,-24.721],[150.656,-24.693],[150.587,-24.731],[150.606,-24.799],[150.54,-24.961],[150.579,-25.112],[150.558,-25.156]]]},"properties":{"lga_name":"North Burnett","lga_code":"35760"}},{"type":"Feature","geometry":{"type":"MultiPolygon","coordinates":[[[[142.374,-10.842],[142.315,-10.915],[142.217,-10.923],[142.23,-10.948],[142.167,-11.004],[142.129,-10.962],[142.157,-11.122],[142.125,-11.224],[142.373,-11.197],[142.365,-11.043],[142.422,-10.964],[142.454,-10.979],[142.428,-10.914],[142.481,-10.806],[142.461,-10.789],[142.517,-10.739],[142.424,-10.727],[142.374,-10.842]]],[[[142.533,-10.843],[142.609,-10.749],[142.581,-10.725],[142.529,-10.736],[142.563,-10.762],[142.533,-10.843]]],[[[142.101,-10.988],[142.116,-10.995],[142.112,-10.968],[142.101,-10.988]],[[142.318,-10.839],[142.317,-10.842],[142.319,-10.836],[142.318,-10.839]]],[[[142.354,-10.847],[142.365,-10.842],[142.355,-10.842],[142.354,-10.847]]],[[[142.349,-10.844],[142.349,-10.843],[142.348,-10.844],[142.349,-10.844]]],[[[142.349,-10.837],[142.35,-10.837],[142.35,-10.837],[142.349,-10.837]]]]},"properties":{"lga_name":"Northern Peninsula Area","lga_code":"35780"}},{"type":"Feature","geometry":{"type":"MultiPolygon","coordinates":[[[[146.58,-18.765],[146.695,-18.759],[146.642,-18.75],[146.574,-18.676],[146.58,-18.765]]],[[[146.543,-18.837],[146.531,-18.835],[146.55,-18.849],[146.543,-18.837]]],[[[146.525,-18.828],[146.528,-18.829],[146.527,-18.827],[146.525,-18.828]]],[[[146.536,-18.778],[146.542,-18.788],[146.549,-18.789],[146.536,-18.778]]],[[[146.515,-18.769],[146.521,-18.774],[146.52,-18.767],[146.515,-18.769]],[[146.516,-18.682],[146.52,-18.715],[146.506,-18.659],[146.516,-18.682]]],[[[146.529,-18.765],[146.537,-18.773],[146.533,-18.767],[146.529,-18.765]]],[[[146.554,-18.77],[146.548,-18.769],[146.554,-18.774],[146.554,-18.77]]],[[[146.668,-18.775],[146.665,-18.778],[146.668,-18.778],[146.668,-18.775]]],[[[146.553,-18.677],[146.567,-18.67],[146.545,-18.652],[146.553,-18.677]]]]},"properties":{"lga_name":"Palm Island","lga_code":"35790"}},{"type":"Feature","geometry":{"type":"Polygon","coordinates":[[[144.78,-28.174],[144.775,-28.211],[144.83,-28.217],[144.819,-28.29],[144.574,-28.269],[144.563,-28.347],[144.644,-28.355],[144.596,-28.567],[144.669,-28.581],[144.641,-28.723],[144.612,-28.74],[144.691,-28.791],[144.623,-28.821],[144.581,-28.91],[144.463,-28.948],[144.48,-28.999],[146.945,-28.999],[146.953,-28.861],[146.863,-28.854],[146.892,-28.721],[146.925,-28.724],[146.963,-28.506],[146.968,-28.36],[146.916,-28.354],[146.99,-27.99],[147.105,-27.995],[147.143,-27.575],[147.063,-27.566],[147.061,-27.537],[146.64,-27.491],[146.669,-27.337],[146.585,-27.329],[146.605,-27.193],[146.453,-27.175],[146.461,-27.105],[146.221,-27.082],[146.229,-27.011],[145.807,-26.976],[145.795,-27.061],[145.623,-27.044],[145.599,-27.075],[145.255,-27.04],[145.259,-27.007],[145.183,-26.999],[145.163,-27.291],[145.017,-27.276],[144.992,-27.412],[144.915,-27.404],[144.9,-27.498],[144.52,-27.456],[144.508,-27.544],[144.433,-27.537],[144.423,-27.606],[144.329,-27.596],[144.292,-27.926],[144.601,-27.974],[144.592,-28.05],[144.649,-28.056],[144.635,-28.16],[144.78,-28.174]]]},"properties":{"lga_name":"Paroo","lga_code":"35800"}},{"type":"Feature","geometry":{"type":"MultiPolygon","coordinates":[[[[141.621,-14.919],[141.668,-15.009],[141.651,-15.082],[141.718,-15.108],[141.724,-15.139],[141.788,-15.146],[142.059,-15.068],[142.134,-14.986],[142.141,-14.905],[142.035,-14.709],[141.999,-14.464],[141.878,-14.427],[141.77,-14.287],[141.63,-14.238],[141.594,-14.161],[141.598,-14.258],[141.526,-14.487],[141.621,-14.919]]],[[[141.59,-14.165],[141.588,-14.163],[141.592,-14.174],[141.59,-14.165]]]]},"properties":{"lga_name":"Pormpuraaw","lga_code":"36070"}},{"type":"Feature","geometry":{"type":"Polygon","coordinates":[[[142.844,-27.105],[142.888,-27.117],[142.866,-27.234],[143.517,-27.295],[143.515,-27.316],[143.587,-27.323],[143.58,-27.38],[143.72,-27.398],[143.719,-27.369],[143.836,-27.456],[143.968,-27.627],[144.124,-27.641],[144.322,-27.652],[144.329,-27.596],[144.423,-27.606],[144.433,-27.537],[144.508,-27.544],[144.52,-27.456],[144.9,-27.498],[144.915,-27.404],[144.992,-27.412],[145.017,-27.276],[145.163,-27.291],[145.183,-26.999],[145.253,-27.006],[145.274,-26.751],[145.321,-26.755],[145.33,-26.702],[145.285,-26.636],[145.339,-26.61],[145.359,-26.465],[145.31,-26.46],[145.33,-26.305],[145.283,-26.303],[145.3,-26.154],[145.355,-26.16],[145.374,-26.019],[145.413,-26.023],[145.462,-25.504],[145.326,-25.446],[145.25,-25.479],[145.284,-25.358],[145.053,-25.333],[145.061,-25.276],[144.869,-25.258],[144.969,-25.186],[144.996,-25.008],[144.899,-25.038],[144.847,-24.99],[144.861,-24.919],[144.796,-24.913],[144.804,-24.84],[144.698,-24.831],[144.717,-24.682],[144.682,-24.679],[144.685,-24.649],[144.652,-24.663],[144.628,-24.968],[144.482,-25.078],[144.462,-25.032],[144.399,-25.132],[144.381,-25.114],[144.253,-25.21],[144.158,-25.358],[144.169,-25.394],[144.114,-25.502],[144.039,-25.579],[144.001,-25.583],[143.922,-25.494],[143.804,-25.486],[143.752,-25.379],[143.593,-25.282],[143.437,-25.374],[143.418,-25.595],[143.454,-25.598],[143.448,-25.652],[143.21,-25.625],[143.199,-25.737],[142.984,-25.718],[142.972,-25.822],[142.885,-25.814],[142.903,-25.669],[142.571,-25.607],[142.442,-25.725],[142.239,-25.789],[142.173,-25.855],[142.143,-26.092],[142.161,-26.196],[142.075,-26.385],[141.719,-26.351],[141.711,-26.452],[141.812,-26.629],[141.826,-26.748],[142.422,-26.79],[142.844,-27.105]]]},"properties":{"lga_name":"Quilpie","lga_code":"36150"}},{"type":"Feature","geometry":{"type":"MultiPolygon","coordinates":[[[[153.44,-27.393],[153.398,-27.496],[153.422,-27.642],[153.393,-27.707],[153.419,-27.741],[153.454,-27.729],[153.547,-27.435],[153.44,-27.393]]],[[[153.291,-27.53],[153.295,-27.531],[153.291,-27.527],[153.291,-27.53]]],[[[153.344,-27.513],[153.373,-27.492],[153.339,-27.496],[153.344,-27.513]]],[[[153.319,-27.681],[153.339,-27.695],[153.333,-27.682],[153.319,-27.681]]],[[[153.327,-27.642],[153.329,-27.67],[153.341,-27.649],[153.327,-27.642]]],[[[153.355,-27.661],[153.354,-27.649],[153.356,-27.687],[153.355,-27.661]]],[[[153.323,-27.61],[153.325,-27.61],[153.325,-27.606],[153.323,-27.61]]],[[[153.323,-27.575],[153.335,-27.575],[153.338,-27.565],[153.323,-27.575]]],[[[153.335,-27.624],[153.352,-27.635],[153.339,-27.62],[153.335,-27.624]]],[[[153.336,-27.62],[153.341,-27.604],[153.333,-27.614],[153.336,-27.62]]],[[[153.356,-27.589],[153.362,-27.632],[153.376,-27.618],[153.356,-27.589]]],[[[153.395,-27.662],[153.411,-27.65],[153.402,-27.652],[153.395,-27.662]]],[[[153.261,-27.485],[153.24,-27.465],[153.187,-27.485],[153.174,-27.634],[153.281,-27.658],[153.308,-27.707],[153.318,-27.582],[153.261,-27.485]]],[[[153.381,-27.622],[153.372,-27.631],[153.39,-27.62],[153.381,-27.622]]],[[[153.384,-27.516],[153.384,-27.517],[153.385,-27.515],[153.384,-27.516]]],[[[153.38,-27.708],[153.404,-27.634],[153.365,-27.653],[153.38,-27.708]],[[153.38,-27.639],[153.36,-27.636],[153.386,-27.639],[153.38,-27.639]]]]},"properties":{"lga_name":"Redland","lga_code":"36250"}},{"type":"Feature","geometry":{"type":"Polygon","coordinates":[[[142.362,-20.569],[142.31,-20.715],[142.363,-20.72],[142.355,-20.796],[142.331,-20.794],[142.302,-20.884],[142.292,-20.995],[142.203,-20.988],[142.199,-21.011],[142.238,-21.014],[142.222,-21.167],[142.255,-21.17],[142.25,-21.236],[142.047,-21.225],[142.138,-21.324],[142.064,-21.38],[142.092,-21.383],[142.08,-21.488],[142.038,-21.52],[142.232,-21.551],[142.228,-21.596],[142.335,-21.607],[142.333,-21.636],[142.491,-21.644],[142.496,-21.598],[142.657,-21.61],[142.651,-21.667],[142.718,-21.615],[142.694,-21.588],[142.815,-21.493],[142.862,-21.545],[143.188,-21.309],[143.236,-21.313],[143.261,-21.144],[143.298,-21.147],[143.338,-20.82],[143.435,-20.829],[143.448,-20.778],[143.499,-20.783],[143.541,-20.618],[143.476,-20.606],[143.515,-20.543],[143.629,-20.482],[143.704,-20.482],[143.785,-20.418],[143.71,-20.325],[143.79,-20.263],[143.74,-20.206],[143.711,-20.229],[143.597,-20.145],[143.61,-20.026],[143.641,-20.029],[143.682,-19.597],[143.536,-19.472],[143.383,-19.613],[143.342,-19.606],[143.275,-19.696],[142.376,-19.6],[142.336,-20.33],[142.381,-20.334],[142.362,-20.569]]]},"properties":{"lga_name":"Richmond","lga_code":"36300"}},{"type":"Feature","geometry":{"type":"Polygon","coordinates":[[[150.531,-23.288],[150.47,-23.301],[150.45,-23.34],[150.422,-23.245],[150.366,-23.267],[150.342,-23.246],[150.402,-23.192],[150.384,-23.143],[150.216,-23.108],[150.162,-23.146],[150.135,-23.096],[150.067,-23.085],[150.067,-23.036],[149.995,-23.087],[149.925,-23.057],[149.933,-23.014],[149.88,-22.988],[149.821,-22.981],[149.673,-23.082],[149.713,-23.108],[149.678,-23.212],[149.721,-23.251],[149.71,-23.325],[149.746,-23.324],[149.768,-23.384],[149.732,-23.441],[149.801,-23.541],[149.74,-23.571],[149.75,-23.619],[149.894,-23.584],[149.891,-23.666],[149.986,-23.754],[149.997,-23.714],[150.067,-23.712],[150.081,-23.666],[150.189,-23.647],[150.262,-23.668],[150.254,-23.705],[150.317,-23.766],[150.319,-23.822],[150.445,-23.822],[150.464,-23.854],[150.553,-23.824],[150.646,-23.839],[150.682,-23.782],[150.769,-23.759],[150.879,-23.542],[150.729,-23.492],[150.638,-23.517],[150.662,-23.491],[150.571,-23.399],[150.584,-23.342],[150.613,-23.342],[150.587,-23.268],[150.531,-23.288]]]},"properties":{"lga_name":"Rockhampton","lga_code":"36370"}},{"type":"Feature","geometry":{"type":"Polygon","coordinates":[[[152.983,-27.924],[152.949,-27.902],[152.946,-27.843],[152.82,-27.866],[152.802,-27.798],[152.758,-27.767],[152.53,-27.717],[152.519,-27.761],[152.402,-27.864],[152.416,-27.945],[152.375,-28.013],[152.471,-28.195],[152.459,-28.227],[152.534,-28.263],[152.526,-28.306],[152.58,-28.339],[152.614,-28.269],[152.64,-28.312],[152.751,-28.364],[152.88,-28.31],[153.108,-28.358],[153.177,-28.25],[153.208,-28.251],[153.184,-28.193],[153.232,-28.085],[153.239,-28.011],[153.201,-27.981],[153.225,-27.982],[153.215,-27.903],[153.181,-27.895],[153.173,-27.834],[153.105,-27.867],[153.085,-27.933],[153.017,-27.9],[152.983,-27.924]]]},"properties":{"lga_name":"Scenic Rim","lga_code":"36510"}},{"type":"Feature","geometry":{"type":"Polygon","coordinates":[[[152.234,-27.215],[152.152,-27.269],[152.206,-27.292],[152.192,-27.387],[152.291,-27.4],[152.294,-27.427],[152.315,-27.399],[152.402,-27.415],[152.477,-27.479],[152.514,-27.566],[152.648,-27.551],[152.742,-27.488],[152.733,-27.367],[152.68,-27.372],[152.757,-27.302],[152.681,-27.263],[152.739,-27.151],[152.734,-27.102],[152.677,-27.09],[152.704,-27.025],[152.685,-26.966],[152.651,-26.955],[152.687,-26.914],[152.661,-26.91],[152.69,-26.891],[152.679,-26.797],[152.551,-26.707],[152.575,-26.584],[152.449,-26.57],[152.443,-26.46],[152.316,-26.481],[152.278,-26.453],[152.214,-26.513],[152.136,-26.48],[152.131,-26.639],[152.074,-26.665],[152.164,-26.742],[152.19,-26.824],[152.189,-26.877],[152.147,-26.879],[152.125,-26.954],[152.183,-26.978],[152.221,-27.022],[152.193,-27.023],[152.195,-27.057],[152.227,-27.061],[152.185,-27.061],[152.134,-27.142],[152.188,-27.169],[152.159,-27.206],[152.234,-27.215]]]},"properties":{"lga_name":"Somerset","lga_code":"36580"}},{"type":"Feature","geometry":{"type":"Polygon","coordinates":[[[151.125,-26.319],[151.077,-26.463],[151.208,-26.479],[151.212,-26.514],[151.288,-26.545],[151.409,-26.657],[151.392,-26.684],[151.421,-26.746],[151.52,-26.767],[151.577,-26.88],[151.759,-26.947],[151.886,-26.879],[151.933,-26.801],[152.052,-26.767],[152.073,-26.818],[152.034,-26.854],[152.076,-26.861],[152.051,-26.919],[152.189,-26.877],[152.164,-26.742],[152.073,-26.668],[152.131,-26.639],[152.126,-26.507],[152.172,-26.43],[152.073,-26.359],[152.069,-26.383],[152.004,-26.375],[152.009,-26.349],[152.064,-26.343],[152.08,-26.288],[151.976,-26.174],[151.952,-26.117],[151.985,-26.099],[151.935,-26.092],[151.939,-26.02],[151.812,-26.021],[151.813,-25.955],[151.657,-25.912],[151.654,-25.873],[151.615,-25.854],[151.519,-25.855],[151.508,-25.91],[151.481,-25.902],[151.505,-25.925],[151.473,-26.002],[151.34,-26.012],[151.299,-26.073],[151.11,-26.043],[151.114,-26.091],[151.079,-26.097],[151.15,-26.105],[151.162,-26.15],[151.116,-26.141],[151.013,-26.192],[151.017,-26.256],[151.136,-26.263],[151.125,-26.319]],[[151.901,-26.304],[151.94,-26.256],[151.979,-26.315],[151.901,-26.304]]]},"properties":{"lga_name":"South Burnett","lga_code":"36630"}},{"type":"Feature","geometry":{"type":"Polygon","coordinates":[[[151.524,-28.27],[151.678,-28.301],[151.71,-28.338],[151.702,-28.392],[151.639,-28.453],[151.64,-28.524],[151.595,-28.552],[151.6,-28.585],[151.393,-28.834],[151.351,-29.03],[151.384,-29.062],[151.443,-29.064],[151.458,-28.999],[151.505,-29.01],[151.545,-28.953],[151.709,-28.871],[151.777,-28.959],[151.831,-28.962],[151.85,-28.908],[151.916,-28.929],[152.011,-28.907],[152.042,-28.732],[152.076,-28.708],[152.01,-28.665],[151.955,-28.519],[152.017,-28.525],[152.16,-28.433],[152.217,-28.449],[152.309,-28.363],[152.388,-28.367],[152.415,-28.298],[152.493,-28.243],[152.459,-28.227],[152.471,-28.195],[152.39,-28.059],[152.382,-27.966],[152.148,-27.937],[151.922,-27.973],[151.917,-28.013],[151.808,-27.997],[151.778,-28.023],[151.543,-27.974],[151.496,-28.09],[151.439,-28.136],[151.524,-28.27]]]},"properties":{"lga_name":"Southern Downs","lga_code":"36660"}},{"type":"Feature","geometry":{"type":"MultiPolygon","coordinates":[[[[153.124,-26.682],[153.08,-26.458],[153.061,-26.432],[152.966,-26.432],[152.827,-26.499],[152.765,-26.464],[152.743,-26.507],[152.768,-26.537],[152.712,-26.546],[152.68,-26.598],[152.579,-26.581],[152.551,-26.704],[152.696,-26.809],[152.776,-26.796],[152.854,-26.856],[152.858,-26.956],[153.003,-26.985],[153.065,-26.976],[153.043,-26.946],[153.061,-26.893],[153.109,-26.887],[153.125,-26.807],[153.151,-26.802],[153.124,-26.682]]],[[[153.068,-26.973],[153.069,-26.973],[153.069,-26.972],[153.068,-26.973]]],[[[153.069,-26.977],[153.068,-26.974],[153.066,-26.977],[153.069,-26.977]]],[[[153.057,-26.977],[153.058,-26.977],[153.058,-26.976],[153.057,-26.977]]],[[[153.06,-26.912],[153.066,-26.909],[153.063,-26.904],[153.06,-26.912]]],[[[153.063,-26.916],[153.065,-26.912],[153.062,-26.913],[153.063,-26.916]]],[[[153.066,-26.921],[153.065,-26.924],[153.067,-26.92],[153.066,-26.921]]],[[[153.116,-26.615],[153.113,-26.614],[153.115,-26.615],[153.116,-26.615]]],[[[153.111,-26.879],[153.112,-26.881],[153.113,-26.879],[153.111,-26.879]]],[[[153.112,-26.885],[153.113,-26.884],[153.111,-26.884],[153.112,-26.885]]],[[[153.078,-26.953],[153.073,-26.955],[153.075,-26.959],[153.078,-26.953]]],[[[153.073,-26.93],[153.074,-26.937],[153.074,-26.927],[153.073,-26.93]]],[[[153.1,-26.895],[153.11,-26.889],[153.104,-26.892],[153.1,-26.895]]],[[[153.084,-26.899],[153.087,-26.897],[153.085,-26.897],[153.084,-26.899]]],[[[153.097,-26.894],[153.096,-26.894],[153.1,-26.894],[153.097,-26.894]]],[[[153.087,-26.899],[153.089,-26.898],[153.088,-26.898],[153.087,-26.899]]],[[[153.093,-26.898],[153.094,-26.898],[153.094,-26.898],[153.093,-26.898]]],[[[153.126,-26.943],[153.147,-26.937],[153.131,-26.81],[153.13,-26.874],[153.075,-26.92],[153.087,-26.952],[153.126,-26.943]]],[[[153.118,-26.86],[153.12,-26.866],[153.123,-26.865],[153.118,-26.86]]],[[[153.122,-26.873],[153.125,-26.87],[153.122,-26.87],[153.122,-26.873]]],[[[153.119,-26.877],[153.121,-26.876],[153.12,-26.873],[153.119,-26.877]]],[[[153.121,-26.844],[153.123,-26.843],[153.122,-26.842],[153.121,-26.844]]]]},"properties":{"lga_name":"Sunshine Coast","lga_code":"36720"}},{"type":"Feature","geometry":{"type":"Polygon","coordinates":[[[145.437,-17.303],[145.359,-17.384],[145.259,-17.413],[145.224,-17.529],[145.184,-17.515],[145.06,-17.565],[144.973,-17.644],[144.966,-17.744],[144.868,-17.901],[144.864,-18.113],[144.814,-18.146],[144.804,-18.11],[144.762,-18.13],[144.748,-18.246],[144.76,-18.356],[144.855,-18.37],[144.837,-18.493],[144.878,-18.518],[144.924,-18.523],[144.969,-18.469],[144.981,-18.507],[145.048,-18.514],[145.054,-18.549],[145.134,-18.578],[145.182,-18.511],[145.183,-18.432],[145.133,-18.38],[145.167,-18.347],[145.268,-18.355],[145.26,-18.427],[145.384,-18.57],[145.494,-18.577],[145.5,-18.462],[145.715,-18.489],[145.769,-18.409],[145.718,-18.357],[145.81,-18.305],[145.807,-18.246],[145.752,-18.157],[145.684,-18.167],[145.705,-18.101],[145.645,-18.086],[145.653,-18.029],[145.622,-18.021],[145.684,-17.898],[145.655,-17.816],[145.573,-17.783],[145.577,-17.741],[145.652,-17.727],[145.641,-17.657],[145.695,-17.661],[145.707,-17.557],[145.741,-17.546],[145.716,-17.497],[145.834,-17.509],[145.821,-17.394],[145.781,-17.354],[145.8,-17.296],[145.622,-17.09],[145.58,-17.093],[145.574,-17.132],[145.513,-17.17],[145.481,-17.139],[145.443,-17.15],[145.435,-17.104],[145.395,-17.089],[145.381,-17.134],[145.414,-17.154],[145.437,-17.303]]]},"properties":{"lga_name":"Tablelands","lga_code":"36820"}},{"type":"Feature","geometry":{"type":"Polygon","coordinates":[[[151.962,-26.805],[151.933,-26.801],[151.813,-26.933],[151.723,-26.948],[151.648,-26.913],[151.664,-26.99],[151.581,-27.056],[151.569,-27.125],[151.465,-27.111],[151.451,-27.279],[151.338,-27.208],[151.308,-27.414],[151.088,-27.376],[151.076,-27.572],[150.927,-27.572],[150.927,-27.534],[150.868,-27.546],[150.825,-27.511],[150.757,-27.599],[150.703,-27.935],[150.736,-27.971],[150.795,-27.993],[150.836,-28.065],[151.056,-28.094],[151.047,-28.167],[151.273,-28.192],[151.441,-28.152],[151.543,-27.974],[151.778,-28.023],[151.808,-27.997],[151.917,-28.013],[151.922,-27.973],[152.107,-27.94],[152.251,-27.96],[152.151,-27.877],[152.139,-27.78],[152.002,-27.703],[151.984,-27.647],[151.942,-27.632],[152.016,-27.584],[151.998,-27.525],[151.955,-27.514],[152.017,-27.422],[152.089,-27.397],[152.162,-27.447],[152.198,-27.409],[152.206,-27.292],[152.152,-27.269],[152.236,-27.204],[152.159,-27.206],[152.188,-27.169],[152.134,-27.142],[152.185,-27.061],[152.227,-27.061],[152.195,-27.057],[152.193,-27.023],[152.221,-27.022],[152.183,-26.978],[152.125,-26.954],[152.147,-26.899],[152.051,-26.919],[152.076,-26.861],[152.034,-26.854],[152.073,-26.818],[152.053,-26.767],[151.962,-26.805]]]},"properties":{"lga_name":"Toowoomba","lga_code":"36910"}},{"type":"Feature","geometry":{"type":"MultiPolygon","coordinates":[[[[142.454,-10.978],[142.422,-10.964],[142.4,-10.997],[142.746,-10.999],[142.716,-10.961],[142.615,-10.942],[142.589,-10.868],[142.595,-10.891],[142.558,-10.874],[142.556,-10.913],[142.482,-10.978],[142.563,-10.762],[142.529,-10.739],[142.555,-10.72],[142.531,-10.688],[142.423,-10.727],[142.517,-10.739],[142.461,-10.789],[142.481,-10.806],[142.428,-10.914],[142.454,-10.978]]],[[[142.353,-10.546],[142.355,-10.544],[142.352,-10.543],[142.353,-10.546]]],[[[142.309,-10.514],[142.284,-10.527],[142.3,-10.542],[142.309,-10.514]]],[[[142.229,-10.352],[142.229,-10.352],[142.226,-10.351],[142.229,-10.352]]],[[[142.11,-10.348],[142.111,-10.347],[142.111,-10.343],[142.11,-10.348]]],[[[142.092,-10.318],[142.093,-10.315],[142.091,-10.317],[142.092,-10.318]]],[[[142.1,-10.295],[142.106,-10.29],[142.103,-10.287],[142.1,-10.295]]],[[[142.117,-10.189],[142.119,-10.194],[142.117,-10.188],[142.117,-10.189]]],[[[142.513,-10.195],[142.516,-10.187],[142.504,-10.184],[142.513,-10.195]]],[[[142.675,-10.168],[142.681,-10.172],[142.673,-10.166],[142.675,-10.168]]],[[[142.506,-10.159],[142.515,-10.161],[142.513,-10.155],[142.506,-10.159]]],[[[142.906,-10.154],[142.906,-10.154],[142.907,-10.154],[142.906,-10.154]]],[[[142.91,-10.152],[142.911,-10.151],[142.91,-10.152],[142.91,-10.152]]],[[[142.916,-10.151],[142.917,-10.15],[142.916,-10.151],[142.916,-10.151]]],[[[142.924,-10.15],[142.925,-10.15],[142.924,-10.149],[142.924,-10.15]]],[[[142.075,-10.117],[142.074,-10.116],[142.074,-10.119],[142.075,-10.117]]],[[[142.357,-10.116],[142.36,-10.118],[142.36,-10.115],[142.357,-10.116]]],[[[143.319,-10.108],[143.322,-10.105],[143.319,-10.106],[143.319,-10.108]]],[[[142.344,-10.106],[142.346,-10.105],[142.345,-10.104],[142.344,-10.106]]],[[[142.817,-10.101],[142.817,-10.1],[142.817,-10.101],[142.817,-10.101]]],[[[142.081,-10.1],[142.081,-10.1],[142.081,-10.099],[142.081,-10.1]]],[[[142.089,-10.092],[142.091,-10.09],[142.089,-10.09],[142.089,-10.092]]],[[[142.326,-10.08],[142.325,-10.081],[142.33,-10.085],[142.326,-10.08]]],[[[142.095,-10.077],[142.096,-10.077],[142.095,-10.075],[142.095,-10.077]]],[[[142.265,-10.075],[142.264,-10.071],[142.264,-10.075],[142.265,-10.075]]],[[[142.835,-10.036],[142.868,-10.041],[142.848,-10.017],[142.835,-10.036]]],[[[142.129,-10.03],[142.13,-10.028],[142.128,-10.026],[142.129,-10.03]]],[[[143.028,-9.997],[143.032,-9.997],[143.026,-9.995],[143.028,-9.997]]],[[[143.114,-9.989],[143.127,-9.985],[143.118,-9.986],[143.114,-9.989]]],[[[142.237,-9.977],[142.24,-9.978],[142.239,-9.976],[142.237,-9.977]]],[[[142.217,-9.973],[142.217,-9.972],[142.215,-9.972],[142.217,-9.973]]],[[[142.16,-9.956],[142.165,-9.958],[142.163,-9.955],[142.16,-9.956]]],[[[142.21,-9.958],[142.212,-9.957],[142.209,-9.952],[142.21,-9.958]]],[[[143.395,-9.956],[143.399,-9.954],[143.399,-9.952],[143.395,-9.956]]],[[[143.286,-9.954],[143.285,-9.958],[143.294,-9.947],[143.286,-9.954]]],[[[142.177,-9.937],[142.179,-9.937],[142.179,-9.936],[142.177,-9.937]]],[[[142.163,-9.934],[142.164,-9.935],[142.164,-9.934],[142.163,-9.934]]],[[[143.484,-9.886],[143.487,-9.883],[143.485,-9.881],[143.484,-9.886]]],[[[143.391,-9.872],[143.398,-9.869],[143.394,-9.868],[143.391,-9.872]]],[[[143.169,-9.87],[143.174,-9.869],[143.171,-9.868],[143.169,-9.87]]],[[[143.306,-9.865],[143.309,-9.864],[143.31,-9.861],[143.306,-9.865]]],[[[142.899,-9.858],[142.949,-9.856],[142.917,-9.843],[142.899,-9.858]]],[[[142.709,-9.835],[142.717,-9.836],[142.708,-9.832],[142.709,-9.835]]],[[[141.419,-9.825],[141.43,-9.823],[141.426,-9.822],[141.419,-9.825]]],[[[143.406,-9.824],[143.409,-9.822],[143.409,-9.819],[143.406,-9.824]]],[[[142.975,-9.797],[142.972,-9.803],[142.974,-9.808],[142.975,-9.797]]],[[[142.649,-9.765],[142.628,-9.758],[142.622,-9.773],[142.649,-9.765]]],[[[143.257,-9.768],[143.268,-9.763],[143.258,-9.765],[143.257,-9.768]]],[[[143.32,-9.764],[143.322,-9.762],[143.32,-9.762],[143.32,-9.764]]],[[[143.44,-9.748],[143.453,-9.733],[143.448,-9.737],[143.44,-9.748]]],[[[143.359,-9.716],[143.366,-9.713],[143.362,-9.712],[143.359,-9.716]]],[[[143.653,-9.569],[143.655,-9.566],[143.651,-9.568],[143.653,-9.569]]],[[[143.487,-9.571],[143.498,-9.561],[143.496,-9.561],[143.487,-9.571]]],[[[142.319,-9.564],[142.258,-9.554],[142.307,-9.574],[142.319,-9.564]]],[[[141.575,-9.515],[141.573,-9.513],[141.568,-9.523],[141.575,-9.515]]],[[[142.76,-10.998],[142.758,-10.998],[142.76,-10.999],[142.76,-10.998]]],[[[142.695,-10.889],[142.694,-10.886],[142.692,-10.887],[142.695,-10.889]]],[[[142.025,-10.848],[142.024,-10.851],[142.026,-10.85],[142.025,-10.848]]],[[[142.596,-10.705],[142.596,-10.703],[142.595,-10.704],[142.596,-10.705]]],[[[142.531,-10.683],[142.535,-10.681],[142.532,-10.681],[142.531,-10.683]]],[[[142.669,-10.667],[142.669,-10.666],[142.669,-10.667],[142.669,-10.667]]],[[[142.755,-10.658],[142.754,-10.656],[142.751,-10.657],[142.755,-10.658]]],[[[142.68,-10.641],[142.68,-10.64],[142.679,-10.64],[142.68,-10.641]]],[[[141.91,-10.605],[141.912,-10.604],[141.909,-10.603],[141.91,-10.605]]],[[[142.637,-10.599],[142.639,-10.599],[142.638,-10.597],[142.637,-10.599]]],[[[142.154,-10.571],[142.172,-10.554],[142.147,-10.563],[142.154,-10.571]]],[[[142.348,-10.549],[142.343,-10.55],[142.344,-10.553],[142.348,-10.549]]],[[[143.1,-10.519],[143.098,-10.52],[143.1,-10.52],[143.1,-10.519]]],[[[142.447,-10.496],[142.447,-10.495],[142.447,-10.495],[142.447,-10.496]]],[[[142.447,-10.464],[142.45,-10.463],[142.447,-10.46],[142.447,-10.464]]],[[[142.438,-10.464],[142.442,-10.462],[142.438,-10.461],[142.438,-10.464]]],[[[142.05,-10.367],[142.062,-10.355],[142.05,-10.356],[142.05,-10.367]]],[[[142.102,-10.277],[142.108,-10.282],[142.099,-10.273],[142.102,-10.277]]],[[[142.077,-10.26],[142.069,-10.265],[142.079,-10.266],[142.077,-10.26]]],[[[142.488,-10.249],[142.474,-10.251],[142.483,-10.261],[142.488,-10.249]]],[[[142.075,-10.231],[142.079,-10.241],[142.081,-10.238],[142.075,-10.231]]],[[[142.488,-10.235],[142.488,-10.234],[142.487,-10.234],[142.488,-10.235]]],[[[142.054,-10.219],[142.054,-10.216],[142.053,-10.218],[142.054,-10.219]]],[[[142.167,-10.2],[142.171,-10.2],[142.167,-10.198],[142.167,-10.2]]],[[[142.216,-9.968],[142.216,-9.968],[142.215,-9.967],[142.216,-9.968]]],[[[142.153,-9.961],[142.152,-9.961],[142.153,-9.962],[142.153,-9.961]]],[[[142.211,-9.952],[142.212,-9.947],[142.209,-9.951],[142.211,-9.952]]],[[[142.159,-9.946],[142.165,-9.947],[142.156,-9.941],[142.159,-9.946]]],[[[142.17,-9.941],[142.173,-9.942],[142.174,-9.94],[142.17,-9.941]]],[[[143.429,-9.688],[143.428,-9.689],[143.432,-9.686],[143.429,-9.688]]],[[[143.662,-9.613],[143.663,-9.612],[143.661,-9.612],[143.662,-9.613]]],[[[141.569,-9.611],[141.57,-9.609],[141.569,-9.609],[141.569,-9.611]]],[[[143.86,-9.478],[143.86,-9.477],[143.86,-9.478],[143.86,-9.478]]],[[[142.155,-9.247],[142.156,-9.247],[142.155,-9.246],[142.155,-9.247]]],[[[143.876,-9.144],[143.877,-9.143],[143.874,-9.142],[143.876,-9.144]]],[[[142.083,-10.245],[142.086,-10.246],[142.087,-10.241],[142.083,-10.245]]],[[[142.175,-9.946],[142.174,-9.944],[142.173,-9.945],[142.175,-9.946]]],[[[143.299,-9.617],[143.311,-9.609],[143.3,-9.612],[143.299,-9.617]]],[[[142.217,-10.923],[142.129,-10.962],[142.167,-11.004],[142.23,-10.948],[142.217,-10.923]]],[[[142.027,-10.852],[142.028,-10.851],[142.027,-10.852],[142.027,-10.852]]],[[[142.033,-10.885],[142.037,-10.882],[142.035,-10.88],[142.033,-10.885]]],[[[142.406,-10.794],[142.419,-10.786],[142.412,-10.779],[142.406,-10.794]]],[[[142.528,-10.686],[142.528,-10.68],[142.526,-10.685],[142.528,-10.686]]],[[[142.28,-10.689],[142.281,-10.688],[142.28,-10.688],[142.28,-10.689]]],[[[142.614,-10.611],[142.618,-10.606],[142.613,-10.609],[142.614,-10.611]]],[[[142.608,-10.613],[142.612,-10.612],[142.608,-10.611],[142.608,-10.613]]],[[[142.155,-10.227],[142.154,-10.22],[142.149,-10.219],[142.155,-10.227]]],[[[142.067,-10.224],[142.067,-10.221],[142.066,-10.222],[142.067,-10.224]]],[[[142.126,-10.363],[142.136,-10.389],[142.138,-10.363],[142.126,-10.363]]],[[[142.363,-10.368],[142.365,-10.368],[142.362,-10.365],[142.363,-10.368]]],[[[142.638,-10.916],[142.621,-10.922],[142.635,-10.927],[142.638,-10.916]]],[[[142.45,-10.496],[142.452,-10.496],[142.45,-10.495],[142.45,-10.496]]],[[[142.21,-9.962],[142.211,-9.96],[142.21,-9.961],[142.21,-9.962]]],[[[142.21,-9.963],[142.209,-9.962],[142.209,-9.963],[142.21,-9.963]]],[[[142.67,-9.373],[142.725,-9.368],[142.689,-9.358],[142.67,-9.373]]],[[[142.664,-9.365],[142.67,-9.363],[142.664,-9.362],[142.664,-9.365]]],[[[142.604,-10.736],[142.622,-10.746],[142.584,-10.714],[142.604,-10.736]]],[[[142.286,-10.724],[142.305,-10.724],[142.295,-10.702],[142.286,-10.724]]],[[[142.385,-10.748],[142.408,-10.709],[142.39,-10.718],[142.385,-10.748]]],[[[142.226,-10.74],[142.22,-10.739],[142.224,-10.748],[142.226,-10.74]]],[[[142.37,-10.767],[142.376,-10.756],[142.37,-10.761],[142.37,-10.767]]],[[[142.349,-10.709],[142.358,-10.698],[142.349,-10.703],[142.349,-10.709]]],[[[142.415,-10.723],[142.413,-10.729],[142.416,-10.727],[142.415,-10.723]]],[[[142.623,-10.722],[142.626,-10.72],[142.622,-10.718],[142.623,-10.722]]],[[[142.556,-10.71],[142.56,-10.71],[142.553,-10.708],[142.556,-10.71]]],[[[142.38,-10.705],[142.385,-10.701],[142.382,-10.7],[142.38,-10.705]]],[[[142.344,-10.717],[142.344,-10.713],[142.342,-10.714],[142.344,-10.717]]],[[[142.408,-10.744],[142.412,-10.739],[142.411,-10.738],[142.408,-10.744]]],[[[142.386,-10.768],[142.387,-10.769],[142.387,-10.766],[142.386,-10.768]]],[[[142.597,-10.71],[142.597,-10.707],[142.596,-10.709],[142.597,-10.71]]],[[[142.255,-10.737],[142.255,-10.735],[142.254,-10.736],[142.255,-10.737]]],[[[142.492,-10.696],[142.493,-10.694],[142.492,-10.694],[142.492,-10.696]]],[[[142.369,-10.713],[142.37,-10.714],[142.371,-10.713],[142.369,-10.713]]],[[[142.418,-10.736],[142.419,-10.736],[142.418,-10.735],[142.418,-10.736]]],[[[142.212,-10.765],[142.213,-10.763],[142.212,-10.764],[142.212,-10.765]]],[[[142.701,-10.943],[142.652,-10.915],[142.692,-10.959],[142.701,-10.943]]],[[[142.209,-10.585],[142.233,-10.574],[142.221,-10.569],[142.209,-10.585]]],[[[142.158,-9.244],[142.188,-9.232],[142.164,-9.224],[142.158,-9.244]]],[[[142.235,-9.225],[142.252,-9.233],[142.244,-9.223],[142.235,-9.225]]],[[[142.147,-9.232],[142.152,-9.226],[142.145,-9.227],[142.147,-9.232]]],[[[142.148,-9.226],[142.152,-9.222],[142.146,-9.223],[142.148,-9.226]]],[[[142.155,-9.236],[142.16,-9.231],[142.158,-9.228],[142.155,-9.236]]],[[[142.154,-9.235],[142.157,-9.233],[142.157,-9.229],[142.154,-9.235]]],[[[142.155,-9.229],[142.158,-9.226],[142.155,-9.226],[142.155,-9.229]]],[[[142.16,-9.229],[142.161,-9.227],[142.159,-9.226],[142.16,-9.229]]],[[[142.152,-9.231],[142.154,-9.229],[142.153,-9.228],[142.152,-9.231]]],[[[142.157,-9.237],[142.158,-9.236],[142.158,-9.235],[142.157,-9.237]]],[[[142.151,-9.232],[142.151,-9.231],[142.15,-9.231],[142.151,-9.232]]],[[[142.165,-10.226],[142.173,-10.226],[142.173,-10.207],[142.165,-10.226]]],[[[142.196,-10.594],[142.11,-10.663],[142.114,-10.722],[142.178,-10.771],[142.207,-10.726],[142.277,-10.706],[142.196,-10.594]]],[[[142.246,-10.593],[142.266,-10.642],[142.327,-10.613],[142.306,-10.571],[142.246,-10.593]]],[[[142.637,-10.629],[142.647,-10.657],[142.667,-10.63],[142.637,-10.629]]],[[[142.178,-10.592],[142.145,-10.596],[142.169,-10.606],[142.178,-10.592]]],[[[142.616,-10.601],[142.629,-10.599],[142.612,-10.591],[142.616,-10.601]]],[[[142.653,-10.623],[142.653,-10.62],[142.652,-10.623],[142.653,-10.623]]],[[[142.149,-10.204],[142.146,-10.2],[142.142,-10.21],[142.149,-10.204]]]]},"properties":{"lga_name":"Torres","lga_code":"36950"}},{"type":"Feature","geometry":{"type":"MultiPolygon","coordinates":[[[[142.315,-10.217],[142.344,-10.169],[142.268,-10.116],[142.22,-10.129],[142.186,-10.19],[142.277,-10.26],[142.315,-10.217]]],[[[142.782,-9.902],[142.765,-9.895],[142.769,-9.905],[142.782,-9.902]]],[[[143.402,-9.749],[143.401,-9.757],[143.424,-9.75],[143.402,-9.749]]],[[[143.776,-9.576],[143.761,-9.599],[143.783,-9.587],[143.776,-9.576]]],[[[143.543,-9.509],[143.549,-9.507],[143.544,-9.505],[143.543,-9.509]]],[[[142.528,-9.422],[142.532,-9.436],[142.552,-9.421],[142.528,-9.422]]],[[[142.69,-9.377],[142.645,-9.365],[142.598,-9.408],[142.707,-9.428],[142.801,-9.382],[142.69,-9.377]]],[[[142.133,-9.269],[142.272,-9.29],[142.295,-9.263],[142.222,-9.229],[142.133,-9.269]]],[[[142.216,-10.522],[142.195,-10.575],[142.231,-10.537],[142.216,-10.522]]],[[[143.061,-10.05],[143.078,-10.051],[143.072,-10.049],[143.061,-10.05]]],[[[142.175,-9.969],[142.2,-9.946],[142.165,-9.95],[142.175,-9.969]]],[[[144.064,-9.912],[144.041,-9.913],[144.042,-9.925],[144.064,-9.912]]],[[[144.022,-9.943],[144.024,-9.947],[144.032,-9.948],[144.022,-9.943]]],[[[144.036,-9.952],[144.041,-9.948],[144.037,-9.946],[144.036,-9.952]]],[[[142.828,-10.255],[142.832,-10.254],[142.827,-10.254],[142.828,-10.255]]],[[[142.119,-10.149],[142.164,-10.181],[142.187,-10.152],[142.182,-10.059],[142.114,-10.069],[142.085,-10.113],[142.119,-10.149]]],[[[142.818,-10.209],[142.825,-10.211],[142.83,-10.206],[142.818,-10.209]]],[[[142.822,-10.145],[142.816,-10.146],[142.82,-10.147],[142.822,-10.145]]]]},"properties":{"lga_name":"Torres Strait Island","lga_code":"36960"}},{"type":"Feature","geometry":{"type":"MultiPolygon","coordinates":[[[[146.843,-19.721],[146.833,-19.758],[146.937,-19.785],[147.02,-19.716],[147.03,-19.625],[147.003,-19.597],[147.034,-19.534],[147.011,-19.492],[147.034,-19.407],[147.07,-19.445],[147.12,-19.419],[147.041,-19.296],[147.061,-19.276],[147.04,-19.206],[147.013,-19.182],[147.022,-19.216],[146.958,-19.309],[146.885,-19.304],[146.839,-19.243],[146.79,-19.239],[146.768,-19.185],[146.677,-19.19],[146.454,-19.074],[146.324,-18.928],[146.287,-18.952],[146.209,-18.919],[146.147,-18.941],[146.176,-19.013],[146.243,-19.011],[146.237,-19.045],[146.3,-19.069],[146.325,-19.124],[146.378,-19.125],[146.422,-19.213],[146.405,-19.291],[146.465,-19.32],[146.444,-19.334],[146.47,-19.374],[146.564,-19.4],[146.585,-19.511],[146.542,-19.556],[146.54,-19.686],[146.843,-19.721]]],[[[146.632,-19.024],[146.629,-19.033],[146.643,-19.032],[146.632,-19.024]]],[[[146.635,-18.965],[146.643,-18.962],[146.632,-18.964],[146.635,-18.965]]],[[[146.602,-19.037],[146.621,-19.03],[146.601,-19.03],[146.602,-19.037]]],[[[147.062,-19.273],[147.063,-19.273],[147.064,-19.273],[147.062,-19.273]]],[[[147.071,-19.258],[147.073,-19.258],[147.072,-19.257],[147.071,-19.258]]],[[[147.064,-19.247],[147.062,-19.246],[147.063,-19.248],[147.064,-19.247]]],[[[147.061,-19.246],[147.062,-19.246],[147.062,-19.246],[147.061,-19.246]]],[[[147.047,-19.275],[147.05,-19.274],[147.047,-19.274],[147.047,-19.275]]],[[[147.061,-19.27],[147.061,-19.27],[147.061,-19.27],[147.061,-19.27]]],[[[146.865,-19.115],[146.779,-19.129],[146.846,-19.182],[146.884,-19.127],[146.865,-19.115]]]]},"properties":{"lga_name":"Townsville","lga_code":"37010"}},{"type":"Feature","geometry":{"type":"MultiPolygon","coordinates":[[[[141.874,-12.627],[141.846,-12.665],[141.895,-12.602],[141.874,-12.627]]],[[[141.926,-12.687],[141.929,-12.671],[141.916,-12.672],[141.926,-12.687]]]]},"properties":{"lga_name":"Weipa","lga_code":"37300"}},{"type":"Feature","geometry":{"type":"Polygon","coordinates":[[[149.684,-26.774],[149.588,-26.829],[149.668,-27.015],[149.616,-27.042],[149.679,-27.075],[149.557,-27.191],[149.593,-27.222],[149.502,-27.294],[149.456,-27.376],[149.499,-27.459],[149.466,-27.674],[149.508,-27.679],[149.458,-27.993],[149.627,-28.014],[149.632,-27.987],[149.786,-28.006],[149.932,-27.967],[150.066,-27.985],[150.069,-27.958],[150.117,-27.963],[150.136,-27.91],[150.248,-27.908],[150.274,-27.803],[150.326,-27.809],[150.335,-27.761],[150.387,-27.783],[150.41,-27.747],[150.489,-27.788],[150.514,-27.766],[150.592,-27.79],[150.633,-27.826],[150.646,-27.895],[150.703,-27.935],[150.757,-27.599],[150.825,-27.511],[150.868,-27.546],[150.927,-27.534],[150.927,-27.572],[151.076,-27.572],[151.088,-27.376],[151.308,-27.414],[151.338,-27.208],[151.451,-27.279],[151.465,-27.111],[151.569,-27.125],[151.581,-27.056],[151.675,-26.958],[151.577,-26.88],[151.52,-26.767],[151.421,-26.746],[151.392,-26.684],[151.409,-26.657],[151.288,-26.545],[151.212,-26.514],[151.208,-26.479],[151.077,-26.463],[151.136,-26.263],[151.017,-26.256],[151.013,-26.192],[151.116,-26.141],[151.159,-26.155],[151.15,-26.105],[151.115,-26.119],[151.016,-26.077],[150.984,-26.008],[150.914,-26.004],[150.85,-26.056],[150.79,-26.049],[150.764,-25.982],[150.673,-25.97],[150.699,-25.856],[150.644,-25.786],[150.668,-25.758],[150.654,-25.66],[150.524,-25.645],[150.446,-25.599],[150.426,-25.774],[150.389,-25.815],[150.174,-25.78],[150.159,-25.819],[150.096,-25.794],[150.056,-25.813],[150.022,-25.865],[149.897,-25.815],[149.771,-25.852],[149.771,-25.906],[149.736,-25.85],[149.649,-25.894],[149.585,-25.886],[149.575,-25.944],[149.477,-25.934],[149.484,-25.892],[149.399,-25.876],[149.303,-25.966],[149.097,-25.948],[149.135,-26.044],[149.218,-26.053],[149.155,-26.308],[149.4,-26.276],[149.442,-26.315],[149.512,-26.29],[149.505,-26.336],[149.718,-26.291],[149.832,-26.317],[149.822,-26.38],[149.751,-26.39],[149.685,-26.465],[149.728,-26.47],[149.696,-26.591],[149.667,-26.606],[149.702,-26.611],[149.671,-26.668],[149.684,-26.774]]]},"properties":{"lga_name":"Western Downs","lga_code":"37310"}},{"type":"Feature","geometry":{"type":"MultiPolygon","coordinates":[[[[147.479,-19.98],[147.467,-20.096],[147.386,-20.087],[147.302,-20.015],[147.273,-20.028],[147.3,-20.318],[147.348,-20.397],[147.298,-20.447],[147.279,-20.555],[147.215,-20.577],[147.156,-20.652],[147.079,-20.653],[147.015,-20.606],[146.976,-20.62],[146.961,-20.74],[146.852,-20.813],[146.884,-20.998],[146.849,-21.101],[146.883,-21.17],[146.866,-21.191],[146.966,-21.279],[146.879,-21.37],[146.905,-21.475],[146.931,-21.513],[147.139,-21.556],[147.216,-21.671],[147.311,-21.647],[147.44,-21.69],[147.587,-21.64],[147.634,-21.595],[147.657,-21.49],[147.825,-21.312],[147.764,-21.19],[147.81,-21.195],[147.843,-21.263],[147.945,-21.291],[148.073,-21.243],[148.094,-21.203],[148.026,-21.101],[148.01,-20.989],[148.068,-21.026],[148.227,-20.931],[148.151,-20.849],[148.165,-20.771],[148.361,-20.807],[148.457,-20.737],[148.491,-20.622],[148.527,-20.654],[148.57,-20.624],[148.556,-20.58],[148.589,-20.601],[148.636,-20.55],[148.672,-20.569],[148.715,-20.495],[148.684,-20.436],[148.764,-20.48],[148.784,-20.452],[148.756,-20.419],[148.794,-20.454],[148.809,-20.419],[148.824,-20.501],[148.895,-20.544],[148.93,-20.534],[148.884,-20.488],[148.903,-20.467],[148.839,-20.431],[148.816,-20.385],[148.841,-20.352],[148.769,-20.3],[148.802,-20.278],[148.769,-20.236],[148.739,-20.282],[148.677,-20.284],[148.677,-20.177],[148.653,-20.216],[148.639,-20.171],[148.63,-20.22],[148.601,-20.211],[148.62,-20.177],[148.583,-20.198],[148.563,-20.067],[148.513,-20.093],[148.452,-20.059],[148.444,-20.111],[148.479,-20.118],[148.435,-20.168],[148.342,-20.153],[148.231,-20.045],[148.267,-20.024],[148.26,-19.975],[148.113,-19.941],[148.08,-19.882],[147.992,-19.928],[147.918,-19.908],[147.865,-19.851],[147.824,-19.71],[147.752,-19.707],[147.765,-19.837],[147.602,-19.799],[147.537,-19.815],[147.491,-19.871],[147.479,-19.98]]],[[[148.873,-20.617],[148.864,-20.607],[148.865,-20.619],[148.873,-20.617]]],[[[148.88,-20.602],[148.882,-20.606],[148.879,-20.591],[148.88,-20.602]]],[[[148.863,-20.583],[148.866,-20.582],[148.859,-20.58],[148.863,-20.583]]],[[[149.123,-20.358],[149.127,-20.348],[149.12,-20.343],[149.123,-20.358]]],[[[149.115,-20.277],[149.116,-20.279],[149.116,-20.273],[149.115,-20.277]]],[[[149.172,-20.25],[149.178,-20.25],[149.174,-20.241],[149.172,-20.25]]],[[[148.884,-20.06],[148.898,-20.05],[148.881,-20.037],[148.884,-20.06]]],[[[148.359,-19.725],[148.357,-19.729],[148.364,-19.73],[148.359,-19.725]]],[[[149.155,-20.243],[149.157,-20.237],[149.153,-20.236],[149.155,-20.243]]],[[[149.161,-20.236],[149.161,-20.234],[149.16,-20.236],[149.161,-20.236]]],[[[149.143,-20.228],[149.142,-20.225],[149.142,-20.226],[149.143,-20.228]]],[[[149.142,-20.234],[149.143,-20.231],[149.142,-20.233],[149.142,-20.234]]],[[[149.123,-20.272],[149.123,-20.265],[149.119,-20.272],[149.123,-20.272]]],[[[149.115,-20.197],[149.116,-20.196],[149.115,-20.196],[149.115,-20.197]]],[[[147.898,-19.853],[147.905,-19.848],[147.9,-19.849],[147.898,-19.853]]],[[[148.818,-20.505],[148.822,-20.504],[148.818,-20.503],[148.818,-20.505]]],[[[149.036,-20.159],[149.021,-20.163],[149.039,-20.183],[149.036,-20.159]]],[[[149.006,-20.175],[149.011,-20.172],[149.005,-20.174],[149.006,-20.175]]],[[[149.074,-20.162],[149.073,-20.156],[149.071,-20.157],[149.074,-20.162]]],[[[148.892,-20.085],[148.892,-20.082],[148.891,-20.084],[148.892,-20.085]]],[[[148.58,-20.146],[148.581,-20.144],[148.581,-20.144],[148.58,-20.146]]],[[[149.11,-20.286],[149.107,-20.265],[149.104,-20.276],[149.11,-20.286]]],[[[148.953,-20.251],[148.913,-20.291],[148.938,-20.307],[148.975,-20.269],[148.963,-20.329],[149.063,-20.294],[149.015,-20.27],[149.026,-20.235],[148.992,-20.25],[148.967,-20.156],[148.953,-20.251]]],[[[148.949,-20.083],[148.959,-20.06],[148.907,-20.071],[148.888,-20.169],[148.916,-20.123],[148.902,-20.166],[148.93,-20.133],[148.932,-20.178],[148.951,-20.157],[148.949,-20.083]],[[148.851,-20.344],[148.854,-20.316],[148.874,-20.395],[148.851,-20.344]],[[149.094,-20.271],[149.075,-20.301],[149.103,-20.251],[149.094,-20.271]]],[[[148.961,-20.348],[148.947,-20.332],[148.953,-20.377],[148.982,-20.348],[148.961,-20.348]]],[[[148.847,-20.271],[148.83,-20.256],[148.826,-20.285],[148.847,-20.271]]],[[[148.936,-20.363],[148.928,-20.337],[148.94,-20.381],[148.936,-20.363]]],[[[148.908,-20.273],[148.921,-20.271],[148.922,-20.252],[148.908,-20.273]]],[[[148.83,-20.241],[148.825,-20.225],[148.81,-20.214],[148.83,-20.241]]],[[[148.893,-20.381],[148.883,-20.369],[148.896,-20.385],[148.893,-20.381]]],[[[149.067,-20.305],[149.075,-20.306],[149.068,-20.3],[149.067,-20.305]],[[148.927,-20.319],[148.928,-20.326],[148.924,-20.311],[148.927,-20.319]]],[[[148.996,-20.353],[148.991,-20.35],[148.989,-20.357],[148.996,-20.353]]],[[[148.802,-20.297],[148.8,-20.291],[148.803,-20.3],[148.802,-20.297]]],[[[148.813,-20.256],[148.815,-20.261],[148.816,-20.252],[148.813,-20.256]]],[[[149.096,-20.307],[149.097,-20.304],[149.095,-20.303],[149.096,-20.307]]],[[[148.831,-20.248],[148.83,-20.245],[148.832,-20.252],[148.831,-20.248]]],[[[149.04,-20.234],[149.045,-20.231],[149.04,-20.231],[149.04,-20.234]]],[[[148.794,-20.299],[148.796,-20.3],[148.798,-20.297],[148.794,-20.299]]],[[[148.852,-20.267],[148.853,-20.27],[148.854,-20.264],[148.852,-20.267]]],[[[148.997,-20.358],[148.996,-20.36],[149.0,-20.355],[148.997,-20.358]]],[[[148.851,-20.283],[148.849,-20.281],[148.851,-20.285],[148.851,-20.283]]],[[[148.846,-20.423],[148.842,-20.423],[148.847,-20.425],[148.846,-20.423]]],[[[148.843,-20.28],[148.845,-20.28],[148.845,-20.278],[148.843,-20.28]]],[[[148.792,-20.296],[148.79,-20.294],[148.79,-20.297],[148.792,-20.296]]],[[[148.959,-20.331],[148.962,-20.331],[148.961,-20.33],[148.959,-20.331]]],[[[148.796,-20.287],[148.795,-20.288],[148.796,-20.289],[148.796,-20.287]]],[[[148.695,-20.267],[148.696,-20.266],[148.696,-20.265],[148.695,-20.267]]],[[[148.849,-20.427],[148.85,-20.427],[148.849,-20.426],[148.849,-20.427]]],[[[148.81,-20.303],[148.81,-20.302],[148.81,-20.302],[148.81,-20.303]]],[[[148.479,-20.002],[148.445,-19.974],[148.445,-20.044],[148.475,-20.05],[148.479,-20.002]]],[[[148.278,-20.038],[148.294,-20.032],[148.283,-20.027],[148.278,-20.038]]],[[[148.601,-20.148],[148.614,-20.152],[148.613,-20.138],[148.601,-20.148]]],[[[148.652,-20.106],[148.654,-20.092],[148.646,-20.1],[148.652,-20.106]]],[[[148.546,-20.059],[148.542,-20.057],[148.536,-20.065],[148.546,-20.059]]],[[[148.574,-20.104],[148.572,-20.096],[148.57,-20.104],[148.574,-20.104]]],[[[148.604,-20.099],[148.613,-20.094],[148.607,-20.094],[148.604,-20.099]]],[[[148.361,-19.985],[148.37,-19.984],[148.364,-19.981],[148.361,-19.985]]],[[[148.716,-20.104],[148.725,-20.102],[148.716,-20.1],[148.716,-20.104]]],[[[148.311,-20.105],[148.318,-20.103],[148.315,-20.1],[148.311,-20.105]]],[[[148.554,-19.997],[148.56,-19.989],[148.554,-19.995],[148.554,-19.997]]],[[[148.709,-20.111],[148.71,-20.105],[148.708,-20.107],[148.709,-20.111]]],[[[148.625,-20.016],[148.627,-20.02],[148.625,-20.014],[148.625,-20.016]]],[[[148.297,-20.083],[148.3,-20.081],[148.298,-20.08],[148.297,-20.083]]],[[[148.873,-20.081],[148.874,-20.079],[148.871,-20.079],[148.873,-20.081]]],[[[148.873,-20.061],[148.874,-20.06],[148.874,-20.058],[148.873,-20.061]]],[[[148.44,-20.063],[148.442,-20.063],[148.44,-20.062],[148.44,-20.063]]]]},"properties":{"lga_name":"Whitsunday","lga_code":"37340"}},{"type":"Feature","geometry":{"type":"Polygon","coordinates":[[[141.939,-21.807],[141.58,-21.793],[141.583,-21.756],[141.508,-21.75],[141.483,-21.947],[141.31,-21.94],[141.294,-22.062],[141.199,-22.055],[141.183,-22.25],[141.253,-22.321],[141.08,-22.466],[141.199,-22.598],[141.146,-22.633],[141.091,-22.618],[141.122,-22.804],[140.986,-22.894],[141.046,-22.948],[140.822,-23.162],[141.031,-23.384],[141.155,-23.291],[141.531,-23.689],[142.145,-23.701],[142.16,-23.571],[142.397,-23.586],[142.395,-23.614],[142.457,-23.617],[142.455,-23.666],[142.878,-23.702],[142.887,-23.649],[142.809,-23.637],[142.852,-23.347],[142.906,-23.352],[142.923,-23.31],[142.946,-23.334],[143.07,-23.239],[142.979,-23.137],[143.006,-22.989],[143.108,-22.997],[143.243,-22.89],[143.299,-22.723],[143.397,-22.729],[143.4,-22.67],[143.48,-22.672],[143.632,-22.558],[143.585,-22.483],[143.833,-22.315],[143.844,-22.203],[144.166,-22.224],[144.16,-22.297],[144.304,-22.307],[144.319,-22.346],[144.357,-22.349],[144.501,-22.186],[144.502,-22.165],[144.398,-22.157],[144.417,-22.062],[144.268,-22.048],[144.263,-21.997],[144.18,-21.99],[144.188,-21.908],[144.039,-21.895],[144.045,-21.83],[143.631,-21.797],[143.649,-21.641],[143.329,-21.612],[143.36,-21.322],[143.188,-21.309],[142.862,-21.545],[142.815,-21.493],[142.694,-21.588],[142.718,-21.615],[142.651,-21.667],[142.657,-21.61],[142.496,-21.598],[142.491,-21.644],[142.333,-21.636],[142.335,-21.607],[142.228,-21.596],[142.232,-21.551],[142.072,-21.541],[142.049,-21.816],[141.939,-21.807]]]},"properties":{"lga_name":"Winton","lga_code":"37400"}},{"type":"Feature","geometry":{"type":"MultiPolygon","coordinates":[[[[149.351,-24.2],[149.382,-24.24],[149.494,-24.178],[149.495,-23.988],[149.351,-24.2]]],[[[149.403,-24.622],[149.371,-24.592],[149.376,-24.612],[149.322,-24.604],[149.325,-24.634],[149.403,-24.622]]],[[[149.76,-23.676],[149.764,-23.637],[149.716,-23.631],[149.718,-23.669],[149.76,-23.676]]],[[[149.527,-23.563],[149.532,-23.527],[149.503,-23.523],[149.497,-23.56],[149.527,-23.563]]],[[[149.725,-23.529],[149.758,-23.475],[149.727,-23.427],[149.614,-23.457],[149.62,-23.511],[149.725,-23.529]]]]},"properties":{"lga_name":"Woorabinda","lga_code":"37550"}},{"type":"Feature","geometry":{"type":"Polygon","coordinates":[[[145.316,-15.946],[145.287,-15.993],[145.342,-15.96],[145.316,-15.946]]]},"properties":{"lga_name":"Wujal Wujal","lga_code":"37570"}},{"type":"Feature","geometry":{"type":"MultiPolygon","coordinates":[[[[145.862,-16.894],[145.837,-16.898],[145.863,-17.057],[145.925,-17.165],[145.965,-17.17],[145.889,-17.056],[145.958,-16.897],[145.919,-16.864],[145.906,-16.897],[145.862,-16.894]]],[[[145.901,-16.994],[145.902,-16.994],[145.901,-16.994],[145.901,-16.994]]],[[[145.896,-16.885],[145.894,-16.883],[145.896,-16.887],[145.896,-16.885]]]]},"properties":{"lga_name":"Yarrabah","lga_code":"37600"}},{"type":"Feature","geometry":null,"properties":{"shape":null,"lga_name":"No usual address (Qld)","lga_code":"39499"}},{"type":"Feature","geometry":null,"properties":{"shape":null,"lga_name":"Migratory - Offshore - Shipping (Qld)","lga_code":"39799"}}]}